time,t_cmip6
1995-01-01 12:00:00,-3.7997131
1995-01-02 12:00:00,-7.4466248
1995-01-03 12:00:00,-7.653137
1995-01-04 12:00:00,-5.104645
1995-01-05 12:00:00,-4.841217
1995-01-06 12:00:00,-4.8520813
1995-01-07 12:00:00,-2.0151367
1995-01-08 12:00:00,-3.0002747
1995-01-09 12:00:00,-5.89328
1995-01-10 12:00:00,-3.9895935
1995-01-11 12:00:00,-3.4706116
1995-01-12 12:00:00,-10.512329
1995-01-13 12:00:00,-6.60791
1995-01-14 12:00:00,-0.6997986
1995-01-15 12:00:00,-2.7827454
1995-01-16 12:00:00,-7.7342224
1995-01-17 12:00:00,-6.3136597
1995-01-18 12:00:00,-1.7351379
1995-01-19 12:00:00,-2.3830261
1995-01-20 12:00:00,-4.3158875
1995-01-21 12:00:00,3.5074463
1995-01-22 12:00:00,-6.3216553
1995-01-23 12:00:00,-7.782379
1995-01-24 12:00:00,-7.54245
1995-01-25 12:00:00,-2.8390808
1995-01-26 12:00:00,0.1350708
1995-01-27 12:00:00,0.55511475
1995-01-28 12:00:00,-0.69644165
1995-01-29 12:00:00,-3.877777
1995-01-30 12:00:00,-7.4150085
1995-01-31 12:00:00,-7.572052
1995-02-01 12:00:00,-8.509674
1995-02-02 12:00:00,-8.255646
1995-02-03 12:00:00,-8.810638
1995-02-04 12:00:00,-0.25985718
1995-02-05 12:00:00,1.1605225
1995-02-06 12:00:00,2.294342
1995-02-07 12:00:00,6.5280457
1995-02-08 12:00:00,2.5144348
1995-02-09 12:00:00,-1.391571
1995-02-10 12:00:00,-4.202118
1995-02-11 12:00:00,3.8958435
1995-02-12 12:00:00,5.618683
1995-02-13 12:00:00,-3.6620178
1995-02-14 12:00:00,-5.54126
1995-02-15 12:00:00,-4.884033
1995-02-16 12:00:00,-7.09494
1995-02-17 12:00:00,-9.593109
1995-02-18 12:00:00,-10.587738
1995-02-19 12:00:00,-10.337769
1995-02-20 12:00:00,-7.220581
1995-02-21 12:00:00,-5.9510193
1995-02-22 12:00:00,-6.608795
1995-02-23 12:00:00,-5.067108
1995-02-24 12:00:00,-4.328888
1995-02-25 12:00:00,-3.6562195
1995-02-26 12:00:00,-5.3573914
1995-02-27 12:00:00,-4.2948914
1995-02-28 12:00:00,-4.193451
1995-03-01 12:00:00,-4.978546
1995-03-02 12:00:00,-6.5088196
1995-03-03 12:00:00,-4.1646423
1995-03-04 12:00:00,5.577667
1995-03-05 12:00:00,11.040436
1995-03-06 12:00:00,7.089081
1995-03-07 12:00:00,5.235382
1995-03-08 12:00:00,4.4038696
1995-03-09 12:00:00,-7.5311584
1995-03-10 12:00:00,-9.169403
1995-03-11 12:00:00,-4.7599792
1995-03-12 12:00:00,-3.013733
1995-03-13 12:00:00,-1.9578552
1995-03-14 12:00:00,4.654724
1995-03-15 12:00:00,6.11026
1995-03-16 12:00:00,1.2836609
1995-03-17 12:00:00,-0.04901123
1995-03-18 12:00:00,8.19162
1995-03-19 12:00:00,4.078369
1995-03-20 12:00:00,6.355011
1995-03-21 12:00:00,10.095917
1995-03-22 12:00:00,5.165924
1995-03-23 12:00:00,6.49234
1995-03-24 12:00:00,7.72348
1995-03-25 12:00:00,-0.38735962
1995-03-26 12:00:00,3.8877258
1995-03-27 12:00:00,5.924347
1995-03-28 12:00:00,8.3160095
1995-03-29 12:00:00,6.8036804
1995-03-30 12:00:00,2.1999512
1995-03-31 12:00:00,6.611969
1995-04-01 12:00:00,6.6545715
1995-04-02 12:00:00,6.129486
1995-04-03 12:00:00,9.831421
1995-04-04 12:00:00,9.683075
1995-04-05 12:00:00,3.515442
1995-04-06 12:00:00,4.411316
1995-04-07 12:00:00,8.108063
1995-04-08 12:00:00,12.915375
1995-04-09 12:00:00,1.723999
1995-04-10 12:00:00,3.6555176
1995-04-11 12:00:00,7.2676697
1995-04-12 12:00:00,8.078339
1995-04-13 12:00:00,12.712738
1995-04-14 12:00:00,13.074158
1995-04-15 12:00:00,14.887024
1995-04-16 12:00:00,6.111969
1995-04-17 12:00:00,5.217865
1995-04-18 12:00:00,9.291382
1995-04-19 12:00:00,6.395294
1995-04-20 12:00:00,12.639099
1995-04-21 12:00:00,15.244507
1995-04-22 12:00:00,16.2742
1995-04-23 12:00:00,9.713043
1995-04-24 12:00:00,6.2600403
1995-04-25 12:00:00,10.992828
1995-04-26 12:00:00,11.956024
1995-04-27 12:00:00,9.926666
1995-04-28 12:00:00,10.210907
1995-04-29 12:00:00,11.288239
1995-04-30 12:00:00,14.540192
1995-05-01 12:00:00,13.855194
1995-05-02 12:00:00,15.283966
1995-05-03 12:00:00,11.868317
1995-05-04 12:00:00,10.719116
1995-05-05 12:00:00,13.024261
1995-05-06 12:00:00,15.210114
1995-05-07 12:00:00,18.612091
1995-05-08 12:00:00,18.534882
1995-05-09 12:00:00,16.0513
1995-05-10 12:00:00,10.238068
1995-05-11 12:00:00,8.979187
1995-05-12 12:00:00,10.549896
1995-05-13 12:00:00,11.647675
1995-05-14 12:00:00,15.082581
1995-05-15 12:00:00,17.813873
1995-05-16 12:00:00,17.219055
1995-05-17 12:00:00,17.413727
1995-05-18 12:00:00,15.3489685
1995-05-19 12:00:00,17.216888
1995-05-20 12:00:00,19.456146
1995-05-21 12:00:00,14.950439
1995-05-22 12:00:00,13.676758
1995-05-23 12:00:00,15.669281
1995-05-24 12:00:00,12.445343
1995-05-25 12:00:00,13.689789
1995-05-26 12:00:00,13.605255
1995-05-27 12:00:00,16.319794
1995-05-28 12:00:00,19.676117
1995-05-29 12:00:00,19.256714
1995-05-30 12:00:00,17.197266
1995-05-31 12:00:00,15.188263
1995-06-01 12:00:00,14.626495
1995-06-02 12:00:00,19.385284
1995-06-03 12:00:00,16.765839
1995-06-04 12:00:00,16.491577
1995-06-05 12:00:00,18.307953
1995-06-06 12:00:00,14.18985
1995-06-07 12:00:00,14.8461
1995-06-08 12:00:00,16.769073
1995-06-09 12:00:00,18.406433
1995-06-10 12:00:00,19.758514
1995-06-11 12:00:00,18.46402
1995-06-12 12:00:00,20.654724
1995-06-13 12:00:00,21.367157
1995-06-14 12:00:00,21.578705
1995-06-15 12:00:00,20.125824
1995-06-16 12:00:00,19.364166
1995-06-17 12:00:00,21.80838
1995-06-18 12:00:00,20.693329
1995-06-19 12:00:00,20.403412
1995-06-20 12:00:00,20.465607
1995-06-21 12:00:00,16.474823
1995-06-22 12:00:00,15.272461
1995-06-23 12:00:00,15.513641
1995-06-24 12:00:00,16.516754
1995-06-25 12:00:00,15.978241
1995-06-26 12:00:00,16.449066
1995-06-27 12:00:00,18.658966
1995-06-28 12:00:00,19.878326
1995-06-29 12:00:00,19.729523
1995-06-30 12:00:00,20.26242
1995-07-01 12:00:00,20.607086
1995-07-02 12:00:00,21.409943
1995-07-03 12:00:00,21.16092
1995-07-04 12:00:00,21.400787
1995-07-05 12:00:00,20.532745
1995-07-06 12:00:00,19.262665
1995-07-07 12:00:00,20.46347
1995-07-08 12:00:00,21.074127
1995-07-09 12:00:00,21.885468
1995-07-10 12:00:00,20.779663
1995-07-11 12:00:00,20.07306
1995-07-12 12:00:00,20.907562
1995-07-13 12:00:00,21.144806
1995-07-14 12:00:00,21.667267
1995-07-15 12:00:00,23.070038
1995-07-16 12:00:00,20.549622
1995-07-17 12:00:00,20.832489
1995-07-18 12:00:00,20.164886
1995-07-19 12:00:00,21.586761
1995-07-20 12:00:00,21.670715
1995-07-21 12:00:00,22.26419
1995-07-22 12:00:00,22.34024
1995-07-23 12:00:00,22.5484
1995-07-24 12:00:00,24.126709
1995-07-25 12:00:00,23.207855
1995-07-26 12:00:00,21.093872
1995-07-27 12:00:00,23.263947
1995-07-28 12:00:00,25.709747
1995-07-29 12:00:00,24.878143
1995-07-30 12:00:00,24.738647
1995-07-31 12:00:00,21.864532
1995-08-01 12:00:00,19.162872
1995-08-02 12:00:00,21.28012
1995-08-03 12:00:00,21.532928
1995-08-04 12:00:00,19.55893
1995-08-05 12:00:00,18.812225
1995-08-06 12:00:00,24.480804
1995-08-07 12:00:00,22.929565
1995-08-08 12:00:00,21.662598
1995-08-09 12:00:00,18.37265
1995-08-10 12:00:00,19.32013
1995-08-11 12:00:00,18.679413
1995-08-12 12:00:00,19.185425
1995-08-13 12:00:00,19.810333
1995-08-14 12:00:00,23.53894
1995-08-15 12:00:00,22.077118
1995-08-16 12:00:00,22.682037
1995-08-17 12:00:00,23.507019
1995-08-18 12:00:00,22.701508
1995-08-19 12:00:00,23.395233
1995-08-20 12:00:00,21.131989
1995-08-21 12:00:00,15.238312
1995-08-22 12:00:00,15.119141
1995-08-23 12:00:00,15.621979
1995-08-24 12:00:00,16.874146
1995-08-25 12:00:00,19.45224
1995-08-26 12:00:00,22.011017
1995-08-27 12:00:00,20.397736
1995-08-28 12:00:00,19.530853
1995-08-29 12:00:00,20.274994
1995-08-30 12:00:00,19.22293
1995-08-31 12:00:00,18.068695
1995-09-01 12:00:00,19.247986
1995-09-02 12:00:00,18.37497
1995-09-03 12:00:00,16.153748
1995-09-04 12:00:00,18.678864
1995-09-05 12:00:00,20.841522
1995-09-06 12:00:00,22.790741
1995-09-07 12:00:00,23.004272
1995-09-08 12:00:00,21.718231
1995-09-09 12:00:00,20.741241
1995-09-10 12:00:00,20.570648
1995-09-11 12:00:00,19.299683
1995-09-12 12:00:00,20.652191
1995-09-13 12:00:00,20.968231
1995-09-14 12:00:00,18.52243
1995-09-15 12:00:00,15.904907
1995-09-16 12:00:00,15.27005
1995-09-17 12:00:00,15.530457
1995-09-18 12:00:00,19.250336
1995-09-19 12:00:00,22.911713
1995-09-20 12:00:00,21.027924
1995-09-21 12:00:00,13.595276
1995-09-22 12:00:00,10.975494
1995-09-23 12:00:00,10.298004
1995-09-24 12:00:00,12.797638
1995-09-25 12:00:00,11.998016
1995-09-26 12:00:00,10.433868
1995-09-27 12:00:00,10.9776
1995-09-28 12:00:00,13.9374695
1995-09-29 12:00:00,15.690002
1995-09-30 12:00:00,16.871063
1995-10-01 12:00:00,18.77652
1995-10-02 12:00:00,19.69934
1995-10-03 12:00:00,19.409882
1995-10-04 12:00:00,18.701233
1995-10-05 12:00:00,11.796417
1995-10-06 12:00:00,13.921387
1995-10-07 12:00:00,17.191833
1995-10-08 12:00:00,11.329987
1995-10-09 12:00:00,9.48819
1995-10-10 12:00:00,11.117859
1995-10-11 12:00:00,13.584747
1995-10-12 12:00:00,15.29953
1995-10-13 12:00:00,14.260956
1995-10-14 12:00:00,10.440704
1995-10-15 12:00:00,9.737396
1995-10-16 12:00:00,8.018829
1995-10-17 12:00:00,7.4053345
1995-10-18 12:00:00,8.320343
1995-10-19 12:00:00,8.8414
1995-10-20 12:00:00,7.5038147
1995-10-21 12:00:00,7.6164246
1995-10-22 12:00:00,5.911957
1995-10-23 12:00:00,6.906891
1995-10-24 12:00:00,10.187103
1995-10-25 12:00:00,12.440399
1995-10-26 12:00:00,12.237762
1995-10-27 12:00:00,9.435211
1995-10-28 12:00:00,7.4847107
1995-10-29 12:00:00,7.269745
1995-10-30 12:00:00,6.334198
1995-10-31 12:00:00,12.256561
1995-11-01 12:00:00,8.895111
1995-11-02 12:00:00,11.923492
1995-11-03 12:00:00,16.210052
1995-11-04 12:00:00,14.911774
1995-11-05 12:00:00,2.4965515
1995-11-06 12:00:00,2.6108704
1995-11-07 12:00:00,7.165985
1995-11-08 12:00:00,11.467682
1995-11-09 12:00:00,11.279205
1995-11-10 12:00:00,5.7553406
1995-11-11 12:00:00,4.231842
1995-11-12 12:00:00,2.1484375
1995-11-13 12:00:00,14.2916565
1995-11-14 12:00:00,9.044708
1995-11-15 12:00:00,15.558197
1995-11-16 12:00:00,6.6285706
1995-11-17 12:00:00,2.9204407
1995-11-18 12:00:00,4.806366
1995-11-19 12:00:00,6.882904
1995-11-20 12:00:00,4.8205566
1995-11-21 12:00:00,7.346588
1995-11-22 12:00:00,2.4189453
1995-11-23 12:00:00,-1.3177185
1995-11-24 12:00:00,1.3559875
1995-11-25 12:00:00,-1.0185242
1995-11-26 12:00:00,-1.7842712
1995-11-27 12:00:00,0.10922241
1995-11-28 12:00:00,0.20956421
1995-11-29 12:00:00,0.54330444
1995-11-30 12:00:00,4.9303894
1995-12-01 12:00:00,-0.13742065
1995-12-02 12:00:00,-2.019928
1995-12-03 12:00:00,4.6025085
1995-12-04 12:00:00,-3.1662292
1995-12-05 12:00:00,-7.7254944
1995-12-06 12:00:00,-6.710724
1995-12-07 12:00:00,-4.15152
1995-12-08 12:00:00,-2.3799133
1995-12-09 12:00:00,-3.063507
1995-12-10 12:00:00,0.673584
1995-12-11 12:00:00,5.0448
1995-12-12 12:00:00,-1.3232117
1995-12-13 12:00:00,4.411438
1995-12-14 12:00:00,0.60543823
1995-12-15 12:00:00,2.2841187
1995-12-16 12:00:00,-10.036255
1995-12-17 12:00:00,-13.080994
1995-12-18 12:00:00,-9.544556
1995-12-19 12:00:00,-7.841522
1995-12-20 12:00:00,-5.8471375
1995-12-21 12:00:00,-1.0751343
1995-12-22 12:00:00,3.321045
1995-12-23 12:00:00,-3.2952576
1995-12-24 12:00:00,-3.808258
1995-12-25 12:00:00,-11.738739
1995-12-26 12:00:00,-5.388855
1995-12-27 12:00:00,-13.132904
1995-12-28 12:00:00,-7.464386
1995-12-29 12:00:00,-10.992065
1995-12-30 12:00:00,-14.113617
1995-12-31 12:00:00,-17.00534
1996-01-01 12:00:00,-5.378418
1996-01-02 12:00:00,0.68292236
1996-01-03 12:00:00,0.6141052
1996-01-04 12:00:00,4.163849
1996-01-05 12:00:00,5.7211
1996-01-06 12:00:00,2.858429
1996-01-07 12:00:00,-0.589447
1996-01-08 12:00:00,-1.7403259
1996-01-09 12:00:00,-4.0188904
1996-01-10 12:00:00,-6.979828
1996-01-11 12:00:00,-2.3334656
1996-01-12 12:00:00,-0.18569946
1996-01-13 12:00:00,-12.285126
1996-01-14 12:00:00,-15.083801
1996-01-15 12:00:00,-12.503937
1996-01-16 12:00:00,-8.396881
1996-01-17 12:00:00,0.65219116
1996-01-18 12:00:00,4.7097473
1996-01-19 12:00:00,-2.8699646
1996-01-20 12:00:00,-7.7757874
1996-01-21 12:00:00,-7.212677
1996-01-22 12:00:00,-6.6645813
1996-01-23 12:00:00,-3.7414246
1996-01-24 12:00:00,-4.6271667
1996-01-25 12:00:00,1.1073914
1996-01-26 12:00:00,1.6335144
1996-01-27 12:00:00,-15.045013
1996-01-28 12:00:00,-14.270752
1996-01-29 12:00:00,-4.698639
1996-01-30 12:00:00,-8.371582
1996-01-31 12:00:00,-9.0060425
1996-02-01 12:00:00,-9.887482
1996-02-02 12:00:00,-5.1018066
1996-02-03 12:00:00,-12.950775
1996-02-04 12:00:00,-8.478485
1996-02-05 12:00:00,0.5727844
1996-02-06 12:00:00,-1.2374573
1996-02-07 12:00:00,-2.8118591
1996-02-08 12:00:00,-4.989685
1996-02-09 12:00:00,1.3345337
1996-02-10 12:00:00,-4.1507263
1996-02-11 12:00:00,-2.3858948
1996-02-12 12:00:00,-0.7158203
1996-02-13 12:00:00,2.1504517
1996-02-14 12:00:00,-3.8127747
1996-02-15 12:00:00,0.61013794
1996-02-16 12:00:00,11.889496
1996-02-17 12:00:00,2.8891907
1996-02-18 12:00:00,-4.221527
1996-02-19 12:00:00,-0.45932007
1996-02-20 12:00:00,-0.029571533
1996-02-21 12:00:00,-10.703217
1996-02-22 12:00:00,-8.052521
1996-02-23 12:00:00,-9.913666
1996-02-24 12:00:00,1.4476013
1996-02-25 12:00:00,-5.139801
1996-02-26 12:00:00,-7.0870056
1996-02-27 12:00:00,-5.2046814
1996-02-28 12:00:00,5.3885803
1996-02-29 12:00:00,2.259552
1996-03-01 12:00:00,-4.3246155
1996-03-02 12:00:00,-8.643951
1996-03-03 12:00:00,-6.966858
1996-03-04 12:00:00,-4.6304626
1996-03-05 12:00:00,-0.4230652
1996-03-06 12:00:00,4.958832
1996-03-07 12:00:00,4.9674377
1996-03-08 12:00:00,4.4622498
1996-03-09 12:00:00,5.9266357
1996-03-10 12:00:00,10.951019
1996-03-11 12:00:00,7.110199
1996-03-12 12:00:00,1.7674866
1996-03-13 12:00:00,-2.6228943
1996-03-14 12:00:00,-3.5329285
1996-03-15 12:00:00,-1.119812
1996-03-16 12:00:00,-0.8207092
1996-03-17 12:00:00,-1.3516846
1996-03-18 12:00:00,0.27230835
1996-03-19 12:00:00,2.9447327
1996-03-20 12:00:00,2.5444336
1996-03-21 12:00:00,-0.71450806
1996-03-22 12:00:00,-8.398987
1996-03-23 12:00:00,-2.1039124
1996-03-24 12:00:00,-1.4931946
1996-03-25 12:00:00,-6.845001
1996-03-26 12:00:00,-3.6253052
1996-03-27 12:00:00,0.5458069
1996-03-28 12:00:00,1.07724
1996-03-29 12:00:00,7.5243225
1996-03-30 12:00:00,12.927673
1996-03-31 12:00:00,12.670868
1996-04-01 12:00:00,12.474487
1996-04-02 12:00:00,9.972321
1996-04-03 12:00:00,4.7812195
1996-04-04 12:00:00,4.051056
1996-04-05 12:00:00,5.6854553
1996-04-06 12:00:00,8.850189
1996-04-07 12:00:00,4.3613586
1996-04-08 12:00:00,1.6749573
1996-04-09 12:00:00,1.2711182
1996-04-10 12:00:00,3.0328674
1996-04-11 12:00:00,5.1181946
1996-04-12 12:00:00,3.672821
1996-04-13 12:00:00,0.14642334
1996-04-14 12:00:00,3.2875977
1996-04-15 12:00:00,4.806183
1996-04-16 12:00:00,4.349762
1996-04-17 12:00:00,4.3260803
1996-04-18 12:00:00,5.0681458
1996-04-19 12:00:00,7.8906555
1996-04-20 12:00:00,8.97464
1996-04-21 12:00:00,10.596161
1996-04-22 12:00:00,10.002472
1996-04-23 12:00:00,12.067596
1996-04-24 12:00:00,15.623932
1996-04-25 12:00:00,17.824036
1996-04-26 12:00:00,14.743103
1996-04-27 12:00:00,9.143707
1996-04-28 12:00:00,7.608185
1996-04-29 12:00:00,12.215424
1996-04-30 12:00:00,13.404633
1996-05-01 12:00:00,17.71634
1996-05-02 12:00:00,18.210968
1996-05-03 12:00:00,14.94754
1996-05-04 12:00:00,11.79837
1996-05-05 12:00:00,9.389221
1996-05-06 12:00:00,11.220123
1996-05-07 12:00:00,15.994873
1996-05-08 12:00:00,19.30307
1996-05-09 12:00:00,16.468506
1996-05-10 12:00:00,14.834808
1996-05-11 12:00:00,18.899994
1996-05-12 12:00:00,20.527985
1996-05-13 12:00:00,13.283997
1996-05-14 12:00:00,12.945282
1996-05-15 12:00:00,14.5972595
1996-05-16 12:00:00,16.73645
1996-05-17 12:00:00,17.31012
1996-05-18 12:00:00,18.225616
1996-05-19 12:00:00,16.85028
1996-05-20 12:00:00,17.279938
1996-05-21 12:00:00,17.672882
1996-05-22 12:00:00,16.973785
1996-05-23 12:00:00,16.720673
1996-05-24 12:00:00,15.162323
1996-05-25 12:00:00,10.887665
1996-05-26 12:00:00,9.966888
1996-05-27 12:00:00,12.451813
1996-05-28 12:00:00,15.479095
1996-05-29 12:00:00,17.57843
1996-05-30 12:00:00,15.777435
1996-05-31 12:00:00,16.789276
1996-06-01 12:00:00,18.345245
1996-06-02 12:00:00,16.401947
1996-06-03 12:00:00,14.060638
1996-06-04 12:00:00,19.167511
1996-06-05 12:00:00,21.244293
1996-06-06 12:00:00,21.228882
1996-06-07 12:00:00,21.009735
1996-06-08 12:00:00,20.900208
1996-06-09 12:00:00,19.354034
1996-06-10 12:00:00,17.843903
1996-06-11 12:00:00,18.206787
1996-06-12 12:00:00,18.851166
1996-06-13 12:00:00,17.477844
1996-06-14 12:00:00,18.641571
1996-06-15 12:00:00,20.117493
1996-06-16 12:00:00,20.638947
1996-06-17 12:00:00,23.238434
1996-06-18 12:00:00,22.734833
1996-06-19 12:00:00,22.90506
1996-06-20 12:00:00,18.861725
1996-06-21 12:00:00,19.61139
1996-06-22 12:00:00,20.839813
1996-06-23 12:00:00,21.60971
1996-06-24 12:00:00,24.102814
1996-06-25 12:00:00,23.686768
1996-06-26 12:00:00,19.825531
1996-06-27 12:00:00,17.944733
1996-06-28 12:00:00,21.978668
1996-06-29 12:00:00,24.452301
1996-06-30 12:00:00,25.267517
1996-07-01 12:00:00,23.606049
1996-07-02 12:00:00,21.586334
1996-07-03 12:00:00,19.366974
1996-07-04 12:00:00,19.410034
1996-07-05 12:00:00,19.025146
1996-07-06 12:00:00,22.55539
1996-07-07 12:00:00,24.289642
1996-07-08 12:00:00,23.5112
1996-07-09 12:00:00,20.813904
1996-07-10 12:00:00,20.916473
1996-07-11 12:00:00,18.510468
1996-07-12 12:00:00,17.820526
1996-07-13 12:00:00,20.081696
1996-07-14 12:00:00,19.823334
1996-07-15 12:00:00,20.30664
1996-07-16 12:00:00,20.629486
1996-07-17 12:00:00,21.489227
1996-07-18 12:00:00,21.475586
1996-07-19 12:00:00,21.079987
1996-07-20 12:00:00,21.13617
1996-07-21 12:00:00,21.899292
1996-07-22 12:00:00,21.52127
1996-07-23 12:00:00,20.294464
1996-07-24 12:00:00,20.723969
1996-07-25 12:00:00,21.988312
1996-07-26 12:00:00,22.756866
1996-07-27 12:00:00,24.26529
1996-07-28 12:00:00,23.942871
1996-07-29 12:00:00,23.12146
1996-07-30 12:00:00,22.645721
1996-07-31 12:00:00,22.94635
1996-08-01 12:00:00,21.26184
1996-08-02 12:00:00,20.606842
1996-08-03 12:00:00,23.051208
1996-08-04 12:00:00,23.908356
1996-08-05 12:00:00,24.894562
1996-08-06 12:00:00,25.767822
1996-08-07 12:00:00,25.458405
1996-08-08 12:00:00,23.437378
1996-08-09 12:00:00,23.505493
1996-08-10 12:00:00,23.028717
1996-08-11 12:00:00,25.094421
1996-08-12 12:00:00,26.707123
1996-08-13 12:00:00,26.825226
1996-08-14 12:00:00,25.79663
1996-08-15 12:00:00,23.490448
1996-08-16 12:00:00,23.957092
1996-08-17 12:00:00,24.077454
1996-08-18 12:00:00,20.48175
1996-08-19 12:00:00,20.416168
1996-08-20 12:00:00,20.923798
1996-08-21 12:00:00,21.323792
1996-08-22 12:00:00,20.934845
1996-08-23 12:00:00,21.846466
1996-08-24 12:00:00,22.761078
1996-08-25 12:00:00,24.105225
1996-08-26 12:00:00,22.54364
1996-08-27 12:00:00,21.544037
1996-08-28 12:00:00,20.861847
1996-08-29 12:00:00,20.257355
1996-08-30 12:00:00,20.352814
1996-08-31 12:00:00,20.884186
1996-09-01 12:00:00,21.29663
1996-09-02 12:00:00,22.796478
1996-09-03 12:00:00,23.128143
1996-09-04 12:00:00,22.758331
1996-09-05 12:00:00,21.972565
1996-09-06 12:00:00,23.250885
1996-09-07 12:00:00,23.87384
1996-09-08 12:00:00,23.00763
1996-09-09 12:00:00,22.32193
1996-09-10 12:00:00,22.5896
1996-09-11 12:00:00,21.651459
1996-09-12 12:00:00,20.806183
1996-09-13 12:00:00,22.516693
1996-09-14 12:00:00,22.657806
1996-09-15 12:00:00,21.56073
1996-09-16 12:00:00,18.205902
1996-09-17 12:00:00,17.791718
1996-09-18 12:00:00,19.08136
1996-09-19 12:00:00,21.244446
1996-09-20 12:00:00,21.797974
1996-09-21 12:00:00,20.700165
1996-09-22 12:00:00,19.050323
1996-09-23 12:00:00,23.243958
1996-09-24 12:00:00,20.840118
1996-09-25 12:00:00,20.365906
1996-09-26 12:00:00,21.121948
1996-09-27 12:00:00,22.618164
1996-09-28 12:00:00,23.307587
1996-09-29 12:00:00,20.68216
1996-09-30 12:00:00,18.399078
1996-10-01 12:00:00,20.13733
1996-10-02 12:00:00,14.340118
1996-10-03 12:00:00,9.97525
1996-10-04 12:00:00,13.961395
1996-10-05 12:00:00,11.207306
1996-10-06 12:00:00,9.28183
1996-10-07 12:00:00,15.596039
1996-10-08 12:00:00,18.002289
1996-10-09 12:00:00,13.272797
1996-10-10 12:00:00,12.185638
1996-10-11 12:00:00,11.882721
1996-10-12 12:00:00,9.618408
1996-10-13 12:00:00,10.501465
1996-10-14 12:00:00,14.428711
1996-10-15 12:00:00,9.809601
1996-10-16 12:00:00,7.505829
1996-10-17 12:00:00,8.782379
1996-10-18 12:00:00,13.531128
1996-10-19 12:00:00,9.860077
1996-10-20 12:00:00,7.8517456
1996-10-21 12:00:00,13.000946
1996-10-22 12:00:00,15.415527
1996-10-23 12:00:00,6.024353
1996-10-24 12:00:00,4.8786316
1996-10-25 12:00:00,4.080719
1996-10-26 12:00:00,4.8139954
1996-10-27 12:00:00,4.671417
1996-10-28 12:00:00,5.7003174
1996-10-29 12:00:00,5.847992
1996-10-30 12:00:00,7.1142883
1996-10-31 12:00:00,9.338959
1996-11-01 12:00:00,6.59079
1996-11-02 12:00:00,8.518829
1996-11-03 12:00:00,12.1223755
1996-11-04 12:00:00,8.926788
1996-11-05 12:00:00,6.4558716
1996-11-06 12:00:00,6.891693
1996-11-07 12:00:00,11.337738
1996-11-08 12:00:00,10.85965
1996-11-09 12:00:00,2.2586365
1996-11-10 12:00:00,0.92129517
1996-11-11 12:00:00,2.2493591
1996-11-12 12:00:00,3.6457825
1996-11-13 12:00:00,5.8512573
1996-11-14 12:00:00,7.4615784
1996-11-15 12:00:00,5.327301
1996-11-16 12:00:00,2.5385437
1996-11-17 12:00:00,2.543274
1996-11-18 12:00:00,7.9374695
1996-11-19 12:00:00,3.8634644
1996-11-20 12:00:00,2.3131409
1996-11-21 12:00:00,-0.22518921
1996-11-22 12:00:00,-2.2097473
1996-11-23 12:00:00,1.1663818
1996-11-24 12:00:00,4.481537
1996-11-25 12:00:00,2.4039917
1996-11-26 12:00:00,0.74710083
1996-11-27 12:00:00,10.173126
1996-11-28 12:00:00,1.813324
1996-11-29 12:00:00,-0.6095886
1996-11-30 12:00:00,-2.5804443
1996-12-01 12:00:00,-3.1464539
1996-12-02 12:00:00,-2.30661
1996-12-03 12:00:00,1.6373596
1996-12-04 12:00:00,1.1686401
1996-12-05 12:00:00,-1.5939941
1996-12-06 12:00:00,3.1323547
1996-12-07 12:00:00,0.98153687
1996-12-08 12:00:00,-1.165863
1996-12-09 12:00:00,-7.918213
1996-12-10 12:00:00,-7.6893616
1996-12-11 12:00:00,-1.7082825
1996-12-12 12:00:00,-4.083954
1996-12-13 12:00:00,-3.6896667
1996-12-14 12:00:00,-6.7374268
1996-12-15 12:00:00,-6.3958435
1996-12-16 12:00:00,-3.65625
1996-12-17 12:00:00,-0.14523315
1996-12-18 12:00:00,-11.504272
1996-12-19 12:00:00,-10.250641
1996-12-20 12:00:00,-2.8501892
1996-12-21 12:00:00,-1.6145935
1996-12-22 12:00:00,-6.876251
1996-12-23 12:00:00,-4.7285156
1996-12-24 12:00:00,-1.7598572
1996-12-25 12:00:00,-8.603485
1996-12-26 12:00:00,-10.373596
1996-12-27 12:00:00,-8.4956665
1996-12-28 12:00:00,-10.543823
1996-12-29 12:00:00,-10.603088
1996-12-30 12:00:00,-5.5211487
1996-12-31 12:00:00,-9.358551
1997-01-01 12:00:00,-8.0815735
1997-01-02 12:00:00,0.40493774
1997-01-03 12:00:00,-9.686523
1997-01-04 12:00:00,-15.2447815
1997-01-05 12:00:00,-14.939484
1997-01-06 12:00:00,-10.526184
1997-01-07 12:00:00,-6.6843567
1997-01-08 12:00:00,-10.608368
1997-01-09 12:00:00,-10.384064
1997-01-10 12:00:00,-8.771454
1997-01-11 12:00:00,-1.9336853
1997-01-12 12:00:00,-0.51293945
1997-01-13 12:00:00,-5.926544
1997-01-14 12:00:00,-9.126404
1997-01-15 12:00:00,-6.6316833
1997-01-16 12:00:00,-0.63983154
1997-01-17 12:00:00,8.543091
1997-01-18 12:00:00,7.5606384
1997-01-19 12:00:00,0.9984741
1997-01-20 12:00:00,-4.7433777
1997-01-21 12:00:00,-1.3114929
1997-01-22 12:00:00,0.24649048
1997-01-23 12:00:00,-0.24490356
1997-01-24 12:00:00,-5.225952
1997-01-25 12:00:00,-2.5576477
1997-01-26 12:00:00,6.860626
1997-01-27 12:00:00,13.036102
1997-01-28 12:00:00,13.269531
1997-01-29 12:00:00,10.142151
1997-01-30 12:00:00,1.6204529
1997-01-31 12:00:00,3.4763489
1997-02-01 12:00:00,0.11734009
1997-02-02 12:00:00,3.0526428
1997-02-03 12:00:00,-3.124298
1997-02-04 12:00:00,2.686432
1997-02-05 12:00:00,-7.0293884
1997-02-06 12:00:00,-13.504303
1997-02-07 12:00:00,-12.52887
1997-02-08 12:00:00,-8.5448
1997-02-09 12:00:00,-6.837677
1997-02-10 12:00:00,-7.3384705
1997-02-11 12:00:00,-7.383148
1997-02-12 12:00:00,-5.6586914
1997-02-13 12:00:00,-11.840515
1997-02-14 12:00:00,-13.428619
1997-02-15 12:00:00,-9.79068
1997-02-16 12:00:00,-4.9804688
1997-02-17 12:00:00,-0.31411743
1997-02-18 12:00:00,-1.9142761
1997-02-19 12:00:00,0.17675781
1997-02-20 12:00:00,3.8019714
1997-02-21 12:00:00,6.1320496
1997-02-22 12:00:00,9.050262
1997-02-23 12:00:00,-1.28479
1997-02-24 12:00:00,-0.14395142
1997-02-25 12:00:00,-1.224884
1997-02-26 12:00:00,2.7937622
1997-02-27 12:00:00,0.069000244
1997-02-28 12:00:00,-2.7167053
1997-03-01 12:00:00,-2.419159
1997-03-02 12:00:00,1.1664429
1997-03-03 12:00:00,8.264618
1997-03-04 12:00:00,9.486481
1997-03-05 12:00:00,1.5369263
1997-03-06 12:00:00,0.8551941
1997-03-07 12:00:00,6.4058228
1997-03-08 12:00:00,-6.213196
1997-03-09 12:00:00,-8.475342
1997-03-10 12:00:00,-4.0917664
1997-03-11 12:00:00,-5.6037903
1997-03-12 12:00:00,-7.7167664
1997-03-13 12:00:00,-5.127777
1997-03-14 12:00:00,-2.1689148
1997-03-15 12:00:00,-1.3444519
1997-03-16 12:00:00,6.3227234
1997-03-17 12:00:00,9.473175
1997-03-18 12:00:00,13.030914
1997-03-19 12:00:00,-2.547638
1997-03-20 12:00:00,-3.3139343
1997-03-21 12:00:00,0.99017334
1997-03-22 12:00:00,2.9993591
1997-03-23 12:00:00,4.791107
1997-03-24 12:00:00,9.874115
1997-03-25 12:00:00,0.43704224
1997-03-26 12:00:00,1.1756897
1997-03-27 12:00:00,2.2986755
1997-03-28 12:00:00,-1.1806335
1997-03-29 12:00:00,-0.7991638
1997-03-30 12:00:00,6.37912
1997-03-31 12:00:00,10.141205
1997-04-01 12:00:00,13.331116
1997-04-02 12:00:00,8.251862
1997-04-03 12:00:00,11.980804
1997-04-04 12:00:00,16.637207
1997-04-05 12:00:00,11.771851
1997-04-06 12:00:00,16.254303
1997-04-07 12:00:00,16.31897
1997-04-08 12:00:00,18.95929
1997-04-09 12:00:00,8.231537
1997-04-10 12:00:00,10.056732
1997-04-11 12:00:00,11.594147
1997-04-12 12:00:00,8.4809265
1997-04-13 12:00:00,9.184723
1997-04-14 12:00:00,11.486786
1997-04-15 12:00:00,11.600555
1997-04-16 12:00:00,10.661713
1997-04-17 12:00:00,14.001312
1997-04-18 12:00:00,9.622986
1997-04-19 12:00:00,7.3926697
1997-04-20 12:00:00,8.362396
1997-04-21 12:00:00,10.989777
1997-04-22 12:00:00,11.619354
1997-04-23 12:00:00,10.412506
1997-04-24 12:00:00,9.352539
1997-04-25 12:00:00,10.017975
1997-04-26 12:00:00,10.126373
1997-04-27 12:00:00,10.597046
1997-04-28 12:00:00,7.99942
1997-04-29 12:00:00,8.566864
1997-04-30 12:00:00,10.964691
1997-05-01 12:00:00,17.35321
1997-05-02 12:00:00,14.651398
1997-05-03 12:00:00,12.065399
1997-05-04 12:00:00,12.349457
1997-05-05 12:00:00,13.380951
1997-05-06 12:00:00,15.05423
1997-05-07 12:00:00,15.671173
1997-05-08 12:00:00,18.09671
1997-05-09 12:00:00,20.936096
1997-05-10 12:00:00,18.129852
1997-05-11 12:00:00,16.06366
1997-05-12 12:00:00,16.878357
1997-05-13 12:00:00,17.26529
1997-05-14 12:00:00,17.207367
1997-05-15 12:00:00,20.174957
1997-05-16 12:00:00,20.950836
1997-05-17 12:00:00,23.396027
1997-05-18 12:00:00,24.382019
1997-05-19 12:00:00,20.385468
1997-05-20 12:00:00,17.37616
1997-05-21 12:00:00,21.194916
1997-05-22 12:00:00,19.370361
1997-05-23 12:00:00,15.346954
1997-05-24 12:00:00,13.460846
1997-05-25 12:00:00,13.608917
1997-05-26 12:00:00,13.010651
1997-05-27 12:00:00,13.714447
1997-05-28 12:00:00,15.048401
1997-05-29 12:00:00,14.138519
1997-05-30 12:00:00,15.724518
1997-05-31 12:00:00,17.455383
1997-06-01 12:00:00,18.854034
1997-06-02 12:00:00,18.055939
1997-06-03 12:00:00,23.111816
1997-06-04 12:00:00,20.91159
1997-06-05 12:00:00,18.061615
1997-06-06 12:00:00,16.090271
1997-06-07 12:00:00,17.126587
1997-06-08 12:00:00,18.95044
1997-06-09 12:00:00,18.242432
1997-06-10 12:00:00,21.309631
1997-06-11 12:00:00,24.000336
1997-06-12 12:00:00,20.144318
1997-06-13 12:00:00,21.448914
1997-06-14 12:00:00,23.734344
1997-06-15 12:00:00,23.53537
1997-06-16 12:00:00,24.35434
1997-06-17 12:00:00,25.217896
1997-06-18 12:00:00,24.028961
1997-06-19 12:00:00,20.552704
1997-06-20 12:00:00,20.069458
1997-06-21 12:00:00,20.163086
1997-06-22 12:00:00,21.800507
1997-06-23 12:00:00,23.997894
1997-06-24 12:00:00,22.27359
1997-06-25 12:00:00,22.742462
1997-06-26 12:00:00,22.175018
1997-06-27 12:00:00,25.276276
1997-06-28 12:00:00,28.231476
1997-06-29 12:00:00,29.77945
1997-06-30 12:00:00,28.838623
1997-07-01 12:00:00,25.845703
1997-07-02 12:00:00,24.439575
1997-07-03 12:00:00,22.458313
1997-07-04 12:00:00,20.043915
1997-07-05 12:00:00,18.75534
1997-07-06 12:00:00,20.324097
1997-07-07 12:00:00,22.450653
1997-07-08 12:00:00,23.71872
1997-07-09 12:00:00,25.855927
1997-07-10 12:00:00,24.925568
1997-07-11 12:00:00,22.009857
1997-07-12 12:00:00,22.931732
1997-07-13 12:00:00,24.606598
1997-07-14 12:00:00,24.06137
1997-07-15 12:00:00,22.47287
1997-07-16 12:00:00,23.156769
1997-07-17 12:00:00,24.26883
1997-07-18 12:00:00,27.35794
1997-07-19 12:00:00,25.906342
1997-07-20 12:00:00,24.163605
1997-07-21 12:00:00,24.421356
1997-07-22 12:00:00,23.551361
1997-07-23 12:00:00,24.30661
1997-07-24 12:00:00,24.807465
1997-07-25 12:00:00,24.100555
1997-07-26 12:00:00,24.410217
1997-07-27 12:00:00,22.644318
1997-07-28 12:00:00,23.328583
1997-07-29 12:00:00,22.515656
1997-07-30 12:00:00,24.162994
1997-07-31 12:00:00,25.220184
1997-08-01 12:00:00,25.37857
1997-08-02 12:00:00,25.693512
1997-08-03 12:00:00,24.294159
1997-08-04 12:00:00,22.49643
1997-08-05 12:00:00,26.528717
1997-08-06 12:00:00,22.352844
1997-08-07 12:00:00,19.940704
1997-08-08 12:00:00,19.79599
1997-08-09 12:00:00,20.666107
1997-08-10 12:00:00,21.662567
1997-08-11 12:00:00,22.736328
1997-08-12 12:00:00,25.059326
1997-08-13 12:00:00,26.265106
1997-08-14 12:00:00,26.993378
1997-08-15 12:00:00,27.19925
1997-08-16 12:00:00,25.618988
1997-08-17 12:00:00,25.073395
1997-08-18 12:00:00,25.66391
1997-08-19 12:00:00,26.299774
1997-08-20 12:00:00,27.331146
1997-08-21 12:00:00,27.606018
1997-08-22 12:00:00,27.66446
1997-08-23 12:00:00,27.067902
1997-08-24 12:00:00,24.00534
1997-08-25 12:00:00,24.237122
1997-08-26 12:00:00,24.985626
1997-08-27 12:00:00,23.93747
1997-08-28 12:00:00,28.347504
1997-08-29 12:00:00,21.27591
1997-08-30 12:00:00,16.011353
1997-08-31 12:00:00,18.868317
1997-09-01 12:00:00,19.534912
1997-09-02 12:00:00,18.83139
1997-09-03 12:00:00,20.066437
1997-09-04 12:00:00,21.424438
1997-09-05 12:00:00,23.337158
1997-09-06 12:00:00,24.688263
1997-09-07 12:00:00,23.959717
1997-09-08 12:00:00,19.04123
1997-09-09 12:00:00,18.602325
1997-09-10 12:00:00,20.207489
1997-09-11 12:00:00,21.647552
1997-09-12 12:00:00,22.294525
1997-09-13 12:00:00,21.56134
1997-09-14 12:00:00,20.492798
1997-09-15 12:00:00,17.96048
1997-09-16 12:00:00,19.70987
1997-09-17 12:00:00,21.55542
1997-09-18 12:00:00,23.589203
1997-09-19 12:00:00,24.240387
1997-09-20 12:00:00,24.4357
1997-09-21 12:00:00,14.081604
1997-09-22 12:00:00,12.906586
1997-09-23 12:00:00,15.39978
1997-09-24 12:00:00,18.831879
1997-09-25 12:00:00,20.26831
1997-09-26 12:00:00,22.865662
1997-09-27 12:00:00,18.148193
1997-09-28 12:00:00,18.341064
1997-09-29 12:00:00,18.496552
1997-09-30 12:00:00,18.958893
1997-10-01 12:00:00,14.454559
1997-10-02 12:00:00,10.990265
1997-10-03 12:00:00,13.780457
1997-10-04 12:00:00,15.318878
1997-10-05 12:00:00,18.384674
1997-10-06 12:00:00,21.315826
1997-10-07 12:00:00,19.09964
1997-10-08 12:00:00,16.014679
1997-10-09 12:00:00,15.864502
1997-10-10 12:00:00,14.044037
1997-10-11 12:00:00,15.27536
1997-10-12 12:00:00,14.640717
1997-10-13 12:00:00,12.061096
1997-10-14 12:00:00,11.89917
1997-10-15 12:00:00,15.756378
1997-10-16 12:00:00,16.380463
1997-10-17 12:00:00,16.90744
1997-10-18 12:00:00,17.980682
1997-10-19 12:00:00,19.756042
1997-10-20 12:00:00,16.337067
1997-10-21 12:00:00,10.628082
1997-10-22 12:00:00,12.491211
1997-10-23 12:00:00,13.683685
1997-10-24 12:00:00,15.505127
1997-10-25 12:00:00,18.387543
1997-10-26 12:00:00,19.666504
1997-10-27 12:00:00,20.707
1997-10-28 12:00:00,17.316742
1997-10-29 12:00:00,16.007751
1997-10-30 12:00:00,13.631622
1997-10-31 12:00:00,8.43808
1997-11-01 12:00:00,9.593597
1997-11-02 12:00:00,11.951752
1997-11-03 12:00:00,9.326447
1997-11-04 12:00:00,7.211853
1997-11-05 12:00:00,8.022308
1997-11-06 12:00:00,6.3607483
1997-11-07 12:00:00,0.7835388
1997-11-08 12:00:00,2.2105408
1997-11-09 12:00:00,3.36557
1997-11-10 12:00:00,3.0968933
1997-11-11 12:00:00,4.24765
1997-11-12 12:00:00,5.7087708
1997-11-13 12:00:00,8.167297
1997-11-14 12:00:00,12.113556
1997-11-15 12:00:00,4.157898
1997-11-16 12:00:00,3.2471924
1997-11-17 12:00:00,0.8731079
1997-11-18 12:00:00,0.02420044
1997-11-19 12:00:00,0.10861206
1997-11-20 12:00:00,-1.1028137
1997-11-21 12:00:00,-3.1490784
1997-11-22 12:00:00,-2.6774597
1997-11-23 12:00:00,-0.6984558
1997-11-24 12:00:00,2.8631287
1997-11-25 12:00:00,6.251465
1997-11-26 12:00:00,7.4026794
1997-11-27 12:00:00,4.4735107
1997-11-28 12:00:00,4.766876
1997-11-29 12:00:00,1.2160339
1997-11-30 12:00:00,-0.09844971
1997-12-01 12:00:00,1.0915833
1997-12-02 12:00:00,0.90444946
1997-12-03 12:00:00,4.662201
1997-12-04 12:00:00,-1.1681824
1997-12-05 12:00:00,-3.8963318
1997-12-06 12:00:00,-1.6781311
1997-12-07 12:00:00,-1.8386841
1997-12-08 12:00:00,-3.372467
1997-12-09 12:00:00,-3.7652283
1997-12-10 12:00:00,-1.9154358
1997-12-11 12:00:00,6.4989014
1997-12-12 12:00:00,0.6857605
1997-12-13 12:00:00,-1.9719543
1997-12-14 12:00:00,-2.0733032
1997-12-15 12:00:00,-6.030548
1997-12-16 12:00:00,-8.347748
1997-12-17 12:00:00,-6.596222
1997-12-18 12:00:00,-6.9794617
1997-12-19 12:00:00,-7.733307
1997-12-20 12:00:00,-6.7099915
1997-12-21 12:00:00,-8.462067
1997-12-22 12:00:00,-6.8109436
1997-12-23 12:00:00,-1.6560364
1997-12-24 12:00:00,-4.5975037
1997-12-25 12:00:00,-7.058563
1997-12-26 12:00:00,-7.6020203
1997-12-27 12:00:00,-10.585724
1997-12-28 12:00:00,-7.179535
1997-12-29 12:00:00,-4.766144
1997-12-30 12:00:00,7.668396
1997-12-31 12:00:00,-1.3921509
1998-01-01 12:00:00,0.075653076
1998-01-02 12:00:00,5.863556
1998-01-03 12:00:00,-1.3788757
1998-01-04 12:00:00,-2.9514465
1998-01-05 12:00:00,-2.0775452
1998-01-06 12:00:00,-6.5526123
1998-01-07 12:00:00,-4.7851257
1998-01-08 12:00:00,0.37283325
1998-01-09 12:00:00,-3.7782898
1998-01-10 12:00:00,2.5810242
1998-01-11 12:00:00,-6.4958496
1998-01-12 12:00:00,-14.084076
1998-01-13 12:00:00,-11.781586
1998-01-14 12:00:00,-2.1963196
1998-01-15 12:00:00,5.101532
1998-01-16 12:00:00,9.422852
1998-01-17 12:00:00,1.3022766
1998-01-18 12:00:00,-9.362061
1998-01-19 12:00:00,-6.4106445
1998-01-20 12:00:00,-0.710083
1998-01-21 12:00:00,-4.642914
1998-01-22 12:00:00,-7.535858
1998-01-23 12:00:00,-10.397736
1998-01-24 12:00:00,-13.767731
1998-01-25 12:00:00,-11.736908
1998-01-26 12:00:00,-7.230896
1998-01-27 12:00:00,1.920105
1998-01-28 12:00:00,-11.672028
1998-01-29 12:00:00,-6.7721252
1998-01-30 12:00:00,-4.2506104
1998-01-31 12:00:00,-11.964325
1998-02-01 12:00:00,-8.466614
1998-02-02 12:00:00,-4.33078
1998-02-03 12:00:00,-0.4125061
1998-02-04 12:00:00,-3.0822449
1998-02-05 12:00:00,-8.16098
1998-02-06 12:00:00,-8.757965
1998-02-07 12:00:00,-8.167816
1998-02-08 12:00:00,-8.011566
1998-02-09 12:00:00,-5.0520325
1998-02-10 12:00:00,-7.1871033
1998-02-11 12:00:00,-1.4673767
1998-02-12 12:00:00,-1.2494812
1998-02-13 12:00:00,-7.365448
1998-02-14 12:00:00,-9.22821
1998-02-15 12:00:00,-1.7580261
1998-02-16 12:00:00,-7.430481
1998-02-17 12:00:00,-12.603027
1998-02-18 12:00:00,-12.493866
1998-02-19 12:00:00,-9.963043
1998-02-20 12:00:00,7.3354797
1998-02-21 12:00:00,-4.051178
1998-02-22 12:00:00,2.0451355
1998-02-23 12:00:00,-3.308136
1998-02-24 12:00:00,2.995697
1998-02-25 12:00:00,-3.653595
1998-02-26 12:00:00,-8.911133
1998-02-27 12:00:00,-1.7463989
1998-02-28 12:00:00,0.34350586
1998-03-01 12:00:00,2.08786
1998-03-02 12:00:00,2.3572693
1998-03-03 12:00:00,-2.8556824
1998-03-04 12:00:00,5.4444885
1998-03-05 12:00:00,-4.5335083
1998-03-06 12:00:00,-8.086578
1998-03-07 12:00:00,1.846405
1998-03-08 12:00:00,5.7675476
1998-03-09 12:00:00,10.049805
1998-03-10 12:00:00,11.113342
1998-03-11 12:00:00,-4.1905212
1998-03-12 12:00:00,-3.9775696
1998-03-13 12:00:00,1.9168091
1998-03-14 12:00:00,-2.1823425
1998-03-15 12:00:00,-6.003479
1998-03-16 12:00:00,0.20993042
1998-03-17 12:00:00,4.8502502
1998-03-18 12:00:00,5.8146057
1998-03-19 12:00:00,-2.5359802
1998-03-20 12:00:00,-1.2783203
1998-03-21 12:00:00,5.846283
1998-03-22 12:00:00,-0.4109497
1998-03-23 12:00:00,0.10952759
1998-03-24 12:00:00,2.3117065
1998-03-25 12:00:00,5.205963
1998-03-26 12:00:00,1.2991638
1998-03-27 12:00:00,2.368988
1998-03-28 12:00:00,-1.3427429
1998-03-29 12:00:00,-1.6628723
1998-03-30 12:00:00,-6.8092346
1998-03-31 12:00:00,0.06021118
1998-04-01 12:00:00,2.6699524
1998-04-02 12:00:00,2.5589905
1998-04-03 12:00:00,4.1513367
1998-04-04 12:00:00,7.33609
1998-04-05 12:00:00,10.590057
1998-04-06 12:00:00,12.751373
1998-04-07 12:00:00,8.4001465
1998-04-08 12:00:00,7.305237
1998-04-09 12:00:00,5.4303284
1998-04-10 12:00:00,1.7826843
1998-04-11 12:00:00,3.6753845
1998-04-12 12:00:00,5.9425964
1998-04-13 12:00:00,11.300293
1998-04-14 12:00:00,12.810028
1998-04-15 12:00:00,8.856506
1998-04-16 12:00:00,-1.1498413
1998-04-17 12:00:00,2.0566711
1998-04-18 12:00:00,9.05777
1998-04-19 12:00:00,13.839844
1998-04-20 12:00:00,14.956757
1998-04-21 12:00:00,7.801178
1998-04-22 12:00:00,8.71347
1998-04-23 12:00:00,6.536957
1998-04-24 12:00:00,5.250885
1998-04-25 12:00:00,9.741791
1998-04-26 12:00:00,12.622894
1998-04-27 12:00:00,2.3019714
1998-04-28 12:00:00,1.3390503
1998-04-29 12:00:00,5.471588
1998-04-30 12:00:00,7.7015686
1998-05-01 12:00:00,11.34729
1998-05-02 12:00:00,14.691803
1998-05-03 12:00:00,16.707916
1998-05-04 12:00:00,17.830597
1998-05-05 12:00:00,16.478912
1998-05-06 12:00:00,17.069458
1998-05-07 12:00:00,17.15799
1998-05-08 12:00:00,19.791534
1998-05-09 12:00:00,13.244446
1998-05-10 12:00:00,10.912598
1998-05-11 12:00:00,13.937408
1998-05-12 12:00:00,18.391144
1998-05-13 12:00:00,23.337433
1998-05-14 12:00:00,21.419983
1998-05-15 12:00:00,19.302002
1998-05-16 12:00:00,20.293793
1998-05-17 12:00:00,19.028961
1998-05-18 12:00:00,19.801544
1998-05-19 12:00:00,18.737213
1998-05-20 12:00:00,19.143341
1998-05-21 12:00:00,18.459808
1998-05-22 12:00:00,12.6521
1998-05-23 12:00:00,12.508423
1998-05-24 12:00:00,15.103058
1998-05-25 12:00:00,15.768463
1998-05-26 12:00:00,16.66391
1998-05-27 12:00:00,14.327057
1998-05-28 12:00:00,15.276825
1998-05-29 12:00:00,14.641266
1998-05-30 12:00:00,17.468842
1998-05-31 12:00:00,16.943634
1998-06-01 12:00:00,14.738129
1998-06-02 12:00:00,16.197113
1998-06-03 12:00:00,14.707123
1998-06-04 12:00:00,15.3992
1998-06-05 12:00:00,17.762817
1998-06-06 12:00:00,17.552063
1998-06-07 12:00:00,19.595917
1998-06-08 12:00:00,23.359772
1998-06-09 12:00:00,23.823303
1998-06-10 12:00:00,21.491608
1998-06-11 12:00:00,17.682678
1998-06-12 12:00:00,16.676666
1998-06-13 12:00:00,19.165558
1998-06-14 12:00:00,20.37323
1998-06-15 12:00:00,20.356537
1998-06-16 12:00:00,19.269012
1998-06-17 12:00:00,17.949738
1998-06-18 12:00:00,20.782074
1998-06-19 12:00:00,21.691956
1998-06-20 12:00:00,15.153717
1998-06-21 12:00:00,13.894623
1998-06-22 12:00:00,15.236542
1998-06-23 12:00:00,15.899048
1998-06-24 12:00:00,17.121155
1998-06-25 12:00:00,17.901611
1998-06-26 12:00:00,18.69577
1998-06-27 12:00:00,19.396088
1998-06-28 12:00:00,17.960114
1998-06-29 12:00:00,17.224823
1998-06-30 12:00:00,16.216156
1998-07-01 12:00:00,16.421295
1998-07-02 12:00:00,16.575043
1998-07-03 12:00:00,18.768463
1998-07-04 12:00:00,21.575195
1998-07-05 12:00:00,24.448456
1998-07-06 12:00:00,26.315002
1998-07-07 12:00:00,25.216675
1998-07-08 12:00:00,25.43222
1998-07-09 12:00:00,23.675262
1998-07-10 12:00:00,25.177826
1998-07-11 12:00:00,22.266449
1998-07-12 12:00:00,23.599457
1998-07-13 12:00:00,24.945648
1998-07-14 12:00:00,26.551392
1998-07-15 12:00:00,23.451813
1998-07-16 12:00:00,22.430511
1998-07-17 12:00:00,22.871796
1998-07-18 12:00:00,21.721222
1998-07-19 12:00:00,20.470306
1998-07-20 12:00:00,21.890228
1998-07-21 12:00:00,18.289581
1998-07-22 12:00:00,18.114044
1998-07-23 12:00:00,19.510834
1998-07-24 12:00:00,20.758331
1998-07-25 12:00:00,20.084015
1998-07-26 12:00:00,22.004791
1998-07-27 12:00:00,19.563019
1998-07-28 12:00:00,19.835632
1998-07-29 12:00:00,21.380829
1998-07-30 12:00:00,20.737122
1998-07-31 12:00:00,21.210785
1998-08-01 12:00:00,22.739471
1998-08-02 12:00:00,24.20224
1998-08-03 12:00:00,24.49759
1998-08-04 12:00:00,24.399384
1998-08-05 12:00:00,22.81009
1998-08-06 12:00:00,22.297272
1998-08-07 12:00:00,22.779846
1998-08-08 12:00:00,24.997223
1998-08-09 12:00:00,23.415192
1998-08-10 12:00:00,22.259186
1998-08-11 12:00:00,22.322418
1998-08-12 12:00:00,22.184967
1998-08-13 12:00:00,22.641449
1998-08-14 12:00:00,22.10965
1998-08-15 12:00:00,22.166534
1998-08-16 12:00:00,20.363983
1998-08-17 12:00:00,19.458344
1998-08-18 12:00:00,22.755096
1998-08-19 12:00:00,22.961517
1998-08-20 12:00:00,25.886993
1998-08-21 12:00:00,22.153595
1998-08-22 12:00:00,22.961761
1998-08-23 12:00:00,22.99997
1998-08-24 12:00:00,23.91861
1998-08-25 12:00:00,23.245148
1998-08-26 12:00:00,21.92868
1998-08-27 12:00:00,25.495392
1998-08-28 12:00:00,21.186554
1998-08-29 12:00:00,22.044586
1998-08-30 12:00:00,24.577301
1998-08-31 12:00:00,24.039948
1998-09-01 12:00:00,21.52771
1998-09-02 12:00:00,16.239471
1998-09-03 12:00:00,17.760895
1998-09-04 12:00:00,18.876434
1998-09-05 12:00:00,20.106049
1998-09-06 12:00:00,21.857025
1998-09-07 12:00:00,22.074432
1998-09-08 12:00:00,24.962341
1998-09-09 12:00:00,21.421173
1998-09-10 12:00:00,18.1539
1998-09-11 12:00:00,21.555756
1998-09-12 12:00:00,23.036072
1998-09-13 12:00:00,20.878204
1998-09-14 12:00:00,17.786255
1998-09-15 12:00:00,18.30307
1998-09-16 12:00:00,20.501862
1998-09-17 12:00:00,21.1622
1998-09-18 12:00:00,22.860321
1998-09-19 12:00:00,20.693207
1998-09-20 12:00:00,23.020172
1998-09-21 12:00:00,24.443817
1998-09-22 12:00:00,25.785828
1998-09-23 12:00:00,24.702911
1998-09-24 12:00:00,18.326141
1998-09-25 12:00:00,12.992645
1998-09-26 12:00:00,13.756622
1998-09-27 12:00:00,22.174347
1998-09-28 12:00:00,19.747772
1998-09-29 12:00:00,16.899994
1998-09-30 12:00:00,17.379486
1998-10-01 12:00:00,18.012054
1998-10-02 12:00:00,16.024597
1998-10-03 12:00:00,15.481079
1998-10-04 12:00:00,19.54129
1998-10-05 12:00:00,18.4086
1998-10-06 12:00:00,9.124542
1998-10-07 12:00:00,9.959686
1998-10-08 12:00:00,14.858398
1998-10-09 12:00:00,14.947693
1998-10-10 12:00:00,10.261566
1998-10-11 12:00:00,11.214966
1998-10-12 12:00:00,16.620514
1998-10-13 12:00:00,16.807129
1998-10-14 12:00:00,13.704254
1998-10-15 12:00:00,14.655731
1998-10-16 12:00:00,17.920197
1998-10-17 12:00:00,11.278656
1998-10-18 12:00:00,11.741669
1998-10-19 12:00:00,15.205353
1998-10-20 12:00:00,11.864136
1998-10-21 12:00:00,13.912201
1998-10-22 12:00:00,12.026398
1998-10-23 12:00:00,8.175934
1998-10-24 12:00:00,9.027161
1998-10-25 12:00:00,13.740692
1998-10-26 12:00:00,12.837585
1998-10-27 12:00:00,9.61673
1998-10-28 12:00:00,10.012299
1998-10-29 12:00:00,9.641022
1998-10-30 12:00:00,10.42865
1998-10-31 12:00:00,9.194702
1998-11-01 12:00:00,10.407837
1998-11-02 12:00:00,9.364655
1998-11-03 12:00:00,4.8955383
1998-11-04 12:00:00,4.035431
1998-11-05 12:00:00,5.345703
1998-11-06 12:00:00,9.935944
1998-11-07 12:00:00,9.31073
1998-11-08 12:00:00,10.949249
1998-11-09 12:00:00,9.208832
1998-11-10 12:00:00,9.507965
1998-11-11 12:00:00,10.1058655
1998-11-12 12:00:00,4.1170044
1998-11-13 12:00:00,2.098236
1998-11-14 12:00:00,3.3013916
1998-11-15 12:00:00,3.7798157
1998-11-16 12:00:00,6.5522156
1998-11-17 12:00:00,2.0437927
1998-11-18 12:00:00,1.2252197
1998-11-19 12:00:00,3.313324
1998-11-20 12:00:00,3.0621643
1998-11-21 12:00:00,5.3648376
1998-11-22 12:00:00,3.2280273
1998-11-23 12:00:00,2.7442932
1998-11-24 12:00:00,7.2237854
1998-11-25 12:00:00,7.254486
1998-11-26 12:00:00,3.9257202
1998-11-27 12:00:00,3.139557
1998-11-28 12:00:00,5.3426514
1998-11-29 12:00:00,9.172577
1998-11-30 12:00:00,5.2171326
1998-12-01 12:00:00,3.502777
1998-12-02 12:00:00,1.2658997
1998-12-03 12:00:00,10.986359
1998-12-04 12:00:00,4.763275
1998-12-05 12:00:00,2.6555176
1998-12-06 12:00:00,-2.171173
1998-12-07 12:00:00,-2.4405823
1998-12-08 12:00:00,-0.09732056
1998-12-09 12:00:00,0.056762695
1998-12-10 12:00:00,2.698822
1998-12-11 12:00:00,7.206238
1998-12-12 12:00:00,1.1761475
1998-12-13 12:00:00,-0.21749878
1998-12-14 12:00:00,-2.3657532
1998-12-15 12:00:00,-3.828888
1998-12-16 12:00:00,-4.125824
1998-12-17 12:00:00,-2.420929
1998-12-18 12:00:00,1.6290588
1998-12-19 12:00:00,-0.11651611
1998-12-20 12:00:00,2.849762
1998-12-21 12:00:00,2.688202
1998-12-22 12:00:00,1.51297
1998-12-23 12:00:00,-2.7001648
1998-12-24 12:00:00,-5.155365
1998-12-25 12:00:00,-3.71286
1998-12-26 12:00:00,-5.680298
1998-12-27 12:00:00,-6.6251526
1998-12-28 12:00:00,-2.9941711
1998-12-29 12:00:00,-9.967499
1998-12-30 12:00:00,-10.513336
1998-12-31 12:00:00,-7.3489075
1999-01-01 12:00:00,-2.9132996
1999-01-02 12:00:00,-0.2892151
1999-01-03 12:00:00,0.7030945
1999-01-04 12:00:00,-0.43670654
1999-01-05 12:00:00,7.2636414
1999-01-06 12:00:00,2.66391
1999-01-07 12:00:00,-12.709015
1999-01-08 12:00:00,-12.453491
1999-01-09 12:00:00,-16.227692
1999-01-10 12:00:00,-10.533325
1999-01-11 12:00:00,-7.79599
1999-01-12 12:00:00,-5.7797546
1999-01-13 12:00:00,-9.337677
1999-01-14 12:00:00,-8.372314
1999-01-15 12:00:00,-5.8240967
1999-01-16 12:00:00,-2.933258
1999-01-17 12:00:00,1.178009
1999-01-18 12:00:00,6.397064
1999-01-19 12:00:00,-2.895111
1999-01-20 12:00:00,0.87438965
1999-01-21 12:00:00,-3.8255615
1999-01-22 12:00:00,-10.869659
1999-01-23 12:00:00,-7.095276
1999-01-24 12:00:00,-7.9275208
1999-01-25 12:00:00,-6.119049
1999-01-26 12:00:00,-9.178009
1999-01-27 12:00:00,-1.1626587
1999-01-28 12:00:00,-5.023407
1999-01-29 12:00:00,-10.858856
1999-01-30 12:00:00,-3.313568
1999-01-31 12:00:00,-5.964203
1999-02-01 12:00:00,-3.1107483
1999-02-02 12:00:00,-10.49704
1999-02-03 12:00:00,-5.412689
1999-02-04 12:00:00,-18.417557
1999-02-05 12:00:00,-19.122192
1999-02-06 12:00:00,-13.87558
1999-02-07 12:00:00,-9.67514
1999-02-08 12:00:00,-6.2537537
1999-02-09 12:00:00,-5.7109985
1999-02-10 12:00:00,6.312683
1999-02-11 12:00:00,0.51797485
1999-02-12 12:00:00,2.700348
1999-02-13 12:00:00,-3.31781
1999-02-14 12:00:00,-3.068512
1999-02-15 12:00:00,-7.4092712
1999-02-16 12:00:00,-11.132904
1999-02-17 12:00:00,-14.397247
1999-02-18 12:00:00,-11.465271
1999-02-19 12:00:00,-8.20224
1999-02-20 12:00:00,-3.642395
1999-02-21 12:00:00,-0.243927
1999-02-22 12:00:00,1.7016907
1999-02-23 12:00:00,4.282593
1999-02-24 12:00:00,4.3736267
1999-02-25 12:00:00,8.215393
1999-02-26 12:00:00,8.829926
1999-02-27 12:00:00,3.085968
1999-02-28 12:00:00,-5.539093
1999-03-01 12:00:00,-9.593964
1999-03-02 12:00:00,-6.600067
1999-03-03 12:00:00,-7.766205
1999-03-04 12:00:00,-4.956085
1999-03-05 12:00:00,-2.427002
1999-03-06 12:00:00,1.4996033
1999-03-07 12:00:00,0.44760132
1999-03-08 12:00:00,-0.02557373
1999-03-09 12:00:00,-7.9492493
1999-03-10 12:00:00,-6.470978
1999-03-11 12:00:00,5.031769
1999-03-12 12:00:00,-1.1329346
1999-03-13 12:00:00,-1.3804321
1999-03-14 12:00:00,-1.6161194
1999-03-15 12:00:00,-5.410797
1999-03-16 12:00:00,-3.3580017
1999-03-17 12:00:00,2.4936218
1999-03-18 12:00:00,8.223053
1999-03-19 12:00:00,6.976715
1999-03-20 12:00:00,1.2436218
1999-03-21 12:00:00,11.623718
1999-03-22 12:00:00,8.00061
1999-03-23 12:00:00,6.494171
1999-03-24 12:00:00,9.19339
1999-03-25 12:00:00,-1.466217
1999-03-26 12:00:00,-4.118866
1999-03-27 12:00:00,0.77282715
1999-03-28 12:00:00,7.043915
1999-03-29 12:00:00,5.2597656
1999-03-30 12:00:00,10.1138
1999-03-31 12:00:00,3.8113708
1999-04-01 12:00:00,3.067749
1999-04-02 12:00:00,11.201202
1999-04-03 12:00:00,5.334015
1999-04-04 12:00:00,0.35125732
1999-04-05 12:00:00,3.0437012
1999-04-06 12:00:00,2.5662537
1999-04-07 12:00:00,4.7519226
1999-04-08 12:00:00,7.4963074
1999-04-09 12:00:00,9.502106
1999-04-10 12:00:00,6.4257812
1999-04-11 12:00:00,8.007111
1999-04-12 12:00:00,9.36438
1999-04-13 12:00:00,6.85318
1999-04-14 12:00:00,3.7887878
1999-04-15 12:00:00,4.790924
1999-04-16 12:00:00,6.2903748
1999-04-17 12:00:00,8.38913
1999-04-18 12:00:00,9.508453
1999-04-19 12:00:00,4.764984
1999-04-20 12:00:00,4.480011
1999-04-21 12:00:00,5.013733
1999-04-22 12:00:00,6.330261
1999-04-23 12:00:00,7.3272705
1999-04-24 12:00:00,7.072357
1999-04-25 12:00:00,8.764984
1999-04-26 12:00:00,10.985809
1999-04-27 12:00:00,11.717316
1999-04-28 12:00:00,14.20285
1999-04-29 12:00:00,14.084259
1999-04-30 12:00:00,16.91098
1999-05-01 12:00:00,12.760956
1999-05-02 12:00:00,9.817047
1999-05-03 12:00:00,14.803986
1999-05-04 12:00:00,10.194397
1999-05-05 12:00:00,7.2965393
1999-05-06 12:00:00,7.7452087
1999-05-07 12:00:00,11.829987
1999-05-08 12:00:00,11.753876
1999-05-09 12:00:00,15.732147
1999-05-10 12:00:00,18.123688
1999-05-11 12:00:00,12.736481
1999-05-12 12:00:00,9.877197
1999-05-13 12:00:00,12.731659
1999-05-14 12:00:00,11.8785095
1999-05-15 12:00:00,14.935211
1999-05-16 12:00:00,18.511292
1999-05-17 12:00:00,19.8349
1999-05-18 12:00:00,19.385162
1999-05-19 12:00:00,16.958344
1999-05-20 12:00:00,15.250916
1999-05-21 12:00:00,12.985199
1999-05-22 12:00:00,16.462646
1999-05-23 12:00:00,20.143768
1999-05-24 12:00:00,17.446991
1999-05-25 12:00:00,16.437042
1999-05-26 12:00:00,16.986176
1999-05-27 12:00:00,17.817139
1999-05-28 12:00:00,20.267944
1999-05-29 12:00:00,22.4581
1999-05-30 12:00:00,22.407501
1999-05-31 12:00:00,17.888214
1999-06-01 12:00:00,15.102875
1999-06-02 12:00:00,12.898346
1999-06-03 12:00:00,14.429718
1999-06-04 12:00:00,17.36792
1999-06-05 12:00:00,19.36728
1999-06-06 12:00:00,22.940826
1999-06-07 12:00:00,23.073944
1999-06-08 12:00:00,20.194366
1999-06-09 12:00:00,17.37387
1999-06-10 12:00:00,18.994751
1999-06-11 12:00:00,18.62918
1999-06-12 12:00:00,22.37259
1999-06-13 12:00:00,22.273224
1999-06-14 12:00:00,22.87912
1999-06-15 12:00:00,21.268127
1999-06-16 12:00:00,21.051788
1999-06-17 12:00:00,22.17862
1999-06-18 12:00:00,21.452362
1999-06-19 12:00:00,23.27121
1999-06-20 12:00:00,23.322296
1999-06-21 12:00:00,20.32373
1999-06-22 12:00:00,19.863098
1999-06-23 12:00:00,20.437714
1999-06-24 12:00:00,21.533783
1999-06-25 12:00:00,24.30774
1999-06-26 12:00:00,24.7435
1999-06-27 12:00:00,23.480988
1999-06-28 12:00:00,22.884277
1999-06-29 12:00:00,22.826263
1999-06-30 12:00:00,22.350677
1999-07-01 12:00:00,21.90741
1999-07-02 12:00:00,20.347504
1999-07-03 12:00:00,20.74472
1999-07-04 12:00:00,24.41214
1999-07-05 12:00:00,24.11264
1999-07-06 12:00:00,26.780914
1999-07-07 12:00:00,25.564606
1999-07-08 12:00:00,24.790009
1999-07-09 12:00:00,22.384735
1999-07-10 12:00:00,21.410614
1999-07-11 12:00:00,21.46466
1999-07-12 12:00:00,21.225616
1999-07-13 12:00:00,20.136414
1999-07-14 12:00:00,21.139801
1999-07-15 12:00:00,20.38559
1999-07-16 12:00:00,19.98999
1999-07-17 12:00:00,20.332794
1999-07-18 12:00:00,21.350311
1999-07-19 12:00:00,22.345428
1999-07-20 12:00:00,23.130646
1999-07-21 12:00:00,24.039764
1999-07-22 12:00:00,25.66742
1999-07-23 12:00:00,25.526276
1999-07-24 12:00:00,26.57312
1999-07-25 12:00:00,26.386353
1999-07-26 12:00:00,24.439484
1999-07-27 12:00:00,22.892548
1999-07-28 12:00:00,22.379547
1999-07-29 12:00:00,22.571869
1999-07-30 12:00:00,24.360321
1999-07-31 12:00:00,25.675262
1999-08-01 12:00:00,25.037476
1999-08-02 12:00:00,24.230621
1999-08-03 12:00:00,23.793365
1999-08-04 12:00:00,23.657562
1999-08-05 12:00:00,24.263641
1999-08-06 12:00:00,25.499115
1999-08-07 12:00:00,26.176483
1999-08-08 12:00:00,27.118134
1999-08-09 12:00:00,29.226837
1999-08-10 12:00:00,29.305084
1999-08-11 12:00:00,28.126556
1999-08-12 12:00:00,27.253174
1999-08-13 12:00:00,27.57193
1999-08-14 12:00:00,27.108795
1999-08-15 12:00:00,25.277496
1999-08-16 12:00:00,20.33603
1999-08-17 12:00:00,18.92868
1999-08-18 12:00:00,19.182098
1999-08-19 12:00:00,20.216156
1999-08-20 12:00:00,21.013763
1999-08-21 12:00:00,23.307922
1999-08-22 12:00:00,24.453247
1999-08-23 12:00:00,23.123383
1999-08-24 12:00:00,22.050568
1999-08-25 12:00:00,22.227753
1999-08-26 12:00:00,21.329437
1999-08-27 12:00:00,20.835999
1999-08-28 12:00:00,22.104095
1999-08-29 12:00:00,24.230194
1999-08-30 12:00:00,24.82962
1999-08-31 12:00:00,25.535309
1999-09-01 12:00:00,24.10733
1999-09-02 12:00:00,24.975647
1999-09-03 12:00:00,19.085266
1999-09-04 12:00:00,19.378784
1999-09-05 12:00:00,19.248566
1999-09-06 12:00:00,19.54834
1999-09-07 12:00:00,17.400055
1999-09-08 12:00:00,17.426514
1999-09-09 12:00:00,17.138641
1999-09-10 12:00:00,19.234192
1999-09-11 12:00:00,21.213837
1999-09-12 12:00:00,19.71045
1999-09-13 12:00:00,17.18393
1999-09-14 12:00:00,16.888336
1999-09-15 12:00:00,17.078003
1999-09-16 12:00:00,14.469727
1999-09-17 12:00:00,13.619843
1999-09-18 12:00:00,13.038788
1999-09-19 12:00:00,13.282928
1999-09-20 12:00:00,14.134491
1999-09-21 12:00:00,15.349396
1999-09-22 12:00:00,16.776276
1999-09-23 12:00:00,17.676178
1999-09-24 12:00:00,17.072205
1999-09-25 12:00:00,15.751862
1999-09-26 12:00:00,14.558441
1999-09-27 12:00:00,15.697357
1999-09-28 12:00:00,16.811615
1999-09-29 12:00:00,18.71457
1999-09-30 12:00:00,20.776428
1999-10-01 12:00:00,21.392914
1999-10-02 12:00:00,18.012543
1999-10-03 12:00:00,14.373749
1999-10-04 12:00:00,12.671692
1999-10-05 12:00:00,14.462677
1999-10-06 12:00:00,20.116913
1999-10-07 12:00:00,16.883942
1999-10-08 12:00:00,11.631714
1999-10-09 12:00:00,11.449921
1999-10-10 12:00:00,8.739502
1999-10-11 12:00:00,9.655945
1999-10-12 12:00:00,9.2951355
1999-10-13 12:00:00,9.389618
1999-10-14 12:00:00,15.232452
1999-10-15 12:00:00,14.815826
1999-10-16 12:00:00,14.364716
1999-10-17 12:00:00,15.551666
1999-10-18 12:00:00,13.235199
1999-10-19 12:00:00,11.006592
1999-10-20 12:00:00,12.484039
1999-10-21 12:00:00,12.179016
1999-10-22 12:00:00,8.861786
1999-10-23 12:00:00,7.844208
1999-10-24 12:00:00,7.297119
1999-10-25 12:00:00,8.012939
1999-10-26 12:00:00,12.9531555
1999-10-27 12:00:00,14.414154
1999-10-28 12:00:00,9.945435
1999-10-29 12:00:00,8.72641
1999-10-30 12:00:00,5.978546
1999-10-31 12:00:00,5.696228
1999-11-01 12:00:00,7.4669495
1999-11-02 12:00:00,14.31778
1999-11-03 12:00:00,15.36734
1999-11-04 12:00:00,7.7656555
1999-11-05 12:00:00,7.7270813
1999-11-06 12:00:00,10.299347
1999-11-07 12:00:00,7.912323
1999-11-08 12:00:00,8.969452
1999-11-09 12:00:00,11.543121
1999-11-10 12:00:00,5.4607544
1999-11-11 12:00:00,6.4003906
1999-11-12 12:00:00,3.106018
1999-11-13 12:00:00,1.7503357
1999-11-14 12:00:00,0.36636353
1999-11-15 12:00:00,1.3431091
1999-11-16 12:00:00,-0.74472046
1999-11-17 12:00:00,0.48171997
1999-11-18 12:00:00,3.1808777
1999-11-19 12:00:00,12.195465
1999-11-20 12:00:00,7.7363586
1999-11-21 12:00:00,7.400421
1999-11-22 12:00:00,13.270721
1999-11-23 12:00:00,17.696625
1999-11-24 12:00:00,10.311127
1999-11-25 12:00:00,2.6463928
1999-11-26 12:00:00,4.680603
1999-11-27 12:00:00,9.581696
1999-11-28 12:00:00,8.727936
1999-11-29 12:00:00,4.2808533
1999-11-30 12:00:00,4.534088
1999-12-01 12:00:00,1.9986267
1999-12-02 12:00:00,0.9610901
1999-12-03 12:00:00,4.4291687
1999-12-04 12:00:00,4.84317
1999-12-05 12:00:00,3.8570251
1999-12-06 12:00:00,5.810791
1999-12-07 12:00:00,12.101837
1999-12-08 12:00:00,12.9305725
1999-12-09 12:00:00,1.7738342
1999-12-10 12:00:00,0.51779175
1999-12-11 12:00:00,-2.591034
1999-12-12 12:00:00,-3.11203
1999-12-13 12:00:00,-2.3284607
1999-12-14 12:00:00,-4.2220154
1999-12-15 12:00:00,-2.113556
1999-12-16 12:00:00,1.4371643
1999-12-17 12:00:00,-2.0683289
1999-12-18 12:00:00,-3.8773499
1999-12-19 12:00:00,1.6921082
1999-12-20 12:00:00,2.5351562
1999-12-21 12:00:00,1.3036499
1999-12-22 12:00:00,4.2183533
1999-12-23 12:00:00,0.32052612
1999-12-24 12:00:00,-2.2243958
1999-12-25 12:00:00,-0.7881775
1999-12-26 12:00:00,-1.2907104
1999-12-27 12:00:00,-3.667633
1999-12-28 12:00:00,-3.6203003
1999-12-29 12:00:00,-2.0682983
1999-12-30 12:00:00,-2.3494568
1999-12-31 12:00:00,-2.5553284
2000-01-01 12:00:00,-3.13797
2000-01-02 12:00:00,-4.0000305
2000-01-03 12:00:00,-4.4288025
2000-01-04 12:00:00,-1.8690491
2000-01-05 12:00:00,0.27401733
2000-01-06 12:00:00,-0.5415344
2000-01-07 12:00:00,-0.62789917
2000-01-08 12:00:00,2.6621094
2000-01-09 12:00:00,-0.5340271
2000-01-10 12:00:00,-10.383209
2000-01-11 12:00:00,-12.7030945
2000-01-12 12:00:00,-10.284088
2000-01-13 12:00:00,-0.44448853
2000-01-14 12:00:00,0.5221863
2000-01-15 12:00:00,-9.564789
2000-01-16 12:00:00,-10.953674
2000-01-17 12:00:00,-8.111298
2000-01-18 12:00:00,-11.648407
2000-01-19 12:00:00,-1.9348145
2000-01-20 12:00:00,-0.013336182
2000-01-21 12:00:00,5.7377014
2000-01-22 12:00:00,-2.4065247
2000-01-23 12:00:00,-10.37381
2000-01-24 12:00:00,-12.306244
2000-01-25 12:00:00,-9.7258
2000-01-26 12:00:00,-6.7293396
2000-01-27 12:00:00,-5.5811462
2000-01-28 12:00:00,0.5730896
2000-01-29 12:00:00,-5.0903015
2000-01-30 12:00:00,-2.1730652
2000-01-31 12:00:00,-10.117676
2000-02-01 12:00:00,-10.454163
2000-02-02 12:00:00,-11.662323
2000-02-03 12:00:00,-11.47171
2000-02-04 12:00:00,-9.889465
2000-02-05 12:00:00,-8.791168
2000-02-06 12:00:00,-7.539398
2000-02-07 12:00:00,-5.5032654
2000-02-08 12:00:00,-3.1296692
2000-02-09 12:00:00,-0.929657
2000-02-10 12:00:00,-10.807587
2000-02-11 12:00:00,-11.564301
2000-02-12 12:00:00,-5.873932
2000-02-13 12:00:00,-1.7312927
2000-02-14 12:00:00,-9.282196
2000-02-15 12:00:00,-6.9112244
2000-02-16 12:00:00,-3.6088867
2000-02-17 12:00:00,6.780945
2000-02-18 12:00:00,8.547882
2000-02-19 12:00:00,2.650238
2000-02-20 12:00:00,0.24804688
2000-02-21 12:00:00,0.10134888
2000-02-22 12:00:00,-0.4986267
2000-02-23 12:00:00,3.7653809
2000-02-24 12:00:00,7.4822693
2000-02-25 12:00:00,7.048828
2000-02-26 12:00:00,8.688568
2000-02-27 12:00:00,14.5961
2000-02-28 12:00:00,11.371307
2000-02-29 12:00:00,7.0054016
2000-03-01 12:00:00,7.2261353
2000-03-02 12:00:00,-4.0679626
2000-03-03 12:00:00,-2.6686707
2000-03-04 12:00:00,-2.7936707
2000-03-05 12:00:00,-5.291565
2000-03-06 12:00:00,-1.5231323
2000-03-07 12:00:00,6.4474792
2000-03-08 12:00:00,10.29483
2000-03-09 12:00:00,7.291931
2000-03-10 12:00:00,-1.2781677
2000-03-11 12:00:00,4.733917
2000-03-12 12:00:00,5.1025085
2000-03-13 12:00:00,-0.51156616
2000-03-14 12:00:00,-1.8169861
2000-03-15 12:00:00,3.0545654
2000-03-16 12:00:00,-6.7595825
2000-03-17 12:00:00,-2.495453
2000-03-18 12:00:00,7.3204956
2000-03-19 12:00:00,12.297791
2000-03-20 12:00:00,0.49295044
2000-03-21 12:00:00,-1.3963928
2000-03-22 12:00:00,-1.2276611
2000-03-23 12:00:00,1.6938171
2000-03-24 12:00:00,6.908783
2000-03-25 12:00:00,4.6230164
2000-03-26 12:00:00,-0.693573
2000-03-27 12:00:00,-0.2939148
2000-03-28 12:00:00,3.8044128
2000-03-29 12:00:00,1.8207092
2000-03-30 12:00:00,6.852539
2000-03-31 12:00:00,6.287262
2000-04-01 12:00:00,5.035431
2000-04-02 12:00:00,3.3500977
2000-04-03 12:00:00,13.416779
2000-04-04 12:00:00,7.68808
2000-04-05 12:00:00,3.9491272
2000-04-06 12:00:00,3.329132
2000-04-07 12:00:00,4.6527405
2000-04-08 12:00:00,2.8634949
2000-04-09 12:00:00,10.673798
2000-04-10 12:00:00,4.6315002
2000-04-11 12:00:00,3.3945007
2000-04-12 12:00:00,4.7120056
2000-04-13 12:00:00,2.0489197
2000-04-14 12:00:00,-0.36395264
2000-04-15 12:00:00,1.6663513
2000-04-16 12:00:00,7.3984985
2000-04-17 12:00:00,14.490509
2000-04-18 12:00:00,9.864075
2000-04-19 12:00:00,6.4548645
2000-04-20 12:00:00,6.7201233
2000-04-21 12:00:00,3.9728088
2000-04-22 12:00:00,4.6170044
2000-04-23 12:00:00,2.8692017
2000-04-24 12:00:00,4.532654
2000-04-25 12:00:00,3.8510742
2000-04-26 12:00:00,3.7954407
2000-04-27 12:00:00,5.1368103
2000-04-28 12:00:00,5.245514
2000-04-29 12:00:00,6.7808228
2000-04-30 12:00:00,11.596161
2000-05-01 12:00:00,14.846527
2000-05-02 12:00:00,11.772858
2000-05-03 12:00:00,16.390686
2000-05-04 12:00:00,9.874603
2000-05-05 12:00:00,13.416321
2000-05-06 12:00:00,11.976349
2000-05-07 12:00:00,9.774933
2000-05-08 12:00:00,11.581757
2000-05-09 12:00:00,15.572845
2000-05-10 12:00:00,12.742096
2000-05-11 12:00:00,7.671753
2000-05-12 12:00:00,8.933807
2000-05-13 12:00:00,11.40329
2000-05-14 12:00:00,11.41983
2000-05-15 12:00:00,13.326141
2000-05-16 12:00:00,12.005035
2000-05-17 12:00:00,12.178375
2000-05-18 12:00:00,14.111084
2000-05-19 12:00:00,18.770782
2000-05-20 12:00:00,18.677948
2000-05-21 12:00:00,19.960968
2000-05-22 12:00:00,17.533478
2000-05-23 12:00:00,19.032745
2000-05-24 12:00:00,21.896149
2000-05-25 12:00:00,17.491852
2000-05-26 12:00:00,17.791656
2000-05-27 12:00:00,20.15451
2000-05-28 12:00:00,20.001587
2000-05-29 12:00:00,17.170197
2000-05-30 12:00:00,18.49234
2000-05-31 12:00:00,16.294159
2000-06-01 12:00:00,16.518219
2000-06-02 12:00:00,16.945953
2000-06-03 12:00:00,17.110016
2000-06-04 12:00:00,18.244995
2000-06-05 12:00:00,18.821533
2000-06-06 12:00:00,21.089508
2000-06-07 12:00:00,22.52774
2000-06-08 12:00:00,19.60147
2000-06-09 12:00:00,20.54013
2000-06-10 12:00:00,20.535065
2000-06-11 12:00:00,16.913788
2000-06-12 12:00:00,15.405792
2000-06-13 12:00:00,15.160797
2000-06-14 12:00:00,17.418915
2000-06-15 12:00:00,17.686188
2000-06-16 12:00:00,18.092743
2000-06-17 12:00:00,16.541718
2000-06-18 12:00:00,16.820587
2000-06-19 12:00:00,15.006317
2000-06-20 12:00:00,16.355743
2000-06-21 12:00:00,17.899994
2000-06-22 12:00:00,18.306122
2000-06-23 12:00:00,19.222687
2000-06-24 12:00:00,19.411713
2000-06-25 12:00:00,19.124481
2000-06-26 12:00:00,18.493439
2000-06-27 12:00:00,18.104858
2000-06-28 12:00:00,19.541718
2000-06-29 12:00:00,19.793549
2000-06-30 12:00:00,20.675354
2000-07-01 12:00:00,20.108276
2000-07-02 12:00:00,20.031952
2000-07-03 12:00:00,19.960327
2000-07-04 12:00:00,20.445099
2000-07-05 12:00:00,20.583618
2000-07-06 12:00:00,21.09262
2000-07-07 12:00:00,22.660309
2000-07-08 12:00:00,23.264313
2000-07-09 12:00:00,23.124847
2000-07-10 12:00:00,20.50592
2000-07-11 12:00:00,18.187256
2000-07-12 12:00:00,18.055817
2000-07-13 12:00:00,22.134125
2000-07-14 12:00:00,25.306976
2000-07-15 12:00:00,21.946869
2000-07-16 12:00:00,21.445038
2000-07-17 12:00:00,23.755463
2000-07-18 12:00:00,24.874542
2000-07-19 12:00:00,25.057343
2000-07-20 12:00:00,25.13272
2000-07-21 12:00:00,25.703827
2000-07-22 12:00:00,26.074371
2000-07-23 12:00:00,25.005737
2000-07-24 12:00:00,21.812866
2000-07-25 12:00:00,21.420929
2000-07-26 12:00:00,21.892914
2000-07-27 12:00:00,22.313446
2000-07-28 12:00:00,22.727997
2000-07-29 12:00:00,23.693329
2000-07-30 12:00:00,23.550385
2000-07-31 12:00:00,24.654388
2000-08-01 12:00:00,23.630554
2000-08-02 12:00:00,22.48056
2000-08-03 12:00:00,23.45047
2000-08-04 12:00:00,22.656494
2000-08-05 12:00:00,23.449066
2000-08-06 12:00:00,24.519989
2000-08-07 12:00:00,24.012909
2000-08-08 12:00:00,23.887177
2000-08-09 12:00:00,24.966095
2000-08-10 12:00:00,25.5383
2000-08-11 12:00:00,25.897125
2000-08-12 12:00:00,25.861237
2000-08-13 12:00:00,25.86673
2000-08-14 12:00:00,26.629547
2000-08-15 12:00:00,26.128815
2000-08-16 12:00:00,25.626984
2000-08-17 12:00:00,22.499268
2000-08-18 12:00:00,20.778168
2000-08-19 12:00:00,20.37619
2000-08-20 12:00:00,19.687836
2000-08-21 12:00:00,17.76712
2000-08-22 12:00:00,18.06839
2000-08-23 12:00:00,19.27127
2000-08-24 12:00:00,20.957855
2000-08-25 12:00:00,23.8266
2000-08-26 12:00:00,23.92038
2000-08-27 12:00:00,22.533722
2000-08-28 12:00:00,24.312408
2000-08-29 12:00:00,25.291473
2000-08-30 12:00:00,24.11081
2000-08-31 12:00:00,19.769806
2000-09-01 12:00:00,18.558563
2000-09-02 12:00:00,18.171997
2000-09-03 12:00:00,17.609894
2000-09-04 12:00:00,18.842377
2000-09-05 12:00:00,20.605133
2000-09-06 12:00:00,23.107666
2000-09-07 12:00:00,22.026886
2000-09-08 12:00:00,17.043854
2000-09-09 12:00:00,17.03061
2000-09-10 12:00:00,18.243378
2000-09-11 12:00:00,19.310791
2000-09-12 12:00:00,17.918976
2000-09-13 12:00:00,14.431
2000-09-14 12:00:00,13.748199
2000-09-15 12:00:00,14.773651
2000-09-16 12:00:00,17.992523
2000-09-17 12:00:00,21.182404
2000-09-18 12:00:00,21.439117
2000-09-19 12:00:00,16.893158
2000-09-20 12:00:00,12.680634
2000-09-21 12:00:00,14.251923
2000-09-22 12:00:00,13.091522
2000-09-23 12:00:00,15.764618
2000-09-24 12:00:00,14.6250305
2000-09-25 12:00:00,14.873901
2000-09-26 12:00:00,14.574799
2000-09-27 12:00:00,11.823822
2000-09-28 12:00:00,12.274261
2000-09-29 12:00:00,13.561859
2000-09-30 12:00:00,16.115692
2000-10-01 12:00:00,18.998383
2000-10-02 12:00:00,21.46997
2000-10-03 12:00:00,16.078247
2000-10-04 12:00:00,10.77478
2000-10-05 12:00:00,11.075714
2000-10-06 12:00:00,13.953705
2000-10-07 12:00:00,19.000214
2000-10-08 12:00:00,13.645447
2000-10-09 12:00:00,12.442535
2000-10-10 12:00:00,14.155914
2000-10-11 12:00:00,13.089813
2000-10-12 12:00:00,11.43454
2000-10-13 12:00:00,12.097656
2000-10-14 12:00:00,14.941895
2000-10-15 12:00:00,8.610992
2000-10-16 12:00:00,10.4122925
2000-10-17 12:00:00,8.661499
2000-10-18 12:00:00,7.301697
2000-10-19 12:00:00,8.015106
2000-10-20 12:00:00,6.769989
2000-10-21 12:00:00,6.9272766
2000-10-22 12:00:00,5.6150208
2000-10-23 12:00:00,3.480774
2000-10-24 12:00:00,4.2554016
2000-10-25 12:00:00,4.894806
2000-10-26 12:00:00,5.91098
2000-10-27 12:00:00,9.727844
2000-10-28 12:00:00,8.153107
2000-10-29 12:00:00,6.410309
2000-10-30 12:00:00,7.09021
2000-10-31 12:00:00,7.3728943
2000-11-01 12:00:00,5.6998596
2000-11-02 12:00:00,4.4168396
2000-11-03 12:00:00,4.41037
2000-11-04 12:00:00,5.1763306
2000-11-05 12:00:00,6.0262756
2000-11-06 12:00:00,6.093048
2000-11-07 12:00:00,3.7119446
2000-11-08 12:00:00,5.613037
2000-11-09 12:00:00,8.573395
2000-11-10 12:00:00,13.508057
2000-11-11 12:00:00,12.923157
2000-11-12 12:00:00,7.0455017
2000-11-13 12:00:00,8.59317
2000-11-14 12:00:00,13.050934
2000-11-15 12:00:00,7.705536
2000-11-16 12:00:00,1.8242188
2000-11-17 12:00:00,0.59103394
2000-11-18 12:00:00,0.80770874
2000-11-19 12:00:00,3.2920837
2000-11-20 12:00:00,3.2035828
2000-11-21 12:00:00,8.846832
2000-11-22 12:00:00,13.570251
2000-11-23 12:00:00,2.4513245
2000-11-24 12:00:00,2.2380676
2000-11-25 12:00:00,11.745148
2000-11-26 12:00:00,2.4205017
2000-11-27 12:00:00,-2.4266052
2000-11-28 12:00:00,-2.8190613
2000-11-29 12:00:00,-3.9964905
2000-11-30 12:00:00,2.4443054
2000-12-01 12:00:00,1.6756897
2000-12-02 12:00:00,-0.026428223
2000-12-03 12:00:00,4.7930603
2000-12-04 12:00:00,2.294983
2000-12-05 12:00:00,1.4726868
2000-12-06 12:00:00,1.7088318
2000-12-07 12:00:00,2.9761353
2000-12-08 12:00:00,7.7275085
2000-12-09 12:00:00,10.849304
2000-12-10 12:00:00,-2.0803528
2000-12-11 12:00:00,-1.3809509
2000-12-12 12:00:00,-0.11050415
2000-12-13 12:00:00,-1.0624084
2000-12-14 12:00:00,14.172272
2000-12-15 12:00:00,11.385651
2000-12-16 12:00:00,-0.8205261
2000-12-17 12:00:00,2.4287415
2000-12-18 12:00:00,0.23086548
2000-12-19 12:00:00,-10.0061035
2000-12-20 12:00:00,-4.3931885
2000-12-21 12:00:00,-5.868561
2000-12-22 12:00:00,-5.4256897
2000-12-23 12:00:00,-1.9250183
2000-12-24 12:00:00,0.06536865
2000-12-25 12:00:00,4.389679
2000-12-26 12:00:00,8.579559
2000-12-27 12:00:00,8.88324
2000-12-28 12:00:00,4.091095
2000-12-29 12:00:00,-3.0556335
2000-12-30 12:00:00,-4.3132324
2000-12-31 12:00:00,2.052948
2001-01-01 12:00:00,-8.91275
2001-01-02 12:00:00,-8.112762
2001-01-03 12:00:00,-8.073242
2001-01-04 12:00:00,-1.9015198
2001-01-05 12:00:00,-3.3282166
2001-01-06 12:00:00,-5.37204
2001-01-07 12:00:00,-9.863983
2001-01-08 12:00:00,-14.795624
2001-01-09 12:00:00,-7.2254333
2001-01-10 12:00:00,-0.82922363
2001-01-11 12:00:00,-1.8868103
2001-01-12 12:00:00,-1.6740417
2001-01-13 12:00:00,-0.5560608
2001-01-14 12:00:00,-4.3501587
2001-01-15 12:00:00,0.73342896
2001-01-16 12:00:00,6.2810974
2001-01-17 12:00:00,-3.026764
2001-01-18 12:00:00,-9.923126
2001-01-19 12:00:00,-3.8517761
2001-01-20 12:00:00,-12.5590515
2001-01-21 12:00:00,-11.512665
2001-01-22 12:00:00,-12.414459
2001-01-23 12:00:00,-12.7500305
2001-01-24 12:00:00,-6.688141
2001-01-25 12:00:00,-3.0453796
2001-01-26 12:00:00,-5.2233276
2001-01-27 12:00:00,2.3400574
2001-01-28 12:00:00,0.6486206
2001-01-29 12:00:00,-0.0031738281
2001-01-30 12:00:00,2.1911926
2001-01-31 12:00:00,3.122528
2001-02-01 12:00:00,7.0433044
2001-02-02 12:00:00,5.577667
2001-02-03 12:00:00,0.14004517
2001-02-04 12:00:00,-1.8752747
2001-02-05 12:00:00,-2.051361
2001-02-06 12:00:00,-1.4961548
2001-02-07 12:00:00,-7.421173
2001-02-08 12:00:00,-7.8642273
2001-02-09 12:00:00,-10.382721
2001-02-10 12:00:00,-9.948517
2001-02-11 12:00:00,-9.395477
2001-02-12 12:00:00,-6.8387146
2001-02-13 12:00:00,-0.4388733
2001-02-14 12:00:00,10.285065
2001-02-15 12:00:00,-3.1588745
2001-02-16 12:00:00,-11.147095
2001-02-17 12:00:00,-11.089935
2001-02-18 12:00:00,-9.674683
2001-02-19 12:00:00,-5.693939
2001-02-20 12:00:00,-7.1490173
2001-02-21 12:00:00,-8.794556
2001-02-22 12:00:00,-9.559296
2001-02-23 12:00:00,-7.9995117
2001-02-24 12:00:00,-1.6171875
2001-02-25 12:00:00,-3.3995056
2001-02-26 12:00:00,-3.6430664
2001-02-27 12:00:00,-4.650421
2001-02-28 12:00:00,-14.319733
2001-03-01 12:00:00,-12.058319
2001-03-02 12:00:00,-8.842987
2001-03-03 12:00:00,-5.568817
2001-03-04 12:00:00,-5.7826233
2001-03-05 12:00:00,-8.133514
2001-03-06 12:00:00,-8.261322
2001-03-07 12:00:00,-5.4252014
2001-03-08 12:00:00,-9.920868
2001-03-09 12:00:00,-4.0320435
2001-03-10 12:00:00,-10.357269
2001-03-11 12:00:00,-10.935883
2001-03-12 12:00:00,-9.48233
2001-03-13 12:00:00,-7.904785
2001-03-14 12:00:00,-7.494507
2001-03-15 12:00:00,-7.0665283
2001-03-16 12:00:00,-2.2773132
2001-03-17 12:00:00,-3.9611511
2001-03-18 12:00:00,-3.186737
2001-03-19 12:00:00,0.09616089
2001-03-20 12:00:00,1.0947571
2001-03-21 12:00:00,7.349243
2001-03-22 12:00:00,4.9618835
2001-03-23 12:00:00,3.1255798
2001-03-24 12:00:00,6.0156555
2001-03-25 12:00:00,11.584747
2001-03-26 12:00:00,4.3021545
2001-03-27 12:00:00,11.768951
2001-03-28 12:00:00,3.8103638
2001-03-29 12:00:00,3.3997192
2001-03-30 12:00:00,11.868103
2001-03-31 12:00:00,12.570465
2001-04-01 12:00:00,13.762451
2001-04-02 12:00:00,10.594116
2001-04-03 12:00:00,8.115051
2001-04-04 12:00:00,7.623413
2001-04-05 12:00:00,10.333099
2001-04-06 12:00:00,5.73172
2001-04-07 12:00:00,8.301239
2001-04-08 12:00:00,8.827972
2001-04-09 12:00:00,13.0243225
2001-04-10 12:00:00,11.445526
2001-04-11 12:00:00,7.617523
2001-04-12 12:00:00,6.856415
2001-04-13 12:00:00,5.4463196
2001-04-14 12:00:00,5.9967346
2001-04-15 12:00:00,2.8049622
2001-04-16 12:00:00,6.0506287
2001-04-17 12:00:00,7.3991394
2001-04-18 12:00:00,10.024536
2001-04-19 12:00:00,12.853058
2001-04-20 12:00:00,5.952759
2001-04-21 12:00:00,9.049683
2001-04-22 12:00:00,12.108002
2001-04-23 12:00:00,11.046234
2001-04-24 12:00:00,12.213104
2001-04-25 12:00:00,10.034302
2001-04-26 12:00:00,6.6911316
2001-04-27 12:00:00,5.532196
2001-04-28 12:00:00,8.478363
2001-04-29 12:00:00,5.063019
2001-04-30 12:00:00,9.752228
2001-05-01 12:00:00,13.4219055
2001-05-02 12:00:00,14.0954895
2001-05-03 12:00:00,12.727631
2001-05-04 12:00:00,11.093658
2001-05-05 12:00:00,12.113556
2001-05-06 12:00:00,13.497864
2001-05-07 12:00:00,11.423309
2001-05-08 12:00:00,7.9020996
2001-05-09 12:00:00,10.329529
2001-05-10 12:00:00,14.978973
2001-05-11 12:00:00,16.855988
2001-05-12 12:00:00,17.845612
2001-05-13 12:00:00,18.449188
2001-05-14 12:00:00,16.533783
2001-05-15 12:00:00,14.45755
2001-05-16 12:00:00,12.990143
2001-05-17 12:00:00,10.899414
2001-05-18 12:00:00,10.027374
2001-05-19 12:00:00,13.579102
2001-05-20 12:00:00,14.864349
2001-05-21 12:00:00,16.651886
2001-05-22 12:00:00,15.170013
2001-05-23 12:00:00,18.369995
2001-05-24 12:00:00,22.19516
2001-05-25 12:00:00,24.820343
2001-05-26 12:00:00,21.675018
2001-05-27 12:00:00,20.232086
2001-05-28 12:00:00,22.359528
2001-05-29 12:00:00,22.804138
2001-05-30 12:00:00,20.233398
2001-05-31 12:00:00,17.166656
2001-06-01 12:00:00,17.577667
2001-06-02 12:00:00,19.283905
2001-06-03 12:00:00,18.556976
2001-06-04 12:00:00,20.324646
2001-06-05 12:00:00,20.923248
2001-06-06 12:00:00,20.832245
2001-06-07 12:00:00,20.72168
2001-06-08 12:00:00,15.979218
2001-06-09 12:00:00,18.334167
2001-06-10 12:00:00,19.129791
2001-06-11 12:00:00,17.995087
2001-06-12 12:00:00,16.111053
2001-06-13 12:00:00,16.759064
2001-06-14 12:00:00,18.616669
2001-06-15 12:00:00,17.351898
2001-06-16 12:00:00,16.548859
2001-06-17 12:00:00,17.921478
2001-06-18 12:00:00,17.890106
2001-06-19 12:00:00,16.331696
2001-06-20 12:00:00,16.049194
2001-06-21 12:00:00,16.957703
2001-06-22 12:00:00,19.42395
2001-06-23 12:00:00,20.36087
2001-06-24 12:00:00,21.241241
2001-06-25 12:00:00,21.803314
2001-06-26 12:00:00,21.39386
2001-06-27 12:00:00,19.122345
2001-06-28 12:00:00,19.493256
2001-06-29 12:00:00,20.315247
2001-06-30 12:00:00,20.340454
2001-07-01 12:00:00,22.319489
2001-07-02 12:00:00,21.154266
2001-07-03 12:00:00,19.221405
2001-07-04 12:00:00,18.851715
2001-07-05 12:00:00,19.864563
2001-07-06 12:00:00,21.097626
2001-07-07 12:00:00,22.286224
2001-07-08 12:00:00,21.790344
2001-07-09 12:00:00,21.58371
2001-07-10 12:00:00,21.254913
2001-07-11 12:00:00,19.630646
2001-07-12 12:00:00,19.682281
2001-07-13 12:00:00,19.266266
2001-07-14 12:00:00,20.42102
2001-07-15 12:00:00,20.106049
2001-07-16 12:00:00,20.451935
2001-07-17 12:00:00,20.378143
2001-07-18 12:00:00,20.949188
2001-07-19 12:00:00,23.026459
2001-07-20 12:00:00,23.41684
2001-07-21 12:00:00,23.413239
2001-07-22 12:00:00,22.205292
2001-07-23 12:00:00,22.94632
2001-07-24 12:00:00,22.752716
2001-07-25 12:00:00,21.353577
2001-07-26 12:00:00,19.01242
2001-07-27 12:00:00,19.88556
2001-07-28 12:00:00,21.903595
2001-07-29 12:00:00,21.999054
2001-07-30 12:00:00,23.55191
2001-07-31 12:00:00,24.109375
2001-08-01 12:00:00,25.008698
2001-08-02 12:00:00,22.273285
2001-08-03 12:00:00,21.247833
2001-08-04 12:00:00,20.198639
2001-08-05 12:00:00,19.950775
2001-08-06 12:00:00,20.036957
2001-08-07 12:00:00,21.306
2001-08-08 12:00:00,21.63205
2001-08-09 12:00:00,22.589142
2001-08-10 12:00:00,23.284363
2001-08-11 12:00:00,22.624786
2001-08-12 12:00:00,22.63504
2001-08-13 12:00:00,23.27362
2001-08-14 12:00:00,23.117584
2001-08-15 12:00:00,23.478607
2001-08-16 12:00:00,23.915192
2001-08-17 12:00:00,20.56784
2001-08-18 12:00:00,21.559906
2001-08-19 12:00:00,23.64502
2001-08-20 12:00:00,23.923798
2001-08-21 12:00:00,23.305878
2001-08-22 12:00:00,26.250519
2001-08-23 12:00:00,20.728973
2001-08-24 12:00:00,19.11258
2001-08-25 12:00:00,21.067963
2001-08-26 12:00:00,21.973236
2001-08-27 12:00:00,24.437042
2001-08-28 12:00:00,27.171356
2001-08-29 12:00:00,26.02591
2001-08-30 12:00:00,19.680908
2001-08-31 12:00:00,18.389038
2001-09-01 12:00:00,18.192993
2001-09-02 12:00:00,23.429108
2001-09-03 12:00:00,23.51297
2001-09-04 12:00:00,20.911255
2001-09-05 12:00:00,19.620178
2001-09-06 12:00:00,18.754395
2001-09-07 12:00:00,22.220276
2001-09-08 12:00:00,20.801117
2001-09-09 12:00:00,18.6026
2001-09-10 12:00:00,17.68814
2001-09-11 12:00:00,16.135498
2001-09-12 12:00:00,16.796356
2001-09-13 12:00:00,20.854645
2001-09-14 12:00:00,18.703613
2001-09-15 12:00:00,16.640625
2001-09-16 12:00:00,18.082428
2001-09-17 12:00:00,17.820892
2001-09-18 12:00:00,20.483093
2001-09-19 12:00:00,15.850189
2001-09-20 12:00:00,13.362091
2001-09-21 12:00:00,14.267181
2001-09-22 12:00:00,17.473541
2001-09-23 12:00:00,19.64389
2001-09-24 12:00:00,20.508942
2001-09-25 12:00:00,21.248688
2001-09-26 12:00:00,22.243622
2001-09-27 12:00:00,18.022247
2001-09-28 12:00:00,18.344696
2001-09-29 12:00:00,23.139557
2001-09-30 12:00:00,23.401703
2001-10-01 12:00:00,24.139282
2001-10-02 12:00:00,21.885345
2001-10-03 12:00:00,15.423981
2001-10-04 12:00:00,17.42688
2001-10-05 12:00:00,14.178711
2001-10-06 12:00:00,11.355896
2001-10-07 12:00:00,12.062286
2001-10-08 12:00:00,15.068695
2001-10-09 12:00:00,15.880646
2001-10-10 12:00:00,9.519867
2001-10-11 12:00:00,9.096466
2001-10-12 12:00:00,11.949066
2001-10-13 12:00:00,12.331604
2001-10-14 12:00:00,13.430786
2001-10-15 12:00:00,20.544464
2001-10-16 12:00:00,18.528473
2001-10-17 12:00:00,9.151367
2001-10-18 12:00:00,7.650177
2001-10-19 12:00:00,13.917389
2001-10-20 12:00:00,20.575104
2001-10-21 12:00:00,13.712189
2001-10-22 12:00:00,5.570099
2001-10-23 12:00:00,10.8414
2001-10-24 12:00:00,17.701813
2001-10-25 12:00:00,12.471649
2001-10-26 12:00:00,3.9006653
2001-10-27 12:00:00,2.4421692
2001-10-28 12:00:00,6.7964783
2001-10-29 12:00:00,9.412201
2001-10-30 12:00:00,18.27005
2001-10-31 12:00:00,13.836761
2001-11-01 12:00:00,5.59848
2001-11-02 12:00:00,7.6805725
2001-11-03 12:00:00,9.255524
2001-11-04 12:00:00,11.056061
2001-11-05 12:00:00,6.367401
2001-11-06 12:00:00,1.89151
2001-11-07 12:00:00,2.7322693
2001-11-08 12:00:00,4.787689
2001-11-09 12:00:00,12.161133
2001-11-10 12:00:00,8.757111
2001-11-11 12:00:00,8.403992
2001-11-12 12:00:00,4.774872
2001-11-13 12:00:00,13.001251
2001-11-14 12:00:00,18.12085
2001-11-15 12:00:00,13.433685
2001-11-16 12:00:00,2.5708923
2001-11-17 12:00:00,1.6329651
2001-11-18 12:00:00,2.9119873
2001-11-19 12:00:00,2.0577087
2001-11-20 12:00:00,3.268158
2001-11-21 12:00:00,4.848053
2001-11-22 12:00:00,6.711029
2001-11-23 12:00:00,5.6008606
2001-11-24 12:00:00,3.6446838
2001-11-25 12:00:00,-2.4378967
2001-11-26 12:00:00,-5.077881
2001-11-27 12:00:00,-2.2547302
2001-11-28 12:00:00,0.75857544
2001-11-29 12:00:00,-1.1537476
2001-11-30 12:00:00,-1.4099426
2001-12-01 12:00:00,0.38909912
2001-12-02 12:00:00,3.7015076
2001-12-03 12:00:00,-0.74942017
2001-12-04 12:00:00,-1.6585388
2001-12-05 12:00:00,-3.193695
2001-12-06 12:00:00,-1.9674377
2001-12-07 12:00:00,-2.3146667
2001-12-08 12:00:00,3.2149353
2001-12-09 12:00:00,11.544708
2001-12-10 12:00:00,8.302765
2001-12-11 12:00:00,2.9961243
2001-12-12 12:00:00,8.608307
2001-12-13 12:00:00,-1.1155396
2001-12-14 12:00:00,-2.750763
2001-12-15 12:00:00,-0.70269775
2001-12-16 12:00:00,1.3312073
2001-12-17 12:00:00,-2.8191528
2001-12-18 12:00:00,-6.3888245
2001-12-19 12:00:00,-1.9569397
2001-12-20 12:00:00,-4.361969
2001-12-21 12:00:00,-6.40921
2001-12-22 12:00:00,-1.2636414
2001-12-23 12:00:00,-1.8493958
2001-12-24 12:00:00,0.14630127
2001-12-25 12:00:00,-0.60998535
2001-12-26 12:00:00,-3.5958862
2001-12-27 12:00:00,-7.268097
2001-12-28 12:00:00,-6.6664734
2001-12-29 12:00:00,-4.4083557
2001-12-30 12:00:00,-4.787903
2001-12-31 12:00:00,-1.7493286
2002-01-01 12:00:00,-1.6177063
2002-01-02 12:00:00,0.60943604
2002-01-03 12:00:00,0.4371643
2002-01-04 12:00:00,1.1961365
2002-01-05 12:00:00,-7.6928406
2002-01-06 12:00:00,-5.445526
2002-01-07 12:00:00,-8.497772
2002-01-08 12:00:00,-6.185211
2002-01-09 12:00:00,-3.8473816
2002-01-10 12:00:00,2.8573914
2002-01-11 12:00:00,0.07748413
2002-01-12 12:00:00,-4.365265
2002-01-13 12:00:00,-5.305786
2002-01-14 12:00:00,-4.4679565
2002-01-15 12:00:00,-4.1772156
2002-01-16 12:00:00,-11.702362
2002-01-17 12:00:00,-9.5399475
2002-01-18 12:00:00,-2.254425
2002-01-19 12:00:00,1.1086121
2002-01-20 12:00:00,-1.0760498
2002-01-21 12:00:00,-12.996735
2002-01-22 12:00:00,-7.2152405
2002-01-23 12:00:00,-1.6278381
2002-01-24 12:00:00,-6.28006
2002-01-25 12:00:00,-3.830536
2002-01-26 12:00:00,0.8428345
2002-01-27 12:00:00,2.6254578
2002-01-28 12:00:00,-1.27005
2002-01-29 12:00:00,3.9494324
2002-01-30 12:00:00,11.64444
2002-01-31 12:00:00,8.411163
2002-02-01 12:00:00,3.337799
2002-02-02 12:00:00,0.6576233
2002-02-03 12:00:00,-1.4844666
2002-02-04 12:00:00,-1.2037354
2002-02-05 12:00:00,0.41983032
2002-02-06 12:00:00,-0.58114624
2002-02-07 12:00:00,2.7085876
2002-02-08 12:00:00,0.20510864
2002-02-09 12:00:00,-4.395355
2002-02-10 12:00:00,-6.0816956
2002-02-11 12:00:00,4.714752
2002-02-12 12:00:00,3.4874878
2002-02-13 12:00:00,-2.395172
2002-02-14 12:00:00,-2.48172
2002-02-15 12:00:00,-2.9584656
2002-02-16 12:00:00,-1.7116394
2002-02-17 12:00:00,3.5063782
2002-02-18 12:00:00,4.2962036
2002-02-19 12:00:00,6.584381
2002-02-20 12:00:00,8.124664
2002-02-21 12:00:00,-5.0921936
2002-02-22 12:00:00,-6.4135437
2002-02-23 12:00:00,-8.108093
2002-02-24 12:00:00,0.94158936
2002-02-25 12:00:00,-6.2757874
2002-02-26 12:00:00,-8.308197
2002-02-27 12:00:00,-3.089386
2002-02-28 12:00:00,1.3635864
2002-03-01 12:00:00,1.4076538
2002-03-02 12:00:00,-0.2359314
2002-03-03 12:00:00,-0.23910522
2002-03-04 12:00:00,0.16946411
2002-03-05 12:00:00,-0.6562805
2002-03-06 12:00:00,-1.0409851
2002-03-07 12:00:00,0.6789551
2002-03-08 12:00:00,4.9680786
2002-03-09 12:00:00,7.110382
2002-03-10 12:00:00,-4.798523
2002-03-11 12:00:00,-5.997528
2002-03-12 12:00:00,0.73861694
2002-03-13 12:00:00,8.965881
2002-03-14 12:00:00,11.847534
2002-03-15 12:00:00,7.4587708
2002-03-16 12:00:00,5.9548035
2002-03-17 12:00:00,3.9078674
2002-03-18 12:00:00,4.313324
2002-03-19 12:00:00,4.93515
2002-03-20 12:00:00,7.3279114
2002-03-21 12:00:00,9.83963
2002-03-22 12:00:00,3.747406
2002-03-23 12:00:00,3.5856018
2002-03-24 12:00:00,2.9516296
2002-03-25 12:00:00,3.9682007
2002-03-26 12:00:00,3.3820496
2002-03-27 12:00:00,6.3016663
2002-03-28 12:00:00,4.2697144
2002-03-29 12:00:00,2.1835632
2002-03-30 12:00:00,3.9165344
2002-03-31 12:00:00,6.778717
2002-04-01 12:00:00,13.341522
2002-04-02 12:00:00,14.005432
2002-04-03 12:00:00,14.259644
2002-04-04 12:00:00,8.28067
2002-04-05 12:00:00,7.488861
2002-04-06 12:00:00,7.019043
2002-04-07 12:00:00,6.666992
2002-04-08 12:00:00,11.397247
2002-04-09 12:00:00,10.236176
2002-04-10 12:00:00,6.6531067
2002-04-11 12:00:00,3.9218445
2002-04-12 12:00:00,9.328583
2002-04-13 12:00:00,10.501312
2002-04-14 12:00:00,10.097015
2002-04-15 12:00:00,0.6439514
2002-04-16 12:00:00,6.476227
2002-04-17 12:00:00,6.293701
2002-04-18 12:00:00,7.455536
2002-04-19 12:00:00,12.798004
2002-04-20 12:00:00,16.062408
2002-04-21 12:00:00,14.4566345
2002-04-22 12:00:00,10.788361
2002-04-23 12:00:00,10.579376
2002-04-24 12:00:00,10.885529
2002-04-25 12:00:00,16.161987
2002-04-26 12:00:00,16.582794
2002-04-27 12:00:00,12.978424
2002-04-28 12:00:00,11.229675
2002-04-29 12:00:00,11.130096
2002-04-30 12:00:00,14.737183
2002-05-01 12:00:00,13.64444
2002-05-02 12:00:00,8.045197
2002-05-03 12:00:00,9.730713
2002-05-04 12:00:00,13.359833
2002-05-05 12:00:00,16.283844
2002-05-06 12:00:00,19.510284
2002-05-07 12:00:00,17.891022
2002-05-08 12:00:00,15.299438
2002-05-09 12:00:00,13.153229
2002-05-10 12:00:00,16.070435
2002-05-11 12:00:00,14.461975
2002-05-12 12:00:00,10.9435425
2002-05-13 12:00:00,10.508911
2002-05-14 12:00:00,12.21521
2002-05-15 12:00:00,15.4513855
2002-05-16 12:00:00,17.956818
2002-05-17 12:00:00,19.984528
2002-05-18 12:00:00,24.002136
2002-05-19 12:00:00,26.243622
2002-05-20 12:00:00,21.963135
2002-05-21 12:00:00,18.411163
2002-05-22 12:00:00,18.196198
2002-05-23 12:00:00,19.788849
2002-05-24 12:00:00,21.08902
2002-05-25 12:00:00,20.392792
2002-05-26 12:00:00,19.345825
2002-05-27 12:00:00,19.658813
2002-05-28 12:00:00,20.024323
2002-05-29 12:00:00,19.48349
2002-05-30 12:00:00,18.92392
2002-05-31 12:00:00,17.932404
2002-06-01 12:00:00,15.960114
2002-06-02 12:00:00,15.725372
2002-06-03 12:00:00,16.622772
2002-06-04 12:00:00,16.83789
2002-06-05 12:00:00,17.757294
2002-06-06 12:00:00,19.590332
2002-06-07 12:00:00,17.569794
2002-06-08 12:00:00,18.60968
2002-06-09 12:00:00,19.176208
2002-06-10 12:00:00,20.565948
2002-06-11 12:00:00,23.563934
2002-06-12 12:00:00,25.870087
2002-06-13 12:00:00,24.916718
2002-06-14 12:00:00,21.101166
2002-06-15 12:00:00,22.940338
2002-06-16 12:00:00,22.809723
2002-06-17 12:00:00,22.380005
2002-06-18 12:00:00,20.857147
2002-06-19 12:00:00,22.037872
2002-06-20 12:00:00,21.473145
2002-06-21 12:00:00,18.95694
2002-06-22 12:00:00,19.788849
2002-06-23 12:00:00,20.019012
2002-06-24 12:00:00,21.75003
2002-06-25 12:00:00,21.492859
2002-06-26 12:00:00,20.76535
2002-06-27 12:00:00,20.210815
2002-06-28 12:00:00,20.722382
2002-06-29 12:00:00,21.973785
2002-06-30 12:00:00,22.555634
2002-07-01 12:00:00,20.963348
2002-07-02 12:00:00,22.620392
2002-07-03 12:00:00,20.454681
2002-07-04 12:00:00,19.613068
2002-07-05 12:00:00,21.79834
2002-07-06 12:00:00,23.974152
2002-07-07 12:00:00,23.790741
2002-07-08 12:00:00,23.818726
2002-07-09 12:00:00,26.047943
2002-07-10 12:00:00,25.269867
2002-07-11 12:00:00,24.378082
2002-07-12 12:00:00,24.297516
2002-07-13 12:00:00,20.678436
2002-07-14 12:00:00,21.698303
2002-07-15 12:00:00,21.908417
2002-07-16 12:00:00,25.299835
2002-07-17 12:00:00,25.20755
2002-07-18 12:00:00,24.351562
2002-07-19 12:00:00,19.065338
2002-07-20 12:00:00,19.249237
2002-07-21 12:00:00,20.548065
2002-07-22 12:00:00,23.886108
2002-07-23 12:00:00,26.468445
2002-07-24 12:00:00,24.906097
2002-07-25 12:00:00,21.948761
2002-07-26 12:00:00,23.424591
2002-07-27 12:00:00,23.686646
2002-07-28 12:00:00,23.205933
2002-07-29 12:00:00,23.561707
2002-07-30 12:00:00,25.181976
2002-07-31 12:00:00,26.575531
2002-08-01 12:00:00,25.204376
2002-08-02 12:00:00,24.30899
2002-08-03 12:00:00,22.843231
2002-08-04 12:00:00,23.031586
2002-08-05 12:00:00,22.804535
2002-08-06 12:00:00,23.772675
2002-08-07 12:00:00,27.189056
2002-08-08 12:00:00,26.696503
2002-08-09 12:00:00,26.809967
2002-08-10 12:00:00,25.35617
2002-08-11 12:00:00,23.547638
2002-08-12 12:00:00,19.127563
2002-08-13 12:00:00,19.997833
2002-08-14 12:00:00,21.821625
2002-08-15 12:00:00,24.156342
2002-08-16 12:00:00,23.630249
2002-08-17 12:00:00,23.516327
2002-08-18 12:00:00,21.042786
2002-08-19 12:00:00,19.608246
2002-08-20 12:00:00,20.4534
2002-08-21 12:00:00,20.112823
2002-08-22 12:00:00,20.471985
2002-08-23 12:00:00,23.202698
2002-08-24 12:00:00,24.086884
2002-08-25 12:00:00,24.016724
2002-08-26 12:00:00,24.55362
2002-08-27 12:00:00,24.563538
2002-08-28 12:00:00,20.876617
2002-08-29 12:00:00,21.874908
2002-08-30 12:00:00,21.664642
2002-08-31 12:00:00,21.1409
2002-09-01 12:00:00,24.301239
2002-09-02 12:00:00,20.512909
2002-09-03 12:00:00,18.364166
2002-09-04 12:00:00,17.67398
2002-09-05 12:00:00,21.273346
2002-09-06 12:00:00,19.234467
2002-09-07 12:00:00,18.837982
2002-09-08 12:00:00,16.164154
2002-09-09 12:00:00,16.82602
2002-09-10 12:00:00,19.778046
2002-09-11 12:00:00,22.60199
2002-09-12 12:00:00,15.560242
2002-09-13 12:00:00,14.329132
2002-09-14 12:00:00,15.639191
2002-09-15 12:00:00,15.793121
2002-09-16 12:00:00,14.950165
2002-09-17 12:00:00,16.88858
2002-09-18 12:00:00,18.498016
2002-09-19 12:00:00,22.432312
2002-09-20 12:00:00,22.915009
2002-09-21 12:00:00,22.014313
2002-09-22 12:00:00,22.481232
2002-09-23 12:00:00,22.489166
2002-09-24 12:00:00,23.64682
2002-09-25 12:00:00,21.434753
2002-09-26 12:00:00,20.459076
2002-09-27 12:00:00,16.237274
2002-09-28 12:00:00,15.693512
2002-09-29 12:00:00,15.681366
2002-09-30 12:00:00,17.094452
2002-10-01 12:00:00,19.460968
2002-10-02 12:00:00,18.407806
2002-10-03 12:00:00,16.121552
2002-10-04 12:00:00,14.2604065
2002-10-05 12:00:00,16.835052
2002-10-06 12:00:00,18.51651
2002-10-07 12:00:00,16.901031
2002-10-08 12:00:00,17.904846
2002-10-09 12:00:00,21.154541
2002-10-10 12:00:00,19.248291
2002-10-11 12:00:00,11.165253
2002-10-12 12:00:00,7.9042053
2002-10-13 12:00:00,12.343506
2002-10-14 12:00:00,15.92395
2002-10-15 12:00:00,16.062866
2002-10-16 12:00:00,9.272278
2002-10-17 12:00:00,7.595459
2002-10-18 12:00:00,8.625641
2002-10-19 12:00:00,11.467163
2002-10-20 12:00:00,7.555023
2002-10-21 12:00:00,8.488129
2002-10-22 12:00:00,6.875702
2002-10-23 12:00:00,4.4326477
2002-10-24 12:00:00,6.929199
2002-10-25 12:00:00,7.076874
2002-10-26 12:00:00,12.264374
2002-10-27 12:00:00,16.592194
2002-10-28 12:00:00,12.244354
2002-10-29 12:00:00,11.034149
2002-10-30 12:00:00,14.8125305
2002-10-31 12:00:00,10.256134
2002-11-01 12:00:00,8.477722
2002-11-02 12:00:00,6.3813477
2002-11-03 12:00:00,5.93631
2002-11-04 12:00:00,10.067993
2002-11-05 12:00:00,10.468048
2002-11-06 12:00:00,9.197784
2002-11-07 12:00:00,7.056244
2002-11-08 12:00:00,9.78775
2002-11-09 12:00:00,15.375519
2002-11-10 12:00:00,10.709564
2002-11-11 12:00:00,17.044464
2002-11-12 12:00:00,11.026276
2002-11-13 12:00:00,4.907135
2002-11-14 12:00:00,4.8070984
2002-11-15 12:00:00,8.774689
2002-11-16 12:00:00,12.087433
2002-11-17 12:00:00,10.084564
2002-11-18 12:00:00,5.0397644
2002-11-19 12:00:00,7.4037476
2002-11-20 12:00:00,4.630829
2002-11-21 12:00:00,8.101532
2002-11-22 12:00:00,6.341034
2002-11-23 12:00:00,5.2625427
2002-11-24 12:00:00,-0.27120972
2002-11-25 12:00:00,-0.85653687
2002-11-26 12:00:00,3.5300598
2002-11-27 12:00:00,3.9283447
2002-11-28 12:00:00,6.4663086
2002-11-29 12:00:00,8.740662
2002-11-30 12:00:00,1.5418396
2002-12-01 12:00:00,0.14071655
2002-12-02 12:00:00,1.2333069
2002-12-03 12:00:00,3.5907288
2002-12-04 12:00:00,6.64447
2002-12-05 12:00:00,12.99057
2002-12-06 12:00:00,7.591156
2002-12-07 12:00:00,-0.4809265
2002-12-08 12:00:00,3.469757
2002-12-09 12:00:00,3.5560303
2002-12-10 12:00:00,-3.9964905
2002-12-11 12:00:00,-5.585907
2002-12-12 12:00:00,-4.5954285
2002-12-13 12:00:00,4.33786
2002-12-14 12:00:00,0.49282837
2002-12-15 12:00:00,-1.8155823
2002-12-16 12:00:00,-0.055541992
2002-12-17 12:00:00,-1.3179932
2002-12-18 12:00:00,-1.744812
2002-12-19 12:00:00,2.4770813
2002-12-20 12:00:00,1.7836304
2002-12-21 12:00:00,2.091156
2002-12-22 12:00:00,0.07455444
2002-12-23 12:00:00,-3.6961365
2002-12-24 12:00:00,-5.4828796
2002-12-25 12:00:00,-6.703705
2002-12-26 12:00:00,-7.176056
2002-12-27 12:00:00,-7.6684875
2002-12-28 12:00:00,-6.3450317
2002-12-29 12:00:00,-7.6830444
2002-12-30 12:00:00,-4.617584
2002-12-31 12:00:00,0.96762085
2003-01-01 12:00:00,-9.656158
2003-01-02 12:00:00,-8.443756
2003-01-03 12:00:00,-6.6647034
2003-01-04 12:00:00,1.8183899
2003-01-05 12:00:00,0.32858276
2003-01-06 12:00:00,6.3017273
2003-01-07 12:00:00,9.779205
2003-01-08 12:00:00,-2.6802673
2003-01-09 12:00:00,-4.553009
2003-01-10 12:00:00,-3.7622375
2003-01-11 12:00:00,-5.659912
2003-01-12 12:00:00,-5.493744
2003-01-13 12:00:00,-1.2268982
2003-01-14 12:00:00,-0.20779419
2003-01-15 12:00:00,1.0450745
2003-01-16 12:00:00,3.2668152
2003-01-17 12:00:00,2.9984741
2003-01-18 12:00:00,5.5432434
2003-01-19 12:00:00,10.251129
2003-01-20 12:00:00,8.6119995
2003-01-21 12:00:00,8.180695
2003-01-22 12:00:00,7.1028137
2003-01-23 12:00:00,-1.7103577
2003-01-24 12:00:00,-4.8488464
2003-01-25 12:00:00,-6.9127502
2003-01-26 12:00:00,-7.8712463
2003-01-27 12:00:00,-6.4839783
2003-01-28 12:00:00,-5.7523804
2003-01-29 12:00:00,-3.7716064
2003-01-30 12:00:00,8.332184
2003-01-31 12:00:00,5.66745
2003-02-01 12:00:00,6.1586
2003-02-02 12:00:00,-2.4560242
2003-02-03 12:00:00,-8.162994
2003-02-04 12:00:00,-5.365387
2003-02-05 12:00:00,-0.8725281
2003-02-06 12:00:00,11.298767
2003-02-07 12:00:00,15.19809
2003-02-08 12:00:00,15.271088
2003-02-09 12:00:00,1.8848572
2003-02-10 12:00:00,0.4291687
2003-02-11 12:00:00,-3.310791
2003-02-12 12:00:00,-0.6070862
2003-02-13 12:00:00,0.5831909
2003-02-14 12:00:00,9.187042
2003-02-15 12:00:00,5.1204224
2003-02-16 12:00:00,-0.22583008
2003-02-17 12:00:00,-1.97995
2003-02-18 12:00:00,4.308838
2003-02-19 12:00:00,-6.8244934
2003-02-20 12:00:00,-8.202972
2003-02-21 12:00:00,-6.468994
2003-02-22 12:00:00,-10.988434
2003-02-23 12:00:00,-10.51297
2003-02-24 12:00:00,-6.7972717
2003-02-25 12:00:00,-4.231415
2003-02-26 12:00:00,-0.89108276
2003-02-27 12:00:00,1.1641235
2003-02-28 12:00:00,-0.4286499
2003-03-01 12:00:00,-4.871338
2003-03-02 12:00:00,-7.8652344
2003-03-03 12:00:00,-5.6020813
2003-03-04 12:00:00,-7.0553284
2003-03-05 12:00:00,-9.830353
2003-03-06 12:00:00,-7.3053284
2003-03-07 12:00:00,-6.2654114
2003-03-08 12:00:00,-4.1532593
2003-03-09 12:00:00,-5.3451843
2003-03-10 12:00:00,-0.61434937
2003-03-11 12:00:00,-0.2428894
2003-03-12 12:00:00,-0.49551392
2003-03-13 12:00:00,0.61087036
2003-03-14 12:00:00,2.1002502
2003-03-15 12:00:00,3.1802368
2003-03-16 12:00:00,4.982086
2003-03-17 12:00:00,5.823517
2003-03-18 12:00:00,2.467987
2003-03-19 12:00:00,6.493042
2003-03-20 12:00:00,0.3364563
2003-03-21 12:00:00,-6.5126038
2003-03-22 12:00:00,-7.823242
2003-03-23 12:00:00,-3.6750793
2003-03-24 12:00:00,-1.8622131
2003-03-25 12:00:00,-0.4093933
2003-03-26 12:00:00,3.2026062
2003-03-27 12:00:00,4.203125
2003-03-28 12:00:00,5.57016
2003-03-29 12:00:00,7.749054
2003-03-30 12:00:00,12.505035
2003-03-31 12:00:00,12.923981
2003-04-01 12:00:00,11.5381775
2003-04-02 12:00:00,7.1372986
2003-04-03 12:00:00,2.138214
2003-04-04 12:00:00,5.934845
2003-04-05 12:00:00,10.886871
2003-04-06 12:00:00,17.701538
2003-04-07 12:00:00,21.1781
2003-04-08 12:00:00,19.543304
2003-04-09 12:00:00,17.876434
2003-04-10 12:00:00,11.378418
2003-04-11 12:00:00,7.351349
2003-04-12 12:00:00,6.759613
2003-04-13 12:00:00,2.1087646
2003-04-14 12:00:00,8.260437
2003-04-15 12:00:00,6.4427185
2003-04-16 12:00:00,-3.7651672
2003-04-17 12:00:00,4.120636
2003-04-18 12:00:00,8.189728
2003-04-19 12:00:00,7.131256
2003-04-20 12:00:00,6.4447327
2003-04-21 12:00:00,6.45224
2003-04-22 12:00:00,6.0457764
2003-04-23 12:00:00,8.086761
2003-04-24 12:00:00,8.3341675
2003-04-25 12:00:00,11.65625
2003-04-26 12:00:00,16.106903
2003-04-27 12:00:00,13.958099
2003-04-28 12:00:00,10.305267
2003-04-29 12:00:00,8.18808
2003-04-30 12:00:00,9.453278
2003-05-01 12:00:00,10.5572815
2003-05-02 12:00:00,13.843353
2003-05-03 12:00:00,17.087433
2003-05-04 12:00:00,16.72696
2003-05-05 12:00:00,17.353027
2003-05-06 12:00:00,15.29361
2003-05-07 12:00:00,14.993439
2003-05-08 12:00:00,11.318726
2003-05-09 12:00:00,12.140167
2003-05-10 12:00:00,13.176544
2003-05-11 12:00:00,16.151093
2003-05-12 12:00:00,16.673859
2003-05-13 12:00:00,21.692902
2003-05-14 12:00:00,21.4693
2003-05-15 12:00:00,21.84134
2003-05-16 12:00:00,18.338959
2003-05-17 12:00:00,16.438019
2003-05-18 12:00:00,18.183868
2003-05-19 12:00:00,18.834625
2003-05-20 12:00:00,18.462036
2003-05-21 12:00:00,17.550995
2003-05-22 12:00:00,15.368408
2003-05-23 12:00:00,15.2664795
2003-05-24 12:00:00,15.424835
2003-05-25 12:00:00,17.10495
2003-05-26 12:00:00,17.155334
2003-05-27 12:00:00,18.22467
2003-05-28 12:00:00,16.849884
2003-05-29 12:00:00,17.321594
2003-05-30 12:00:00,20.047333
2003-05-31 12:00:00,19.561737
2003-06-01 12:00:00,18.062286
2003-06-02 12:00:00,19.602203
2003-06-03 12:00:00,17.878326
2003-06-04 12:00:00,17.423004
2003-06-05 12:00:00,18.734406
2003-06-06 12:00:00,18.234589
2003-06-07 12:00:00,18.787018
2003-06-08 12:00:00,18.544617
2003-06-09 12:00:00,19.369232
2003-06-10 12:00:00,21.125763
2003-06-11 12:00:00,21.276337
2003-06-12 12:00:00,22.039917
2003-06-13 12:00:00,22.544342
2003-06-14 12:00:00,21.984406
2003-06-15 12:00:00,18.697754
2003-06-16 12:00:00,20.260834
2003-06-17 12:00:00,21.149414
2003-06-18 12:00:00,19.85434
2003-06-19 12:00:00,20.087372
2003-06-20 12:00:00,20.934906
2003-06-21 12:00:00,20.614166
2003-06-22 12:00:00,19.64798
2003-06-23 12:00:00,20.219604
2003-06-24 12:00:00,19.996613
2003-06-25 12:00:00,20.980316
2003-06-26 12:00:00,22.118744
2003-06-27 12:00:00,23.256195
2003-06-28 12:00:00,25.282806
2003-06-29 12:00:00,26.261932
2003-06-30 12:00:00,26.137726
2003-07-01 12:00:00,19.876373
2003-07-02 12:00:00,19.198578
2003-07-03 12:00:00,20.295197
2003-07-04 12:00:00,20.691254
2003-07-05 12:00:00,20.404938
2003-07-06 12:00:00,20.761078
2003-07-07 12:00:00,21.678375
2003-07-08 12:00:00,21.918915
2003-07-09 12:00:00,22.302338
2003-07-10 12:00:00,22.698944
2003-07-11 12:00:00,25.09726
2003-07-12 12:00:00,26.831055
2003-07-13 12:00:00,25.92398
2003-07-14 12:00:00,25.80252
2003-07-15 12:00:00,26.008026
2003-07-16 12:00:00,26.778168
2003-07-17 12:00:00,27.126862
2003-07-18 12:00:00,22.365173
2003-07-19 12:00:00,21.243408
2003-07-20 12:00:00,24.567047
2003-07-21 12:00:00,26.28299
2003-07-22 12:00:00,25.930084
2003-07-23 12:00:00,26.84433
2003-07-24 12:00:00,26.399017
2003-07-25 12:00:00,24.460785
2003-07-26 12:00:00,23.990997
2003-07-27 12:00:00,25.087494
2003-07-28 12:00:00,25.35904
2003-07-29 12:00:00,24.769012
2003-07-30 12:00:00,25.449951
2003-07-31 12:00:00,23.639648
2003-08-01 12:00:00,23.401398
2003-08-02 12:00:00,25.529694
2003-08-03 12:00:00,25.657684
2003-08-04 12:00:00,25.68045
2003-08-05 12:00:00,25.876923
2003-08-06 12:00:00,27.516937
2003-08-07 12:00:00,27.970001
2003-08-08 12:00:00,28.667633
2003-08-09 12:00:00,26.437836
2003-08-10 12:00:00,24.792542
2003-08-11 12:00:00,24.480194
2003-08-12 12:00:00,22.598175
2003-08-13 12:00:00,24.826324
2003-08-14 12:00:00,27.205475
2003-08-15 12:00:00,28.881866
2003-08-16 12:00:00,28.1893
2003-08-17 12:00:00,26.575623
2003-08-18 12:00:00,26.756561
2003-08-19 12:00:00,26.387177
2003-08-20 12:00:00,27.080292
2003-08-21 12:00:00,26.822968
2003-08-22 12:00:00,27.315887
2003-08-23 12:00:00,26.860413
2003-08-24 12:00:00,24.287872
2003-08-25 12:00:00,24.19986
2003-08-26 12:00:00,24.171722
2003-08-27 12:00:00,25.83963
2003-08-28 12:00:00,22.142609
2003-08-29 12:00:00,22.104095
2003-08-30 12:00:00,26.735931
2003-08-31 12:00:00,29.159698
2003-09-01 12:00:00,20.8414
2003-09-02 12:00:00,16.60614
2003-09-03 12:00:00,19.66922
2003-09-04 12:00:00,18.510254
2003-09-05 12:00:00,18.067596
2003-09-06 12:00:00,21.157745
2003-09-07 12:00:00,21.885223
2003-09-08 12:00:00,21.737915
2003-09-09 12:00:00,21.535309
2003-09-10 12:00:00,20.176483
2003-09-11 12:00:00,18.077301
2003-09-12 12:00:00,16.68222
2003-09-13 12:00:00,17.692963
2003-09-14 12:00:00,20.223022
2003-09-15 12:00:00,21.972504
2003-09-16 12:00:00,22.513275
2003-09-17 12:00:00,22.100311
2003-09-18 12:00:00,20.51477
2003-09-19 12:00:00,22.952576
2003-09-20 12:00:00,22.098755
2003-09-21 12:00:00,21.899506
2003-09-22 12:00:00,18.98465
2003-09-23 12:00:00,18.42743
2003-09-24 12:00:00,19.853546
2003-09-25 12:00:00,22.148254
2003-09-26 12:00:00,19.8367
2003-09-27 12:00:00,18.763397
2003-09-28 12:00:00,21.842865
2003-09-29 12:00:00,24.22647
2003-09-30 12:00:00,25.71347
2003-10-01 12:00:00,23.626556
2003-10-02 12:00:00,15.7899475
2003-10-03 12:00:00,14.814545
2003-10-04 12:00:00,16.004791
2003-10-05 12:00:00,20.70578
2003-10-06 12:00:00,14.511139
2003-10-07 12:00:00,13.694061
2003-10-08 12:00:00,13.570648
2003-10-09 12:00:00,11.881622
2003-10-10 12:00:00,8.298798
2003-10-11 12:00:00,8.239227
2003-10-12 12:00:00,13.121429
2003-10-13 12:00:00,13.511902
2003-10-14 12:00:00,14.055328
2003-10-15 12:00:00,18.685394
2003-10-16 12:00:00,17.232025
2003-10-17 12:00:00,10.638367
2003-10-18 12:00:00,7.9301453
2003-10-19 12:00:00,9.015961
2003-10-20 12:00:00,8.0885315
2003-10-21 12:00:00,13.30838
2003-10-22 12:00:00,11.707306
2003-10-23 12:00:00,11.297058
2003-10-24 12:00:00,8.209625
2003-10-25 12:00:00,6.951416
2003-10-26 12:00:00,8.720978
2003-10-27 12:00:00,8.198273
2003-10-28 12:00:00,10.610992
2003-10-29 12:00:00,8.687805
2003-10-30 12:00:00,6.4541016
2003-10-31 12:00:00,4.6664124
2003-11-01 12:00:00,6.9031677
2003-11-02 12:00:00,7.308502
2003-11-03 12:00:00,5.5866394
2003-11-04 12:00:00,7.872162
2003-11-05 12:00:00,6.716278
2003-11-06 12:00:00,5.4809265
2003-11-07 12:00:00,8.782501
2003-11-08 12:00:00,11.256683
2003-11-09 12:00:00,7.7415466
2003-11-10 12:00:00,14.070709
2003-11-11 12:00:00,15.743256
2003-11-12 12:00:00,15.862518
2003-11-13 12:00:00,17.10373
2003-11-14 12:00:00,11.9835205
2003-11-15 12:00:00,17.201782
2003-11-16 12:00:00,3.6223145
2003-11-17 12:00:00,1.5840149
2003-11-18 12:00:00,7.210968
2003-11-19 12:00:00,5.887665
2003-11-20 12:00:00,5.778717
2003-11-21 12:00:00,-0.7753906
2003-11-22 12:00:00,-0.4441223
2003-11-23 12:00:00,3.8538513
2003-11-24 12:00:00,7.551422
2003-11-25 12:00:00,8.336273
2003-11-26 12:00:00,14.762543
2003-11-27 12:00:00,4.544098
2003-11-28 12:00:00,4.606659
2003-11-29 12:00:00,2.7554321
2003-11-30 12:00:00,2.214264
2003-12-01 12:00:00,1.3042908
2003-12-02 12:00:00,10.915436
2003-12-03 12:00:00,7.747162
2003-12-04 12:00:00,4.495453
2003-12-05 12:00:00,-0.20150757
2003-12-06 12:00:00,0.38024902
2003-12-07 12:00:00,2.2218628
2003-12-08 12:00:00,2.2634583
2003-12-09 12:00:00,3.91214
2003-12-10 12:00:00,4.8057556
2003-12-11 12:00:00,4.32428
2003-12-12 12:00:00,1.1252136
2003-12-13 12:00:00,10.44693
2003-12-14 12:00:00,-4.1576233
2003-12-15 12:00:00,-4.7745667
2003-12-16 12:00:00,-2.2146912
2003-12-17 12:00:00,-0.99386597
2003-12-18 12:00:00,-0.7206116
2003-12-19 12:00:00,-0.39926147
2003-12-20 12:00:00,0.37905884
2003-12-21 12:00:00,6.6976013
2003-12-22 12:00:00,5.419281
2003-12-23 12:00:00,-5.4753113
2003-12-24 12:00:00,-2.3182068
2003-12-25 12:00:00,-0.8739319
2003-12-26 12:00:00,0.93240356
2003-12-27 12:00:00,-1.2994385
2003-12-28 12:00:00,-5.042389
2003-12-29 12:00:00,-6.275421
2003-12-30 12:00:00,-12.812714
2003-12-31 12:00:00,-8.373993
2004-01-01 12:00:00,-1.3044128
2004-01-02 12:00:00,-2.414917
2004-01-03 12:00:00,-1.7455139
2004-01-04 12:00:00,2.915802
2004-01-05 12:00:00,2.4244995
2004-01-06 12:00:00,2.5695496
2004-01-07 12:00:00,0.31677246
2004-01-08 12:00:00,-5.351959
2004-01-09 12:00:00,-4.6536865
2004-01-10 12:00:00,-3.2843323
2004-01-11 12:00:00,-8.239838
2004-01-12 12:00:00,-4.6796875
2004-01-13 12:00:00,5.839325
2004-01-14 12:00:00,-2.3224792
2004-01-15 12:00:00,-0.66989136
2004-01-16 12:00:00,2.9506836
2004-01-17 12:00:00,10.874908
2004-01-18 12:00:00,3.010498
2004-01-19 12:00:00,0.73617554
2004-01-20 12:00:00,-2.4426575
2004-01-21 12:00:00,-6.6648254
2004-01-22 12:00:00,-6.523529
2004-01-23 12:00:00,-3.4300537
2004-01-24 12:00:00,0.93359375
2004-01-25 12:00:00,1.72995
2004-01-26 12:00:00,-6.1342163
2004-01-27 12:00:00,-14.535858
2004-01-28 12:00:00,-7.49234
2004-01-29 12:00:00,1.2880554
2004-01-30 12:00:00,-12.505524
2004-01-31 12:00:00,-13.219635
2004-02-01 12:00:00,-4.4363403
2004-02-02 12:00:00,-3.4654846
2004-02-03 12:00:00,2.4040527
2004-02-04 12:00:00,0.967926
2004-02-05 12:00:00,-3.5720825
2004-02-06 12:00:00,1.131134
2004-02-07 12:00:00,-4.4776306
2004-02-08 12:00:00,-15.229797
2004-02-09 12:00:00,-2.851532
2004-02-10 12:00:00,-5.995758
2004-02-11 12:00:00,-1.0297241
2004-02-12 12:00:00,7.1007996
2004-02-13 12:00:00,-0.4149475
2004-02-14 12:00:00,2.2001953
2004-02-15 12:00:00,2.8885803
2004-02-16 12:00:00,5.575226
2004-02-17 12:00:00,6.33255
2004-02-18 12:00:00,-2.1035461
2004-02-19 12:00:00,-1.5871277
2004-02-20 12:00:00,-0.31826782
2004-02-21 12:00:00,-0.844635
2004-02-22 12:00:00,2.1473694
2004-02-23 12:00:00,-1.9748535
2004-02-24 12:00:00,8.33725
2004-02-25 12:00:00,10.445129
2004-02-26 12:00:00,9.156189
2004-02-27 12:00:00,3.5179749
2004-02-28 12:00:00,7.102997
2004-02-29 12:00:00,12.010162
2004-03-01 12:00:00,4.1820374
2004-03-02 12:00:00,2.8884583
2004-03-03 12:00:00,1.2337341
2004-03-04 12:00:00,-5.298767
2004-03-05 12:00:00,-8.6987
2004-03-06 12:00:00,-5.039276
2004-03-07 12:00:00,0.3163452
2004-03-08 12:00:00,1.1107483
2004-03-09 12:00:00,-1.8804016
2004-03-10 12:00:00,-0.5704651
2004-03-11 12:00:00,-5.170929
2004-03-12 12:00:00,-2.818512
2004-03-13 12:00:00,0.43301392
2004-03-14 12:00:00,0.04647827
2004-03-15 12:00:00,2.4985657
2004-03-16 12:00:00,6.120117
2004-03-17 12:00:00,2.9629822
2004-03-18 12:00:00,4.4299316
2004-03-19 12:00:00,1.2015076
2004-03-20 12:00:00,-7.1805115
2004-03-21 12:00:00,-2.7625122
2004-03-22 12:00:00,1.2018433
2004-03-23 12:00:00,7.818573
2004-03-24 12:00:00,-3.514679
2004-03-25 12:00:00,-6.8453064
2004-03-26 12:00:00,-1.4578552
2004-03-27 12:00:00,-2.514618
2004-03-28 12:00:00,-9.372711
2004-03-29 12:00:00,-5.1548157
2004-03-30 12:00:00,4.1833496
2004-03-31 12:00:00,5.0119934
2004-04-01 12:00:00,1.2644958
2004-04-02 12:00:00,1.6936035
2004-04-03 12:00:00,9.994995
2004-04-04 12:00:00,11.919525
2004-04-05 12:00:00,6.838318
2004-04-06 12:00:00,7.5834045
2004-04-07 12:00:00,12.411194
2004-04-08 12:00:00,10.030731
2004-04-09 12:00:00,11.915802
2004-04-10 12:00:00,4.465454
2004-04-11 12:00:00,8.872955
2004-04-12 12:00:00,5.7070923
2004-04-13 12:00:00,3.2308655
2004-04-14 12:00:00,9.638397
2004-04-15 12:00:00,2.1837769
2004-04-16 12:00:00,2.4476624
2004-04-17 12:00:00,5.019287
2004-04-18 12:00:00,6.633911
2004-04-19 12:00:00,5.027191
2004-04-20 12:00:00,7.306671
2004-04-21 12:00:00,9.794952
2004-04-22 12:00:00,11.000214
2004-04-23 12:00:00,15.059784
2004-04-24 12:00:00,4.780487
2004-04-25 12:00:00,2.5291748
2004-04-26 12:00:00,5.1923523
2004-04-27 12:00:00,6.7963257
2004-04-28 12:00:00,4.8965454
2004-04-29 12:00:00,7.8280945
2004-04-30 12:00:00,9.508514
2004-05-01 12:00:00,9.174103
2004-05-02 12:00:00,10.130859
2004-05-03 12:00:00,8.790924
2004-05-04 12:00:00,9.760132
2004-05-05 12:00:00,15.463959
2004-05-06 12:00:00,15.959747
2004-05-07 12:00:00,11.444611
2004-05-08 12:00:00,11.977631
2004-05-09 12:00:00,12.728851
2004-05-10 12:00:00,11.00412
2004-05-11 12:00:00,11.865875
2004-05-12 12:00:00,11.081421
2004-05-13 12:00:00,10.357727
2004-05-14 12:00:00,8.458588
2004-05-15 12:00:00,9.31958
2004-05-16 12:00:00,10.045471
2004-05-17 12:00:00,8.830811
2004-05-18 12:00:00,10.159424
2004-05-19 12:00:00,9.797333
2004-05-20 12:00:00,7.1966553
2004-05-21 12:00:00,10.9888
2004-05-22 12:00:00,13.425934
2004-05-23 12:00:00,10.785126
2004-05-24 12:00:00,10.53067
2004-05-25 12:00:00,16.252777
2004-05-26 12:00:00,20.45456
2004-05-27 12:00:00,22.716583
2004-05-28 12:00:00,24.36621
2004-05-29 12:00:00,23.689331
2004-05-30 12:00:00,21.764435
2004-05-31 12:00:00,20.565033
2004-06-01 12:00:00,19.89737
2004-06-02 12:00:00,18.859436
2004-06-03 12:00:00,16.388672
2004-06-04 12:00:00,14.433868
2004-06-05 12:00:00,16.898956
2004-06-06 12:00:00,17.34671
2004-06-07 12:00:00,18.31363
2004-06-08 12:00:00,20.002869
2004-06-09 12:00:00,20.680267
2004-06-10 12:00:00,19.69519
2004-06-11 12:00:00,20.175812
2004-06-12 12:00:00,20.711487
2004-06-13 12:00:00,18.487762
2004-06-14 12:00:00,24.5654
2004-06-15 12:00:00,22.574799
2004-06-16 12:00:00,19.327484
2004-06-17 12:00:00,18.62268
2004-06-18 12:00:00,18.644867
2004-06-19 12:00:00,17.574554
2004-06-20 12:00:00,17.643585
2004-06-21 12:00:00,18.266571
2004-06-22 12:00:00,21.01773
2004-06-23 12:00:00,22.605927
2004-06-24 12:00:00,23.601898
2004-06-25 12:00:00,20.217743
2004-06-26 12:00:00,20.76883
2004-06-27 12:00:00,20.061707
2004-06-28 12:00:00,20.55832
2004-06-29 12:00:00,21.180847
2004-06-30 12:00:00,20.158844
2004-07-01 12:00:00,20.299957
2004-07-02 12:00:00,21.113129
2004-07-03 12:00:00,20.729645
2004-07-04 12:00:00,20.004852
2004-07-05 12:00:00,19.413025
2004-07-06 12:00:00,21.179169
2004-07-07 12:00:00,22.492828
2004-07-08 12:00:00,24.297821
2004-07-09 12:00:00,25.023651
2004-07-10 12:00:00,25.052032
2004-07-11 12:00:00,24.264496
2004-07-12 12:00:00,21.413452
2004-07-13 12:00:00,24.939545
2004-07-14 12:00:00,27.125336
2004-07-15 12:00:00,24.975739
2004-07-16 12:00:00,24.779877
2004-07-17 12:00:00,24.493439
2004-07-18 12:00:00,24.64975
2004-07-19 12:00:00,24.29898
2004-07-20 12:00:00,23.143341
2004-07-21 12:00:00,24.675934
2004-07-22 12:00:00,25.96637
2004-07-23 12:00:00,23.624786
2004-07-24 12:00:00,22.993988
2004-07-25 12:00:00,23.175995
2004-07-26 12:00:00,25.230438
2004-07-27 12:00:00,26.039276
2004-07-28 12:00:00,26.82132
2004-07-29 12:00:00,26.173615
2004-07-30 12:00:00,25.206848
2004-07-31 12:00:00,23.94925
2004-08-01 12:00:00,24.419495
2004-08-02 12:00:00,24.583862
2004-08-03 12:00:00,25.02713
2004-08-04 12:00:00,25.237732
2004-08-05 12:00:00,25.16394
2004-08-06 12:00:00,24.046661
2004-08-07 12:00:00,22.465668
2004-08-08 12:00:00,20.00296
2004-08-09 12:00:00,21.092773
2004-08-10 12:00:00,20.847626
2004-08-11 12:00:00,18.185211
2004-08-12 12:00:00,18.10608
2004-08-13 12:00:00,21.325653
2004-08-14 12:00:00,21.990143
2004-08-15 12:00:00,21.369629
2004-08-16 12:00:00,22.582184
2004-08-17 12:00:00,23.936615
2004-08-18 12:00:00,25.38916
2004-08-19 12:00:00,24.763336
2004-08-20 12:00:00,24.214447
2004-08-21 12:00:00,24.82965
2004-08-22 12:00:00,23.374298
2004-08-23 12:00:00,23.033142
2004-08-24 12:00:00,20.891052
2004-08-25 12:00:00,20.208405
2004-08-26 12:00:00,21.152649
2004-08-27 12:00:00,18.903534
2004-08-28 12:00:00,19.489716
2004-08-29 12:00:00,22.099457
2004-08-30 12:00:00,22.722076
2004-08-31 12:00:00,22.857391
2004-09-01 12:00:00,22.893738
2004-09-02 12:00:00,22.078766
2004-09-03 12:00:00,19.697601
2004-09-04 12:00:00,18.876678
2004-09-05 12:00:00,18.040955
2004-09-06 12:00:00,18.16098
2004-09-07 12:00:00,18.922028
2004-09-08 12:00:00,20.237915
2004-09-09 12:00:00,20.597626
2004-09-10 12:00:00,21.527954
2004-09-11 12:00:00,22.966644
2004-09-12 12:00:00,23.275818
2004-09-13 12:00:00,22.937653
2004-09-14 12:00:00,17.171326
2004-09-15 12:00:00,13.038849
2004-09-16 12:00:00,20.769562
2004-09-17 12:00:00,19.388458
2004-09-18 12:00:00,18.287811
2004-09-19 12:00:00,18.892181
2004-09-20 12:00:00,18.895355
2004-09-21 12:00:00,18.597015
2004-09-22 12:00:00,18.031525
2004-09-23 12:00:00,19.25821
2004-09-24 12:00:00,16.621338
2004-09-25 12:00:00,16.642914
2004-09-26 12:00:00,19.403595
2004-09-27 12:00:00,20.979279
2004-09-28 12:00:00,21.170868
2004-09-29 12:00:00,21.259125
2004-09-30 12:00:00,17.400848
2004-10-01 12:00:00,23.355835
2004-10-02 12:00:00,20.927002
2004-10-03 12:00:00,10.53302
2004-10-04 12:00:00,10.882416
2004-10-05 12:00:00,14.176117
2004-10-06 12:00:00,17.547302
2004-10-07 12:00:00,22.29712
2004-10-08 12:00:00,19.255524
2004-10-09 12:00:00,17.44571
2004-10-10 12:00:00,18.63034
2004-10-11 12:00:00,11.8714905
2004-10-12 12:00:00,11.913361
2004-10-13 12:00:00,13.000702
2004-10-14 12:00:00,9.044952
2004-10-15 12:00:00,8.311859
2004-10-16 12:00:00,5.9753723
2004-10-17 12:00:00,6.8666077
2004-10-18 12:00:00,9.500671
2004-10-19 12:00:00,10.467346
2004-10-20 12:00:00,9.819031
2004-10-21 12:00:00,10.572601
2004-10-22 12:00:00,9.562347
2004-10-23 12:00:00,8.605652
2004-10-24 12:00:00,8.116455
2004-10-25 12:00:00,9.385651
2004-10-26 12:00:00,7.332794
2004-10-27 12:00:00,6.4568787
2004-10-28 12:00:00,11.088898
2004-10-29 12:00:00,9.54483
2004-10-30 12:00:00,6.3645935
2004-10-31 12:00:00,6.4711
2004-11-01 12:00:00,9.1405945
2004-11-02 12:00:00,3.9167175
2004-11-03 12:00:00,5.1220703
2004-11-04 12:00:00,10.540863
2004-11-05 12:00:00,11.985504
2004-11-06 12:00:00,10.746368
2004-11-07 12:00:00,16.611877
2004-11-08 12:00:00,15.643524
2004-11-09 12:00:00,2.0508728
2004-11-10 12:00:00,3.054596
2004-11-11 12:00:00,5.2117615
2004-11-12 12:00:00,4.959259
2004-11-13 12:00:00,2.2710266
2004-11-14 12:00:00,7.300873
2004-11-15 12:00:00,5.6187744
2004-11-16 12:00:00,1.1266785
2004-11-17 12:00:00,0.48953247
2004-11-18 12:00:00,-0.32458496
2004-11-19 12:00:00,5.517914
2004-11-20 12:00:00,2.4819336
2004-11-21 12:00:00,0.13363647
2004-11-22 12:00:00,-1.0746155
2004-11-23 12:00:00,-2.638153
2004-11-24 12:00:00,-2.3158264
2004-11-25 12:00:00,2.858368
2004-11-26 12:00:00,-3.4448547
2004-11-27 12:00:00,-5.0585327
2004-11-28 12:00:00,-4.0964966
2004-11-29 12:00:00,-3.6769714
2004-11-30 12:00:00,-0.8751831
2004-12-01 12:00:00,3.005951
2004-12-02 12:00:00,1.0426025
2004-12-03 12:00:00,13.073822
2004-12-04 12:00:00,16.516998
2004-12-05 12:00:00,12.377197
2004-12-06 12:00:00,-0.046661377
2004-12-07 12:00:00,1.0115967
2004-12-08 12:00:00,10.4263
2004-12-09 12:00:00,-1.450531
2004-12-10 12:00:00,2.5305786
2004-12-11 12:00:00,1.9388428
2004-12-12 12:00:00,6.9317627
2004-12-13 12:00:00,8.862762
2004-12-14 12:00:00,-2.9063416
2004-12-15 12:00:00,5.9516907
2004-12-16 12:00:00,9.438568
2004-12-17 12:00:00,8.82843
2004-12-18 12:00:00,6.3714905
2004-12-19 12:00:00,11.387665
2004-12-20 12:00:00,12.15387
2004-12-21 12:00:00,-4.479187
2004-12-22 12:00:00,-3.0436707
2004-12-23 12:00:00,6.427887
2004-12-24 12:00:00,12.073883
2004-12-25 12:00:00,14.343109
2004-12-26 12:00:00,3.44281
2004-12-27 12:00:00,4.1994324
2004-12-28 12:00:00,-3.9391174
2004-12-29 12:00:00,-13.406708
2004-12-30 12:00:00,-4.531494
2004-12-31 12:00:00,0.05996704
2005-01-01 12:00:00,-1.1220398
2005-01-02 12:00:00,-4.7309875
2005-01-03 12:00:00,-11.321564
2005-01-04 12:00:00,-3.7132263
2005-01-05 12:00:00,-6.6512756
2005-01-06 12:00:00,-12.055939
2005-01-07 12:00:00,-6.0193176
2005-01-08 12:00:00,-11.947052
2005-01-09 12:00:00,0.24642944
2005-01-10 12:00:00,-12.063934
2005-01-11 12:00:00,-11.891083
2005-01-12 12:00:00,-2.06427
2005-01-13 12:00:00,-5.33432
2005-01-14 12:00:00,-11.107574
2005-01-15 12:00:00,-8.692963
2005-01-16 12:00:00,-8.778961
2005-01-17 12:00:00,-3.2426453
2005-01-18 12:00:00,9.968475
2005-01-19 12:00:00,-3.0239563
2005-01-20 12:00:00,-8.479034
2005-01-21 12:00:00,-8.827698
2005-01-22 12:00:00,-7.5065613
2005-01-23 12:00:00,-2.121582
2005-01-24 12:00:00,-6.7134094
2005-01-25 12:00:00,-10.086761
2005-01-26 12:00:00,-8.6527405
2005-01-27 12:00:00,-9.190582
2005-01-28 12:00:00,-7.9440613
2005-01-29 12:00:00,-13.090942
2005-01-30 12:00:00,-9.957489
2005-01-31 12:00:00,-12.890137
2005-02-01 12:00:00,-5.021637
2005-02-02 12:00:00,-7.803314
2005-02-03 12:00:00,-7.5871887
2005-02-04 12:00:00,1.8701477
2005-02-05 12:00:00,-4.651825
2005-02-06 12:00:00,-2.1298828
2005-02-07 12:00:00,0.7215271
2005-02-08 12:00:00,1.7623291
2005-02-09 12:00:00,-7.586029
2005-02-10 12:00:00,-14.4999695
2005-02-11 12:00:00,-10.320862
2005-02-12 12:00:00,-13.284027
2005-02-13 12:00:00,-10.253998
2005-02-14 12:00:00,-0.5393982
2005-02-15 12:00:00,0.9363098
2005-02-16 12:00:00,-0.5713806
2005-02-17 12:00:00,-1.8539734
2005-02-18 12:00:00,-6.238495
2005-02-19 12:00:00,-11.459869
2005-02-20 12:00:00,-1.9391785
2005-02-21 12:00:00,7.5837708
2005-02-22 12:00:00,11.894745
2005-02-23 12:00:00,2.7632751
2005-02-24 12:00:00,10.334564
2005-02-25 12:00:00,12.385101
2005-02-26 12:00:00,10.30365
2005-02-27 12:00:00,5.3537903
2005-02-28 12:00:00,3.3113098
2005-03-01 12:00:00,11.595001
2005-03-02 12:00:00,7.541046
2005-03-03 12:00:00,6.366028
2005-03-04 12:00:00,7.3506165
2005-03-05 12:00:00,7.094208
2005-03-06 12:00:00,0.45739746
2005-03-07 12:00:00,-4.547516
2005-03-08 12:00:00,-10.164459
2005-03-09 12:00:00,-11.455231
2005-03-10 12:00:00,-11.929108
2005-03-11 12:00:00,-7.8995056
2005-03-12 12:00:00,-4.2569275
2005-03-13 12:00:00,-2.462616
2005-03-14 12:00:00,0.5048523
2005-03-15 12:00:00,2.3310852
2005-03-16 12:00:00,2.99823
2005-03-17 12:00:00,10.500092
2005-03-18 12:00:00,6.537018
2005-03-19 12:00:00,5.234131
2005-03-20 12:00:00,7.200775
2005-03-21 12:00:00,1.9534607
2005-03-22 12:00:00,6.0986023
2005-03-23 12:00:00,10.817932
2005-03-24 12:00:00,6.143738
2005-03-25 12:00:00,-0.27145386
2005-03-26 12:00:00,8.799316
2005-03-27 12:00:00,7.074127
2005-03-28 12:00:00,4.1820374
2005-03-29 12:00:00,3.103485
2005-03-30 12:00:00,4.0941467
2005-03-31 12:00:00,7.131134
2005-04-01 12:00:00,4.018341
2005-04-02 12:00:00,7.3096924
2005-04-03 12:00:00,7.1981506
2005-04-04 12:00:00,-2.324707
2005-04-05 12:00:00,0.97875977
2005-04-06 12:00:00,7.0448303
2005-04-07 12:00:00,5.947235
2005-04-08 12:00:00,9.590729
2005-04-09 12:00:00,10.549347
2005-04-10 12:00:00,1.1746521
2005-04-11 12:00:00,3.2467346
2005-04-12 12:00:00,-1.0163879
2005-04-13 12:00:00,1.6722717
2005-04-14 12:00:00,2.5507507
2005-04-15 12:00:00,3.5515442
2005-04-16 12:00:00,5.306366
2005-04-17 12:00:00,7.088745
2005-04-18 12:00:00,5.726349
2005-04-19 12:00:00,13.6701355
2005-04-20 12:00:00,15.955658
2005-04-21 12:00:00,9.372406
2005-04-22 12:00:00,7.1809998
2005-04-23 12:00:00,8.285187
2005-04-24 12:00:00,4.0901794
2005-04-25 12:00:00,4.3511047
2005-04-26 12:00:00,6.4136047
2005-04-27 12:00:00,7.9857483
2005-04-28 12:00:00,14.592499
2005-04-29 12:00:00,10.464539
2005-04-30 12:00:00,8.004974
2005-05-01 12:00:00,8.730103
2005-05-02 12:00:00,11.09021
2005-05-03 12:00:00,16.052368
2005-05-04 12:00:00,14.983551
2005-05-05 12:00:00,13.10379
2005-05-06 12:00:00,10.088898
2005-05-07 12:00:00,8.968689
2005-05-08 12:00:00,9.178192
2005-05-09 12:00:00,8.6180725
2005-05-10 12:00:00,11.429871
2005-05-11 12:00:00,15.020142
2005-05-12 12:00:00,16.45224
2005-05-13 12:00:00,17.042084
2005-05-14 12:00:00,16.549835
2005-05-15 12:00:00,12.948517
2005-05-16 12:00:00,13.612579
2005-05-17 12:00:00,14.583832
2005-05-18 12:00:00,15.649139
2005-05-19 12:00:00,16.66452
2005-05-20 12:00:00,17.15924
2005-05-21 12:00:00,18.178406
2005-05-22 12:00:00,18.186218
2005-05-23 12:00:00,18.997284
2005-05-24 12:00:00,18.611237
2005-05-25 12:00:00,20.575897
2005-05-26 12:00:00,19.253998
2005-05-27 12:00:00,15.873932
2005-05-28 12:00:00,12.211884
2005-05-29 12:00:00,13.400665
2005-05-30 12:00:00,15.63504
2005-05-31 12:00:00,20.099518
2005-06-01 12:00:00,23.89444
2005-06-02 12:00:00,22.938202
2005-06-03 12:00:00,20.488983
2005-06-04 12:00:00,17.469086
2005-06-05 12:00:00,13.3237
2005-06-06 12:00:00,18.271454
2005-06-07 12:00:00,15.852997
2005-06-08 12:00:00,16.413849
2005-06-09 12:00:00,16.935211
2005-06-10 12:00:00,17.283905
2005-06-11 12:00:00,18.311615
2005-06-12 12:00:00,18.812164
2005-06-13 12:00:00,19.70346
2005-06-14 12:00:00,17.67569
2005-06-15 12:00:00,19.90274
2005-06-16 12:00:00,20.37555
2005-06-17 12:00:00,18.882446
2005-06-18 12:00:00,19.509308
2005-06-19 12:00:00,21.588654
2005-06-20 12:00:00,23.955719
2005-06-21 12:00:00,20.625702
2005-06-22 12:00:00,20.479889
2005-06-23 12:00:00,21.299774
2005-06-24 12:00:00,23.182465
2005-06-25 12:00:00,23.85437
2005-06-26 12:00:00,23.483856
2005-06-27 12:00:00,23.65976
2005-06-28 12:00:00,23.280304
2005-06-29 12:00:00,23.155853
2005-06-30 12:00:00,22.330475
2005-07-01 12:00:00,22.846039
2005-07-02 12:00:00,23.11145
2005-07-03 12:00:00,23.24759
2005-07-04 12:00:00,24.708466
2005-07-05 12:00:00,24.890656
2005-07-06 12:00:00,26.409393
2005-07-07 12:00:00,25.075653
2005-07-08 12:00:00,20.592804
2005-07-09 12:00:00,22.081207
2005-07-10 12:00:00,23.23227
2005-07-11 12:00:00,23.916931
2005-07-12 12:00:00,23.871613
2005-07-13 12:00:00,24.383118
2005-07-14 12:00:00,25.535126
2005-07-15 12:00:00,24.867798
2005-07-16 12:00:00,24.632965
2005-07-17 12:00:00,27.876923
2005-07-18 12:00:00,26.235199
2005-07-19 12:00:00,26.849426
2005-07-20 12:00:00,23.063995
2005-07-21 12:00:00,23.876892
2005-07-22 12:00:00,22.952576
2005-07-23 12:00:00,20.703583
2005-07-24 12:00:00,21.765656
2005-07-25 12:00:00,23.327057
2005-07-26 12:00:00,24.799835
2005-07-27 12:00:00,25.562225
2005-07-28 12:00:00,24.346619
2005-07-29 12:00:00,23.389557
2005-07-30 12:00:00,21.846283
2005-07-31 12:00:00,21.168488
2005-08-01 12:00:00,22.76831
2005-08-02 12:00:00,21.819977
2005-08-03 12:00:00,21.58014
2005-08-04 12:00:00,21.816376
2005-08-05 12:00:00,24.003784
2005-08-06 12:00:00,26.249298
2005-08-07 12:00:00,25.87387
2005-08-08 12:00:00,23.382294
2005-08-09 12:00:00,23.542938
2005-08-10 12:00:00,23.776367
2005-08-11 12:00:00,25.235504
2005-08-12 12:00:00,23.278381
2005-08-13 12:00:00,21.055573
2005-08-14 12:00:00,21.64743
2005-08-15 12:00:00,23.121735
2005-08-16 12:00:00,23.672272
2005-08-17 12:00:00,24.9003
2005-08-18 12:00:00,27.363861
2005-08-19 12:00:00,22.643463
2005-08-20 12:00:00,23.60669
2005-08-21 12:00:00,27.369781
2005-08-22 12:00:00,23.216003
2005-08-23 12:00:00,27.984406
2005-08-24 12:00:00,29.908905
2005-08-25 12:00:00,26.76709
2005-08-26 12:00:00,22.718933
2005-08-27 12:00:00,23.082855
2005-08-28 12:00:00,24.225372
2005-08-29 12:00:00,24.674957
2005-08-30 12:00:00,23.504608
2005-08-31 12:00:00,23.858307
2005-09-01 12:00:00,25.442657
2005-09-02 12:00:00,21.180267
2005-09-03 12:00:00,16.634369
2005-09-04 12:00:00,18.212646
2005-09-05 12:00:00,15.668549
2005-09-06 12:00:00,15.665985
2005-09-07 12:00:00,20.040314
2005-09-08 12:00:00,17.97882
2005-09-09 12:00:00,15.714874
2005-09-10 12:00:00,15.304138
2005-09-11 12:00:00,16.570038
2005-09-12 12:00:00,19.285187
2005-09-13 12:00:00,17.804962
2005-09-14 12:00:00,17.021149
2005-09-15 12:00:00,18.174042
2005-09-16 12:00:00,19.649261
2005-09-17 12:00:00,20.26419
2005-09-18 12:00:00,18.896942
2005-09-19 12:00:00,20.519196
2005-09-20 12:00:00,22.47406
2005-09-21 12:00:00,22.867584
2005-09-22 12:00:00,19.800323
2005-09-23 12:00:00,19.243866
2005-09-24 12:00:00,17.23053
2005-09-25 12:00:00,14.305359
2005-09-26 12:00:00,13.4096985
2005-09-27 12:00:00,13.612457
2005-09-28 12:00:00,14.114777
2005-09-29 12:00:00,17.14444
2005-09-30 12:00:00,18.492767
2005-10-01 12:00:00,18.11734
2005-10-02 12:00:00,18.095856
2005-10-03 12:00:00,15.857544
2005-10-04 12:00:00,16.19638
2005-10-05 12:00:00,15.233612
2005-10-06 12:00:00,16.930481
2005-10-07 12:00:00,20.243622
2005-10-08 12:00:00,19.21634
2005-10-09 12:00:00,18.24176
2005-10-10 12:00:00,20.480621
2005-10-11 12:00:00,20.05307
2005-10-12 12:00:00,16.24759
2005-10-13 12:00:00,11.770599
2005-10-14 12:00:00,13.67569
2005-10-15 12:00:00,16.480652
2005-10-16 12:00:00,16.98648
2005-10-17 12:00:00,11.86203
2005-10-18 12:00:00,13.944183
2005-10-19 12:00:00,15.108368
2005-10-20 12:00:00,13.471222
2005-10-21 12:00:00,15.002991
2005-10-22 12:00:00,5.24234
2005-10-23 12:00:00,3.658081
2005-10-24 12:00:00,10.470428
2005-10-25 12:00:00,12.734161
2005-10-26 12:00:00,12.688751
2005-10-27 12:00:00,7.5787354
2005-10-28 12:00:00,6.000458
2005-10-29 12:00:00,6.505188
2005-10-30 12:00:00,4.713928
2005-10-31 12:00:00,4.3073425
2005-11-01 12:00:00,4.655609
2005-11-02 12:00:00,7.486023
2005-11-03 12:00:00,9.962585
2005-11-04 12:00:00,9.297333
2005-11-05 12:00:00,10.235596
2005-11-06 12:00:00,14.424896
2005-11-07 12:00:00,13.582733
2005-11-08 12:00:00,15.807617
2005-11-09 12:00:00,16.136566
2005-11-10 12:00:00,17.759552
2005-11-11 12:00:00,7.839508
2005-11-12 12:00:00,9.209137
2005-11-13 12:00:00,2.4855957
2005-11-14 12:00:00,2.4814758
2005-11-15 12:00:00,9.5043335
2005-11-16 12:00:00,7.8957214
2005-11-17 12:00:00,8.914246
2005-11-18 12:00:00,7.6463623
2005-11-19 12:00:00,7.9532776
2005-11-20 12:00:00,12.4097595
2005-11-21 12:00:00,14.249054
2005-11-22 12:00:00,12.789093
2005-11-23 12:00:00,1.571228
2005-11-24 12:00:00,-1.290741
2005-11-25 12:00:00,2.7062073
2005-11-26 12:00:00,4.7033997
2005-11-27 12:00:00,1.8082886
2005-11-28 12:00:00,7.7583313
2005-11-29 12:00:00,4.4248962
2005-11-30 12:00:00,0.42855835
2005-12-01 12:00:00,-0.8114929
2005-12-02 12:00:00,1.7770691
2005-12-03 12:00:00,5.207611
2005-12-04 12:00:00,-0.5609741
2005-12-05 12:00:00,-3.5820007
2005-12-06 12:00:00,0.64364624
2005-12-07 12:00:00,0.14047241
2005-12-08 12:00:00,-0.3267517
2005-12-09 12:00:00,0.1680603
2005-12-10 12:00:00,8.824249
2005-12-11 12:00:00,10.799469
2005-12-12 12:00:00,-4.424408
2005-12-13 12:00:00,-2.6369934
2005-12-14 12:00:00,4.2170105
2005-12-15 12:00:00,1.4863586
2005-12-16 12:00:00,-2.4374084
2005-12-17 12:00:00,-12.012024
2005-12-18 12:00:00,-12.666351
2005-12-19 12:00:00,-5.572418
2005-12-20 12:00:00,-9.944
2005-12-21 12:00:00,-10.555817
2005-12-22 12:00:00,-3.1682434
2005-12-23 12:00:00,-1.5092468
2005-12-24 12:00:00,-7.8438416
2005-12-25 12:00:00,-8.704559
2005-12-26 12:00:00,4.2020874
2005-12-27 12:00:00,2.1950378
2005-12-28 12:00:00,-0.6281433
2005-12-29 12:00:00,-1.6493835
2005-12-30 12:00:00,1.9605713
2005-12-31 12:00:00,-0.4388733
2006-01-01 12:00:00,-5.1507874
2006-01-02 12:00:00,-2.3938293
2006-01-03 12:00:00,0.18063354
2006-01-04 12:00:00,0.42022705
2006-01-05 12:00:00,6.2654114
2006-01-06 12:00:00,-1.8014221
2006-01-07 12:00:00,-6.610626
2006-01-08 12:00:00,-3.6098938
2006-01-09 12:00:00,-3.1418152
2006-01-10 12:00:00,-6.3034973
2006-01-11 12:00:00,-5.927948
2006-01-12 12:00:00,-0.19085693
2006-01-13 12:00:00,2.6196594
2006-01-14 12:00:00,-4.0820923
2006-01-15 12:00:00,-7.3506775
2006-01-16 12:00:00,-6.6054688
2006-01-17 12:00:00,-6.3131714
2006-01-18 12:00:00,-3.7469177
2006-01-19 12:00:00,-4.1719055
2006-01-20 12:00:00,-3.3400269
2006-01-21 12:00:00,-1.499054
2006-01-22 12:00:00,-0.9354553
2006-01-23 12:00:00,4.736847
2006-01-24 12:00:00,9.628937
2006-01-25 12:00:00,7.4254456
2006-01-26 12:00:00,-0.91659546
2006-01-27 12:00:00,-7.083893
2006-01-28 12:00:00,-8.460663
2006-01-29 12:00:00,-5.416168
2006-01-30 12:00:00,-0.37561035
2006-01-31 12:00:00,2.3575745
2006-02-01 12:00:00,-4.0533752
2006-02-02 12:00:00,-2.5146484
2006-02-03 12:00:00,0.5519104
2006-02-04 12:00:00,-1.2105103
2006-02-05 12:00:00,-8.007446
2006-02-06 12:00:00,-4.5417175
2006-02-07 12:00:00,-4.9002075
2006-02-08 12:00:00,-3.1610718
2006-02-09 12:00:00,-0.27389526
2006-02-10 12:00:00,3.6612854
2006-02-11 12:00:00,-5.80954
2006-02-12 12:00:00,-7.0257874
2006-02-13 12:00:00,-2.8092346
2006-02-14 12:00:00,-1.0932922
2006-02-15 12:00:00,5.4790344
2006-02-16 12:00:00,-2.827362
2006-02-17 12:00:00,-5.898285
2006-02-18 12:00:00,-1.746521
2006-02-19 12:00:00,1.5486145
2006-02-20 12:00:00,2.2471619
2006-02-21 12:00:00,-0.5152893
2006-02-22 12:00:00,-1.4075012
2006-02-23 12:00:00,-3.9165955
2006-02-24 12:00:00,-5.9845276
2006-02-25 12:00:00,-7.4170837
2006-02-26 12:00:00,-5.5813904
2006-02-27 12:00:00,-6.7117615
2006-02-28 12:00:00,-6.611664
2006-03-01 12:00:00,-3.452179
2006-03-02 12:00:00,-0.08279419
2006-03-03 12:00:00,-0.29171753
2006-03-04 12:00:00,-0.16104126
2006-03-05 12:00:00,3.9430847
2006-03-06 12:00:00,1.9087219
2006-03-07 12:00:00,0.17068481
2006-03-08 12:00:00,0.0942688
2006-03-09 12:00:00,-1.7000427
2006-03-10 12:00:00,-3.4952698
2006-03-11 12:00:00,-2.638092
2006-03-12 12:00:00,-0.60446167
2006-03-13 12:00:00,-0.6553345
2006-03-14 12:00:00,-0.31710815
2006-03-15 12:00:00,0.89175415
2006-03-16 12:00:00,0.14840698
2006-03-17 12:00:00,1.5035095
2006-03-18 12:00:00,6.7936096
2006-03-19 12:00:00,6.2880554
2006-03-20 12:00:00,12.698761
2006-03-21 12:00:00,3.1949463
2006-03-22 12:00:00,2.0730286
2006-03-23 12:00:00,7.645935
2006-03-24 12:00:00,3.1646729
2006-03-25 12:00:00,4.230713
2006-03-26 12:00:00,4.1687927
2006-03-27 12:00:00,8.5946045
2006-03-28 12:00:00,11.655792
2006-03-29 12:00:00,3.6550598
2006-03-30 12:00:00,-1.5579529
2006-03-31 12:00:00,-2.7285461
2006-04-01 12:00:00,-1.077301
2006-04-02 12:00:00,-0.6107483
2006-04-03 12:00:00,1.1805725
2006-04-04 12:00:00,1.6429749
2006-04-05 12:00:00,4.7424927
2006-04-06 12:00:00,9.995941
2006-04-07 12:00:00,5.813446
2006-04-08 12:00:00,3.3792114
2006-04-09 12:00:00,5.673126
2006-04-10 12:00:00,3.8841553
2006-04-11 12:00:00,7.0382385
2006-04-12 12:00:00,7.6931763
2006-04-13 12:00:00,11.199493
2006-04-14 12:00:00,13.115631
2006-04-15 12:00:00,6.099457
2006-04-16 12:00:00,8.968323
2006-04-17 12:00:00,13.2604065
2006-04-18 12:00:00,14.991486
2006-04-19 12:00:00,16.776398
2006-04-20 12:00:00,17.732758
2006-04-21 12:00:00,15.691376
2006-04-22 12:00:00,20.269928
2006-04-23 12:00:00,18.814789
2006-04-24 12:00:00,9.376801
2006-04-25 12:00:00,12.208527
2006-04-26 12:00:00,10.102142
2006-04-27 12:00:00,10.800018
2006-04-28 12:00:00,10.552155
2006-04-29 12:00:00,7.192688
2006-04-30 12:00:00,6.8315735
2006-05-01 12:00:00,8.1718445
2006-05-02 12:00:00,9.759552
2006-05-03 12:00:00,12.250824
2006-05-04 12:00:00,16.46463
2006-05-05 12:00:00,18.366974
2006-05-06 12:00:00,17.537872
2006-05-07 12:00:00,9.353424
2006-05-08 12:00:00,13.330627
2006-05-09 12:00:00,17.1409
2006-05-10 12:00:00,17.418
2006-05-11 12:00:00,13.25235
2006-05-12 12:00:00,8.410278
2006-05-13 12:00:00,10.684784
2006-05-14 12:00:00,11.619843
2006-05-15 12:00:00,12.691437
2006-05-16 12:00:00,13.62616
2006-05-17 12:00:00,15.097961
2006-05-18 12:00:00,17.887848
2006-05-19 12:00:00,15.021881
2006-05-20 12:00:00,12.908783
2006-05-21 12:00:00,12.5486145
2006-05-22 12:00:00,11.932831
2006-05-23 12:00:00,13.71637
2006-05-24 12:00:00,15.023041
2006-05-25 12:00:00,18.11734
2006-05-26 12:00:00,20.667816
2006-05-27 12:00:00,21.118622
2006-05-28 12:00:00,20.25119
2006-05-29 12:00:00,17.209503
2006-05-30 12:00:00,17.06314
2006-05-31 12:00:00,16.890656
2006-06-01 12:00:00,12.126068
2006-06-02 12:00:00,11.667786
2006-06-03 12:00:00,13.631226
2006-06-04 12:00:00,16.393494
2006-06-05 12:00:00,15.224091
2006-06-06 12:00:00,17.88617
2006-06-07 12:00:00,21.465118
2006-06-08 12:00:00,22.944489
2006-06-09 12:00:00,24.1315
2006-06-10 12:00:00,25.404388
2006-06-11 12:00:00,24.97055
2006-06-12 12:00:00,24.104584
2006-06-13 12:00:00,23.193756
2006-06-14 12:00:00,23.516144
2006-06-15 12:00:00,23.295044
2006-06-16 12:00:00,20.903473
2006-06-17 12:00:00,20.023834
2006-06-18 12:00:00,20.23056
2006-06-19 12:00:00,17.555206
2006-06-20 12:00:00,17.32486
2006-06-21 12:00:00,19.223755
2006-06-22 12:00:00,17.876617
2006-06-23 12:00:00,16.388397
2006-06-24 12:00:00,18.304962
2006-06-25 12:00:00,20.621857
2006-06-26 12:00:00,22.121613
2006-06-27 12:00:00,21.868439
2006-06-28 12:00:00,22.324066
2006-06-29 12:00:00,24.540222
2006-06-30 12:00:00,20.96408
2006-07-01 12:00:00,19.212494
2006-07-02 12:00:00,21.0419
2006-07-03 12:00:00,21.530487
2006-07-04 12:00:00,23.225739
2006-07-05 12:00:00,24.532806
2006-07-06 12:00:00,23.007751
2006-07-07 12:00:00,21.615479
2006-07-08 12:00:00,21.927948
2006-07-09 12:00:00,23.952972
2006-07-10 12:00:00,23.516449
2006-07-11 12:00:00,25.425568
2006-07-12 12:00:00,23.26059
2006-07-13 12:00:00,22.276306
2006-07-14 12:00:00,24.67566
2006-07-15 12:00:00,24.627197
2006-07-16 12:00:00,25.377014
2006-07-17 12:00:00,27.527893
2006-07-18 12:00:00,28.10019
2006-07-19 12:00:00,25.73819
2006-07-20 12:00:00,22.688599
2006-07-21 12:00:00,23.56253
2006-07-22 12:00:00,23.227203
2006-07-23 12:00:00,24.74289
2006-07-24 12:00:00,22.374664
2006-07-25 12:00:00,22.630524
2006-07-26 12:00:00,26.774628
2006-07-27 12:00:00,26.990234
2006-07-28 12:00:00,26.451202
2006-07-29 12:00:00,24.112885
2006-07-30 12:00:00,23.79599
2006-07-31 12:00:00,25.276154
2006-08-01 12:00:00,22.734344
2006-08-02 12:00:00,22.043427
2006-08-03 12:00:00,23.462738
2006-08-04 12:00:00,24.230743
2006-08-05 12:00:00,25.65622
2006-08-06 12:00:00,22.17746
2006-08-07 12:00:00,20.924774
2006-08-08 12:00:00,21.710602
2006-08-09 12:00:00,22.692291
2006-08-10 12:00:00,23.43988
2006-08-11 12:00:00,24.849121
2006-08-12 12:00:00,25.877838
2006-08-13 12:00:00,25.310455
2006-08-14 12:00:00,24.415985
2006-08-15 12:00:00,24.201263
2006-08-16 12:00:00,23.90857
2006-08-17 12:00:00,22.27237
2006-08-18 12:00:00,21.880127
2006-08-19 12:00:00,22.595093
2006-08-20 12:00:00,22.73996
2006-08-21 12:00:00,23.318756
2006-08-22 12:00:00,19.743073
2006-08-23 12:00:00,19.45523
2006-08-24 12:00:00,20.587555
2006-08-25 12:00:00,20.821777
2006-08-26 12:00:00,22.418457
2006-08-27 12:00:00,23.762482
2006-08-28 12:00:00,24.54129
2006-08-29 12:00:00,25.394196
2006-08-30 12:00:00,24.862366
2006-08-31 12:00:00,21.967926
2006-09-01 12:00:00,21.864136
2006-09-02 12:00:00,24.204468
2006-09-03 12:00:00,24.524872
2006-09-04 12:00:00,24.848236
2006-09-05 12:00:00,22.239136
2006-09-06 12:00:00,23.529388
2006-09-07 12:00:00,19.959229
2006-09-08 12:00:00,22.379791
2006-09-09 12:00:00,26.308197
2006-09-10 12:00:00,21.64981
2006-09-11 12:00:00,20.12381
2006-09-12 12:00:00,20.55661
2006-09-13 12:00:00,21.327118
2006-09-14 12:00:00,23.570465
2006-09-15 12:00:00,24.965393
2006-09-16 12:00:00,23.616364
2006-09-17 12:00:00,19.475006
2006-09-18 12:00:00,21.073883
2006-09-19 12:00:00,23.524078
2006-09-20 12:00:00,21.631317
2006-09-21 12:00:00,19.173492
2006-09-22 12:00:00,19.521942
2006-09-23 12:00:00,16.554962
2006-09-24 12:00:00,18.839264
2006-09-25 12:00:00,22.629364
2006-09-26 12:00:00,25.679596
2006-09-27 12:00:00,22.394928
2006-09-28 12:00:00,24.311066
2006-09-29 12:00:00,26.57013
2006-09-30 12:00:00,21.551544
2006-10-01 12:00:00,17.235443
2006-10-02 12:00:00,16.38974
2006-10-03 12:00:00,15.476776
2006-10-04 12:00:00,17.54071
2006-10-05 12:00:00,17.004242
2006-10-06 12:00:00,16.827606
2006-10-07 12:00:00,15.392303
2006-10-08 12:00:00,16.959076
2006-10-09 12:00:00,14.1319275
2006-10-10 12:00:00,10.979095
2006-10-11 12:00:00,14.514252
2006-10-12 12:00:00,12.429596
2006-10-13 12:00:00,12.307159
2006-10-14 12:00:00,13.370239
2006-10-15 12:00:00,14.649963
2006-10-16 12:00:00,13.679474
2006-10-17 12:00:00,13.320648
2006-10-18 12:00:00,17.856384
2006-10-19 12:00:00,20.159943
2006-10-20 12:00:00,19.126099
2006-10-21 12:00:00,10.231415
2006-10-22 12:00:00,5.658966
2006-10-23 12:00:00,3.6932068
2006-10-24 12:00:00,7.8194885
2006-10-25 12:00:00,12.402435
2006-10-26 12:00:00,13.40744
2006-10-27 12:00:00,15.892731
2006-10-28 12:00:00,18.69107
2006-10-29 12:00:00,18.606537
2006-10-30 12:00:00,17.006622
2006-10-31 12:00:00,12.580841
2006-11-01 12:00:00,10.671478
2006-11-02 12:00:00,3.0805664
2006-11-03 12:00:00,4.3979187
2006-11-04 12:00:00,3.3611755
2006-11-05 12:00:00,2.4346313
2006-11-06 12:00:00,3.2563171
2006-11-07 12:00:00,3.1004333
2006-11-08 12:00:00,10.182159
2006-11-09 12:00:00,4.525421
2006-11-10 12:00:00,3.2102966
2006-11-11 12:00:00,9.826538
2006-11-12 12:00:00,8.835114
2006-11-13 12:00:00,12.505463
2006-11-14 12:00:00,14.563934
2006-11-15 12:00:00,6.61203
2006-11-16 12:00:00,5.03183
2006-11-17 12:00:00,7.03421
2006-11-18 12:00:00,4.459198
2006-11-19 12:00:00,5.726837
2006-11-20 12:00:00,9.597992
2006-11-21 12:00:00,8.597504
2006-11-22 12:00:00,4.62265
2006-11-23 12:00:00,2.2671204
2006-11-24 12:00:00,2.595398
2006-11-25 12:00:00,3.5567017
2006-11-26 12:00:00,3.4137573
2006-11-27 12:00:00,3.1319885
2006-11-28 12:00:00,-0.52511597
2006-11-29 12:00:00,-2.658905
2006-11-30 12:00:00,0.45855713
2006-12-01 12:00:00,5.0437317
2006-12-02 12:00:00,5.7600403
2006-12-03 12:00:00,10.194122
2006-12-04 12:00:00,7.4236145
2006-12-05 12:00:00,9.85202
2006-12-06 12:00:00,5.663971
2006-12-07 12:00:00,2.282898
2006-12-08 12:00:00,-0.6816101
2006-12-09 12:00:00,-3.014923
2006-12-10 12:00:00,-0.5088196
2006-12-11 12:00:00,-2.9341736
2006-12-12 12:00:00,1.036499
2006-12-13 12:00:00,3.176117
2006-12-14 12:00:00,2.486145
2006-12-15 12:00:00,-3.0678406
2006-12-16 12:00:00,-4.068634
2006-12-17 12:00:00,7.5741577
2006-12-18 12:00:00,12.864899
2006-12-19 12:00:00,-0.23318481
2006-12-20 12:00:00,-3.7649841
2006-12-21 12:00:00,-6.6698914
2006-12-22 12:00:00,-6.369232
2006-12-23 12:00:00,-3.4102173
2006-12-24 12:00:00,-0.20230103
2006-12-25 12:00:00,-2.0500183
2006-12-26 12:00:00,-1.8565063
2006-12-27 12:00:00,0.7208557
2006-12-28 12:00:00,6.1735535
2006-12-29 12:00:00,-4.986725
2006-12-30 12:00:00,1.1026306
2006-12-31 12:00:00,8.342163
2007-01-01 12:00:00,5.582184
2007-01-02 12:00:00,12.4687195
2007-01-03 12:00:00,1.232544
2007-01-04 12:00:00,-4.3649597
2007-01-05 12:00:00,-0.29312134
2007-01-06 12:00:00,5.402405
2007-01-07 12:00:00,2.6219177
2007-01-08 12:00:00,0.7782898
2007-01-09 12:00:00,-8.025665
2007-01-10 12:00:00,-16.607727
2007-01-11 12:00:00,-18.081726
2007-01-12 12:00:00,-12.395538
2007-01-13 12:00:00,-12.894379
2007-01-14 12:00:00,-4.6325073
2007-01-15 12:00:00,-6.3352356
2007-01-16 12:00:00,-5.4789124
2007-01-17 12:00:00,-11.268158
2007-01-18 12:00:00,-11.943329
2007-01-19 12:00:00,-12.755341
2007-01-20 12:00:00,-20.231277
2007-01-21 12:00:00,-23.35965
2007-01-22 12:00:00,-18.470825
2007-01-23 12:00:00,-9.142303
2007-01-24 12:00:00,-6.03598
2007-01-25 12:00:00,-15.196991
2007-01-26 12:00:00,-15.071869
2007-01-27 12:00:00,-9.675995
2007-01-28 12:00:00,-6.135437
2007-01-29 12:00:00,-1.792572
2007-01-30 12:00:00,-17.860947
2007-01-31 12:00:00,-20.594223
2007-02-01 12:00:00,-18.929886
2007-02-02 12:00:00,-9.211761
2007-02-03 12:00:00,0.20944214
2007-02-04 12:00:00,7.7514343
2007-02-05 12:00:00,0.77075195
2007-02-06 12:00:00,3.3754883
2007-02-07 12:00:00,-1.3807678
2007-02-08 12:00:00,-2.5727234
2007-02-09 12:00:00,5.914398
2007-02-10 12:00:00,12.309723
2007-02-11 12:00:00,10.873505
2007-02-12 12:00:00,12.348358
2007-02-13 12:00:00,13.695496
2007-02-14 12:00:00,5.5816956
2007-02-15 12:00:00,0.51882935
2007-02-16 12:00:00,4.2739563
2007-02-17 12:00:00,1.0171204
2007-02-18 12:00:00,-1.0378113
2007-02-19 12:00:00,-2.95578
2007-02-20 12:00:00,0.41482544
2007-02-21 12:00:00,-0.8114319
2007-02-22 12:00:00,5.060608
2007-02-23 12:00:00,3.23703
2007-02-24 12:00:00,0.7986145
2007-02-25 12:00:00,0.008880615
2007-02-26 12:00:00,5.731476
2007-02-27 12:00:00,-2.1026917
2007-02-28 12:00:00,2.837616
2007-03-01 12:00:00,-5.229645
2007-03-02 12:00:00,-8.361908
2007-03-03 12:00:00,-4.235138
2007-03-04 12:00:00,0.92355347
2007-03-05 12:00:00,5.2571716
2007-03-06 12:00:00,11.780548
2007-03-07 12:00:00,7.787842
2007-03-08 12:00:00,6.3217773
2007-03-09 12:00:00,-7.452423
2007-03-10 12:00:00,-7.4027405
2007-03-11 12:00:00,-6.172455
2007-03-12 12:00:00,-8.888977
2007-03-13 12:00:00,-1.6942444
2007-03-14 12:00:00,5.5829773
2007-03-15 12:00:00,-3.67984
2007-03-16 12:00:00,-2.959198
2007-03-17 12:00:00,-0.81799316
2007-03-18 12:00:00,5.2411804
2007-03-19 12:00:00,-1.3371887
2007-03-20 12:00:00,-1.9077148
2007-03-21 12:00:00,0.06375122
2007-03-22 12:00:00,7.184601
2007-03-23 12:00:00,9.32135
2007-03-24 12:00:00,14.048676
2007-03-25 12:00:00,12.222961
2007-03-26 12:00:00,-2.1494446
2007-03-27 12:00:00,-5.2208557
2007-03-28 12:00:00,2.9838257
2007-03-29 12:00:00,2.0463257
2007-03-30 12:00:00,7.6397705
2007-03-31 12:00:00,10.510529
2007-04-01 12:00:00,2.8524475
2007-04-02 12:00:00,12.711273
2007-04-03 12:00:00,14.693848
2007-04-04 12:00:00,4.471283
2007-04-05 12:00:00,1.3606262
2007-04-06 12:00:00,4.203247
2007-04-07 12:00:00,5.6062317
2007-04-08 12:00:00,6.200348
2007-04-09 12:00:00,6.6184387
2007-04-10 12:00:00,7.9261475
2007-04-11 12:00:00,8.568146
2007-04-12 12:00:00,8.589569
2007-04-13 12:00:00,11.527618
2007-04-14 12:00:00,10.532135
2007-04-15 12:00:00,8.468048
2007-04-16 12:00:00,13.39917
2007-04-17 12:00:00,18.08722
2007-04-18 12:00:00,20.214142
2007-04-19 12:00:00,19.85727
2007-04-20 12:00:00,17.776093
2007-04-21 12:00:00,14.667633
2007-04-22 12:00:00,11.2013855
2007-04-23 12:00:00,9.601074
2007-04-24 12:00:00,9.079132
2007-04-25 12:00:00,10.501343
2007-04-26 12:00:00,11.213898
2007-04-27 12:00:00,12.825348
2007-04-28 12:00:00,16.799896
2007-04-29 12:00:00,19.067047
2007-04-30 12:00:00,17.264313
2007-05-01 12:00:00,13.760468
2007-05-02 12:00:00,14.611725
2007-05-03 12:00:00,18.392365
2007-05-04 12:00:00,21.233582
2007-05-05 12:00:00,17.163666
2007-05-06 12:00:00,18.57608
2007-05-07 12:00:00,11.044403
2007-05-08 12:00:00,12.665161
2007-05-09 12:00:00,14.794647
2007-05-10 12:00:00,17.085785
2007-05-11 12:00:00,17.57663
2007-05-12 12:00:00,20.146454
2007-05-13 12:00:00,19.163177
2007-05-14 12:00:00,12.988281
2007-05-15 12:00:00,15.139343
2007-05-16 12:00:00,14.938171
2007-05-17 12:00:00,15.152435
2007-05-18 12:00:00,17.554443
2007-05-19 12:00:00,16.684723
2007-05-20 12:00:00,15.687256
2007-05-21 12:00:00,15.291473
2007-05-22 12:00:00,15.318268
2007-05-23 12:00:00,16.319977
2007-05-24 12:00:00,17.514648
2007-05-25 12:00:00,16.406006
2007-05-26 12:00:00,18.576141
2007-05-27 12:00:00,16.07431
2007-05-28 12:00:00,15.073761
2007-05-29 12:00:00,14.46225
2007-05-30 12:00:00,14.6354065
2007-05-31 12:00:00,14.109467
2007-06-01 12:00:00,17.747345
2007-06-02 12:00:00,14.391022
2007-06-03 12:00:00,10.615753
2007-06-04 12:00:00,13.110504
2007-06-05 12:00:00,17.357483
2007-06-06 12:00:00,18.070526
2007-06-07 12:00:00,21.071625
2007-06-08 12:00:00,22.555695
2007-06-09 12:00:00,20.161194
2007-06-10 12:00:00,19.87799
2007-06-11 12:00:00,20.468231
2007-06-12 12:00:00,22.142426
2007-06-13 12:00:00,19.828583
2007-06-14 12:00:00,21.714325
2007-06-15 12:00:00,21.305328
2007-06-16 12:00:00,21.066986
2007-06-17 12:00:00,19.876434
2007-06-18 12:00:00,19.459564
2007-06-19 12:00:00,19.210175
2007-06-20 12:00:00,20.569427
2007-06-21 12:00:00,18.10141
2007-06-22 12:00:00,19.882599
2007-06-23 12:00:00,25.243439
2007-06-24 12:00:00,19.267426
2007-06-25 12:00:00,19.44577
2007-06-26 12:00:00,20.947662
2007-06-27 12:00:00,20.072113
2007-06-28 12:00:00,20.244568
2007-06-29 12:00:00,21.20404
2007-06-30 12:00:00,21.221039
2007-07-01 12:00:00,21.682861
2007-07-02 12:00:00,21.498962
2007-07-03 12:00:00,21.335754
2007-07-04 12:00:00,21.76941
2007-07-05 12:00:00,23.747833
2007-07-06 12:00:00,24.545715
2007-07-07 12:00:00,24.040924
2007-07-08 12:00:00,25.220123
2007-07-09 12:00:00,26.012848
2007-07-10 12:00:00,25.54361
2007-07-11 12:00:00,24.747711
2007-07-12 12:00:00,25.14273
2007-07-13 12:00:00,23.050201
2007-07-14 12:00:00,22.736847
2007-07-15 12:00:00,22.381683
2007-07-16 12:00:00,21.58664
2007-07-17 12:00:00,21.390228
2007-07-18 12:00:00,20.91217
2007-07-19 12:00:00,21.749542
2007-07-20 12:00:00,24.135529
2007-07-21 12:00:00,22.569916
2007-07-22 12:00:00,21.782684
2007-07-23 12:00:00,22.51892
2007-07-24 12:00:00,23.433441
2007-07-25 12:00:00,26.724152
2007-07-26 12:00:00,28.293243
2007-07-27 12:00:00,28.873077
2007-07-28 12:00:00,26.17276
2007-07-29 12:00:00,24.632935
2007-07-30 12:00:00,23.072845
2007-07-31 12:00:00,23.460907
2007-08-01 12:00:00,22.32779
2007-08-02 12:00:00,22.430695
2007-08-03 12:00:00,22.609528
2007-08-04 12:00:00,23.040283
2007-08-05 12:00:00,22.893524
2007-08-06 12:00:00,23.332916
2007-08-07 12:00:00,22.594513
2007-08-08 12:00:00,23.994019
2007-08-09 12:00:00,26.30191
2007-08-10 12:00:00,26.636688
2007-08-11 12:00:00,26.943848
2007-08-12 12:00:00,25.672455
2007-08-13 12:00:00,25.265076
2007-08-14 12:00:00,25.531769
2007-08-15 12:00:00,25.738525
2007-08-16 12:00:00,26.050262
2007-08-17 12:00:00,25.463379
2007-08-18 12:00:00,23.306732
2007-08-19 12:00:00,22.302582
2007-08-20 12:00:00,22.662384
2007-08-21 12:00:00,25.274353
2007-08-22 12:00:00,22.82956
2007-08-23 12:00:00,23.977753
2007-08-24 12:00:00,23.302948
2007-08-25 12:00:00,22.481873
2007-08-26 12:00:00,24.965546
2007-08-27 12:00:00,24.065643
2007-08-28 12:00:00,22.621582
2007-08-29 12:00:00,24.493317
2007-08-30 12:00:00,25.310883
2007-08-31 12:00:00,24.007568
2007-09-01 12:00:00,22.996307
2007-09-02 12:00:00,21.101532
2007-09-03 12:00:00,21.164886
2007-09-04 12:00:00,22.49881
2007-09-05 12:00:00,18.721527
2007-09-06 12:00:00,19.303558
2007-09-07 12:00:00,19.466461
2007-09-08 12:00:00,21.661896
2007-09-09 12:00:00,18.796051
2007-09-10 12:00:00,18.333282
2007-09-11 12:00:00,21.743378
2007-09-12 12:00:00,22.497223
2007-09-13 12:00:00,24.350342
2007-09-14 12:00:00,24.098114
2007-09-15 12:00:00,22.875916
2007-09-16 12:00:00,15.912933
2007-09-17 12:00:00,14.368103
2007-09-18 12:00:00,19.804047
2007-09-19 12:00:00,20.198517
2007-09-20 12:00:00,17.20398
2007-09-21 12:00:00,17.45523
2007-09-22 12:00:00,17.528229
2007-09-23 12:00:00,17.280914
2007-09-24 12:00:00,17.109192
2007-09-25 12:00:00,18.545319
2007-09-26 12:00:00,20.77478
2007-09-27 12:00:00,20.88681
2007-09-28 12:00:00,17.470917
2007-09-29 12:00:00,15.374939
2007-09-30 12:00:00,16.229767
2007-10-01 12:00:00,19.02121
2007-10-02 12:00:00,21.2247
2007-10-03 12:00:00,17.683136
2007-10-04 12:00:00,15.213745
2007-10-05 12:00:00,16.743378
2007-10-06 12:00:00,17.826477
2007-10-07 12:00:00,16.206451
2007-10-08 12:00:00,13.8472595
2007-10-09 12:00:00,11.247833
2007-10-10 12:00:00,14.15744
2007-10-11 12:00:00,15.693237
2007-10-12 12:00:00,12.316376
2007-10-13 12:00:00,9.165527
2007-10-14 12:00:00,11.763397
2007-10-15 12:00:00,12.935974
2007-10-16 12:00:00,10.204956
2007-10-17 12:00:00,8.716217
2007-10-18 12:00:00,10.228363
2007-10-19 12:00:00,7.0212097
2007-10-20 12:00:00,3.8038635
2007-10-21 12:00:00,10.231598
2007-10-22 12:00:00,6.8329163
2007-10-23 12:00:00,6.819031
2007-10-24 12:00:00,10.120148
2007-10-25 12:00:00,9.38562
2007-10-26 12:00:00,9.993683
2007-10-27 12:00:00,10.036163
2007-10-28 12:00:00,6.885559
2007-10-29 12:00:00,5.4914856
2007-10-30 12:00:00,4.8770447
2007-10-31 12:00:00,4.9504395
2007-11-01 12:00:00,3.7239685
2007-11-02 12:00:00,3.4427795
2007-11-03 12:00:00,5.4320374
2007-11-04 12:00:00,4.4658813
2007-11-05 12:00:00,4.4252014
2007-11-06 12:00:00,7.5028687
2007-11-07 12:00:00,6.7738953
2007-11-08 12:00:00,4.426483
2007-11-09 12:00:00,9.1719055
2007-11-10 12:00:00,10.596222
2007-11-11 12:00:00,7.182007
2007-11-12 12:00:00,5.4642334
2007-11-13 12:00:00,5.259613
2007-11-14 12:00:00,8.365631
2007-11-15 12:00:00,11.574554
2007-11-16 12:00:00,7.649658
2007-11-17 12:00:00,5.9967957
2007-11-18 12:00:00,7.4755554
2007-11-19 12:00:00,4.6119995
2007-11-20 12:00:00,0.55270386
2007-11-21 12:00:00,2.0932312
2007-11-22 12:00:00,11.6683655
2007-11-23 12:00:00,3.8854065
2007-11-24 12:00:00,2.1776428
2007-11-25 12:00:00,4.177185
2007-11-26 12:00:00,1.8144836
2007-11-27 12:00:00,-2.2901306
2007-11-28 12:00:00,-3.0045166
2007-11-29 12:00:00,-1.7234192
2007-11-30 12:00:00,-2.7036743
2007-12-01 12:00:00,4.20343
2007-12-02 12:00:00,1.7253113
2007-12-03 12:00:00,0.4125061
2007-12-04 12:00:00,5.0988464
2007-12-05 12:00:00,2.2098083
2007-12-06 12:00:00,0.47906494
2007-12-07 12:00:00,0.73880005
2007-12-08 12:00:00,11.825531
2007-12-09 12:00:00,14.751099
2007-12-10 12:00:00,13.225433
2007-12-11 12:00:00,0.61795044
2007-12-12 12:00:00,6.075165
2007-12-13 12:00:00,11.342499
2007-12-14 12:00:00,-0.07247925
2007-12-15 12:00:00,-2.7858887
2007-12-16 12:00:00,-3.728424
2007-12-17 12:00:00,-0.21304321
2007-12-18 12:00:00,-1.105011
2007-12-19 12:00:00,2.3139343
2007-12-20 12:00:00,-1.7639465
2007-12-21 12:00:00,2.426941
2007-12-22 12:00:00,-1.0429993
2007-12-23 12:00:00,3.9333801
2007-12-24 12:00:00,9.675781
2007-12-25 12:00:00,8.233856
2007-12-26 12:00:00,-2.4095764
2007-12-27 12:00:00,-4.481842
2007-12-28 12:00:00,-0.8503723
2007-12-29 12:00:00,-2.7789001
2007-12-30 12:00:00,1.3384094
2007-12-31 12:00:00,9.299072
2008-01-01 12:00:00,9.256195
2008-01-02 12:00:00,13.064423
2008-01-03 12:00:00,13.847076
2008-01-04 12:00:00,6.9082947
2008-01-05 12:00:00,-0.71102905
2008-01-06 12:00:00,2.2913513
2008-01-07 12:00:00,7.804779
2008-01-08 12:00:00,3.500702
2008-01-09 12:00:00,3.597412
2008-01-10 12:00:00,11.429657
2008-01-11 12:00:00,-1.5061035
2008-01-12 12:00:00,-1.2389526
2008-01-13 12:00:00,-1.2256775
2008-01-14 12:00:00,-0.5957031
2008-01-15 12:00:00,6.9056396
2008-01-16 12:00:00,-1.4059143
2008-01-17 12:00:00,-0.38064575
2008-01-18 12:00:00,-3.0322266
2008-01-19 12:00:00,-1.3157043
2008-01-20 12:00:00,-11.649445
2008-01-21 12:00:00,-9.521393
2008-01-22 12:00:00,-9.5659485
2008-01-23 12:00:00,-9.535187
2008-01-24 12:00:00,-1.6205444
2008-01-25 12:00:00,-4.2014465
2008-01-26 12:00:00,-15.003937
2008-01-27 12:00:00,-11.761932
2008-01-28 12:00:00,-12.463959
2008-01-29 12:00:00,-10.268677
2008-01-30 12:00:00,-8.154358
2008-01-31 12:00:00,-2.0613708
2008-02-01 12:00:00,0.7845154
2008-02-02 12:00:00,0.5558777
2008-02-03 12:00:00,-4.008972
2008-02-04 12:00:00,-4.9302673
2008-02-05 12:00:00,-6.816925
2008-02-06 12:00:00,-12.356049
2008-02-07 12:00:00,-0.2890625
2008-02-08 12:00:00,-12.082794
2008-02-09 12:00:00,-17.346985
2008-02-10 12:00:00,-12.249176
2008-02-11 12:00:00,-7.6273193
2008-02-12 12:00:00,-4.4062195
2008-02-13 12:00:00,6.3988647
2008-02-14 12:00:00,5.4046326
2008-02-15 12:00:00,1.4174805
2008-02-16 12:00:00,-3.6557617
2008-02-17 12:00:00,1.909729
2008-02-18 12:00:00,2.9653625
2008-02-19 12:00:00,-9.204895
2008-02-20 12:00:00,-3.5490417
2008-02-21 12:00:00,1.2929382
2008-02-22 12:00:00,-7.431732
2008-02-23 12:00:00,-2.2096252
2008-02-24 12:00:00,-1.3668213
2008-02-25 12:00:00,4.011078
2008-02-26 12:00:00,9.387543
2008-02-27 12:00:00,15.376862
2008-02-28 12:00:00,2.9378052
2008-02-29 12:00:00,-9.06012
2008-03-01 12:00:00,-6.768097
2008-03-02 12:00:00,0.18728638
2008-03-03 12:00:00,10.547058
2008-03-04 12:00:00,8.6397705
2008-03-05 12:00:00,-5.1105957
2008-03-06 12:00:00,-3.1417236
2008-03-07 12:00:00,-0.1244812
2008-03-08 12:00:00,-7.961853
2008-03-09 12:00:00,-5.8079224
2008-03-10 12:00:00,-7.933502
2008-03-11 12:00:00,-8.270935
2008-03-12 12:00:00,-4.743164
2008-03-13 12:00:00,-1.9048157
2008-03-14 12:00:00,2.9335022
2008-03-15 12:00:00,2.6678772
2008-03-16 12:00:00,-0.02746582
2008-03-17 12:00:00,0.5890198
2008-03-18 12:00:00,-1.2897644
2008-03-19 12:00:00,-3.2865906
2008-03-20 12:00:00,-6.981476
2008-03-21 12:00:00,-5.1526184
2008-03-22 12:00:00,-1.5183411
2008-03-23 12:00:00,7.356659
2008-03-24 12:00:00,3.162506
2008-03-25 12:00:00,11.193024
2008-03-26 12:00:00,2.7541504
2008-03-27 12:00:00,-0.85458374
2008-03-28 12:00:00,0.057800293
2008-03-29 12:00:00,2.7730408
2008-03-30 12:00:00,11.366852
2008-03-31 12:00:00,13.463654
2008-04-01 12:00:00,15.2309265
2008-04-02 12:00:00,15.444366
2008-04-03 12:00:00,6.762787
2008-04-04 12:00:00,8.410797
2008-04-05 12:00:00,4.6752014
2008-04-06 12:00:00,0.9932251
2008-04-07 12:00:00,2.130005
2008-04-08 12:00:00,6.7779236
2008-04-09 12:00:00,10.463104
2008-04-10 12:00:00,14.478058
2008-04-11 12:00:00,16.415802
2008-04-12 12:00:00,9.152191
2008-04-13 12:00:00,7.2410583
2008-04-14 12:00:00,7.749054
2008-04-15 12:00:00,9.396088
2008-04-16 12:00:00,6.2552185
2008-04-17 12:00:00,6.8983154
2008-04-18 12:00:00,8.699646
2008-04-19 12:00:00,12.305084
2008-04-20 12:00:00,10.806854
2008-04-21 12:00:00,12.743988
2008-04-22 12:00:00,15.83374
2008-04-23 12:00:00,19.088043
2008-04-24 12:00:00,20.497375
2008-04-25 12:00:00,18.830475
2008-04-26 12:00:00,14.656586
2008-04-27 12:00:00,12.663452
2008-04-28 12:00:00,13.4617
2008-04-29 12:00:00,14.194244
2008-04-30 12:00:00,12.781158
2008-05-01 12:00:00,12.815033
2008-05-02 12:00:00,12.05954
2008-05-03 12:00:00,10.408997
2008-05-04 12:00:00,9.893463
2008-05-05 12:00:00,10.466583
2008-05-06 12:00:00,12.363434
2008-05-07 12:00:00,9.617157
2008-05-08 12:00:00,11.654907
2008-05-09 12:00:00,12.122864
2008-05-10 12:00:00,10.396698
2008-05-11 12:00:00,15.504547
2008-05-12 12:00:00,16.068024
2008-05-13 12:00:00,18.040192
2008-05-14 12:00:00,15.427582
2008-05-15 12:00:00,14.13327
2008-05-16 12:00:00,19.527252
2008-05-17 12:00:00,18.98996
2008-05-18 12:00:00,13.907227
2008-05-19 12:00:00,16.248566
2008-05-20 12:00:00,17.980316
2008-05-21 12:00:00,21.310211
2008-05-22 12:00:00,19.781372
2008-05-23 12:00:00,19.2247
2008-05-24 12:00:00,18.677094
2008-05-25 12:00:00,17.552979
2008-05-26 12:00:00,17.00769
2008-05-27 12:00:00,17.515259
2008-05-28 12:00:00,19.513397
2008-05-29 12:00:00,14.400177
2008-05-30 12:00:00,13.68045
2008-05-31 12:00:00,16.836975
2008-06-01 12:00:00,20.270477
2008-06-02 12:00:00,21.785126
2008-06-03 12:00:00,21.708649
2008-06-04 12:00:00,22.156403
2008-06-05 12:00:00,23.544128
2008-06-06 12:00:00,23.44519
2008-06-07 12:00:00,23.806
2008-06-08 12:00:00,24.068634
2008-06-09 12:00:00,22.872833
2008-06-10 12:00:00,20.96231
2008-06-11 12:00:00,17.571136
2008-06-12 12:00:00,19.23465
2008-06-13 12:00:00,21.284607
2008-06-14 12:00:00,24.545197
2008-06-15 12:00:00,24.608673
2008-06-16 12:00:00,24.081635
2008-06-17 12:00:00,24.143402
2008-06-18 12:00:00,24.341034
2008-06-19 12:00:00,22.819733
2008-06-20 12:00:00,19.387482
2008-06-21 12:00:00,18.944702
2008-06-22 12:00:00,21.076874
2008-06-23 12:00:00,23.8685
2008-06-24 12:00:00,22.10138
2008-06-25 12:00:00,21.632538
2008-06-26 12:00:00,22.828918
2008-06-27 12:00:00,25.17331
2008-06-28 12:00:00,25.755463
2008-06-29 12:00:00,24.785156
2008-06-30 12:00:00,23.367828
2008-07-01 12:00:00,23.94461
2008-07-02 12:00:00,23.595856
2008-07-03 12:00:00,24.827118
2008-07-04 12:00:00,24.707489
2008-07-05 12:00:00,23.60202
2008-07-06 12:00:00,22.797089
2008-07-07 12:00:00,24.7294
2008-07-08 12:00:00,24.206268
2008-07-09 12:00:00,21.876251
2008-07-10 12:00:00,21.699982
2008-07-11 12:00:00,21.981354
2008-07-12 12:00:00,23.599365
2008-07-13 12:00:00,23.717987
2008-07-14 12:00:00,24.034943
2008-07-15 12:00:00,24.460358
2008-07-16 12:00:00,24.939758
2008-07-17 12:00:00,23.318054
2008-07-18 12:00:00,23.502777
2008-07-19 12:00:00,23.589233
2008-07-20 12:00:00,23.26065
2008-07-21 12:00:00,21.991669
2008-07-22 12:00:00,22.010742
2008-07-23 12:00:00,24.793549
2008-07-24 12:00:00,26.366028
2008-07-25 12:00:00,25.53717
2008-07-26 12:00:00,23.82959
2008-07-27 12:00:00,21.931366
2008-07-28 12:00:00,23.11673
2008-07-29 12:00:00,22.745514
2008-07-30 12:00:00,23.554047
2008-07-31 12:00:00,23.08731
2008-08-01 12:00:00,23.507416
2008-08-02 12:00:00,23.693298
2008-08-03 12:00:00,21.665192
2008-08-04 12:00:00,22.407257
2008-08-05 12:00:00,23.951447
2008-08-06 12:00:00,26.01175
2008-08-07 12:00:00,25.20636
2008-08-08 12:00:00,23.321136
2008-08-09 12:00:00,22.104614
2008-08-10 12:00:00,22.922577
2008-08-11 12:00:00,24.878265
2008-08-12 12:00:00,25.256256
2008-08-13 12:00:00,25.716705
2008-08-14 12:00:00,26.636078
2008-08-15 12:00:00,27.164612
2008-08-16 12:00:00,28.33728
2008-08-17 12:00:00,25.24057
2008-08-18 12:00:00,22.940613
2008-08-19 12:00:00,23.895294
2008-08-20 12:00:00,25.678375
2008-08-21 12:00:00,26.068024
2008-08-22 12:00:00,22.843842
2008-08-23 12:00:00,17.349152
2008-08-24 12:00:00,18.404633
2008-08-25 12:00:00,20.564423
2008-08-26 12:00:00,22.140717
2008-08-27 12:00:00,22.375214
2008-08-28 12:00:00,21.859161
2008-08-29 12:00:00,23.821991
2008-08-30 12:00:00,22.23996
2008-08-31 12:00:00,21.676239
2008-09-01 12:00:00,22.788422
2008-09-02 12:00:00,22.792206
2008-09-03 12:00:00,24.29544
2008-09-04 12:00:00,23.264557
2008-09-05 12:00:00,21.991486
2008-09-06 12:00:00,22.223907
2008-09-07 12:00:00,21.82846
2008-09-08 12:00:00,19.546417
2008-09-09 12:00:00,22.970123
2008-09-10 12:00:00,25.530548
2008-09-11 12:00:00,22.08963
2008-09-12 12:00:00,19.585297
2008-09-13 12:00:00,18.118134
2008-09-14 12:00:00,18.026001
2008-09-15 12:00:00,17.973724
2008-09-16 12:00:00,19.097687
2008-09-17 12:00:00,19.107239
2008-09-18 12:00:00,16.903168
2008-09-19 12:00:00,17.062225
2008-09-20 12:00:00,16.931305
2008-09-21 12:00:00,17.768646
2008-09-22 12:00:00,19.75116
2008-09-23 12:00:00,20.102814
2008-09-24 12:00:00,17.354462
2008-09-25 12:00:00,22.729706
2008-09-26 12:00:00,22.35727
2008-09-27 12:00:00,19.452454
2008-09-28 12:00:00,16.07248
2008-09-29 12:00:00,15.608673
2008-09-30 12:00:00,15.801483
2008-10-01 12:00:00,13.500519
2008-10-02 12:00:00,17.284515
2008-10-03 12:00:00,21.048492
2008-10-04 12:00:00,11.5086975
2008-10-05 12:00:00,10.829559
2008-10-06 12:00:00,11.065643
2008-10-07 12:00:00,11.194794
2008-10-08 12:00:00,14.453369
2008-10-09 12:00:00,12.227875
2008-10-10 12:00:00,15.748444
2008-10-11 12:00:00,17.536499
2008-10-12 12:00:00,12.20874
2008-10-13 12:00:00,14.878632
2008-10-14 12:00:00,16.199799
2008-10-15 12:00:00,17.080475
2008-10-16 12:00:00,10.554596
2008-10-17 12:00:00,10.022888
2008-10-18 12:00:00,16.23825
2008-10-19 12:00:00,8.916992
2008-10-20 12:00:00,6.3931274
2008-10-21 12:00:00,8.537415
2008-10-22 12:00:00,10.1041565
2008-10-23 12:00:00,10.412933
2008-10-24 12:00:00,16.662079
2008-10-25 12:00:00,19.373352
2008-10-26 12:00:00,17.827606
2008-10-27 12:00:00,12.114105
2008-10-28 12:00:00,11.93457
2008-10-29 12:00:00,12.642975
2008-10-30 12:00:00,17.141663
2008-10-31 12:00:00,14.531464
2008-11-01 12:00:00,15.96994
2008-11-02 12:00:00,7.0119324
2008-11-03 12:00:00,5.2872314
2008-11-04 12:00:00,8.877472
2008-11-05 12:00:00,4.472687
2008-11-06 12:00:00,4.087921
2008-11-07 12:00:00,3.9672546
2008-11-08 12:00:00,8.920746
2008-11-09 12:00:00,6.408966
2008-11-10 12:00:00,4.3205566
2008-11-11 12:00:00,0.03012085
2008-11-12 12:00:00,0.8577881
2008-11-13 12:00:00,1.0755005
2008-11-14 12:00:00,10.819794
2008-11-15 12:00:00,8.732513
2008-11-16 12:00:00,-0.43829346
2008-11-17 12:00:00,-1.1182861
2008-11-18 12:00:00,-1.0431824
2008-11-19 12:00:00,-0.39437866
2008-11-20 12:00:00,-2.9649353
2008-11-21 12:00:00,-3.3931274
2008-11-22 12:00:00,2.9413757
2008-11-23 12:00:00,7.5852966
2008-11-24 12:00:00,8.295685
2008-11-25 12:00:00,4.1532288
2008-11-26 12:00:00,-1.2274475
2008-11-27 12:00:00,-2.288086
2008-11-28 12:00:00,2.094818
2008-11-29 12:00:00,3.721527
2008-11-30 12:00:00,2.3059998
2008-12-01 12:00:00,-1.2021179
2008-12-02 12:00:00,-1.5450745
2008-12-03 12:00:00,-2.5923157
2008-12-04 12:00:00,-1.9322205
2008-12-05 12:00:00,0.56985474
2008-12-06 12:00:00,3.4969177
2008-12-07 12:00:00,1.7343445
2008-12-08 12:00:00,-0.050079346
2008-12-09 12:00:00,1.5717468
2008-12-10 12:00:00,5.3840027
2008-12-11 12:00:00,-0.9875183
2008-12-12 12:00:00,0.43289185
2008-12-13 12:00:00,1.7288208
2008-12-14 12:00:00,-1.9553528
2008-12-15 12:00:00,-3.8504028
2008-12-16 12:00:00,-4.7655945
2008-12-17 12:00:00,-4.1545105
2008-12-18 12:00:00,-2.4692078
2008-12-19 12:00:00,-5.602417
2008-12-20 12:00:00,-4.693695
2008-12-21 12:00:00,-4.720398
2008-12-22 12:00:00,-7.2528076
2008-12-23 12:00:00,-6.5743103
2008-12-24 12:00:00,-5.3274536
2008-12-25 12:00:00,-6.2687073
2008-12-26 12:00:00,-4.4039
2008-12-27 12:00:00,-5.227539
2008-12-28 12:00:00,0.2074585
2008-12-29 12:00:00,2.6541443
2008-12-30 12:00:00,-0.14175415
2008-12-31 12:00:00,-0.35299683
2009-01-01 12:00:00,-5.247467
2009-01-02 12:00:00,-7.134308
2009-01-03 12:00:00,-8.281738
2009-01-04 12:00:00,-2.21109
2009-01-05 12:00:00,-3.495636
2009-01-06 12:00:00,-9.509613
2009-01-07 12:00:00,-8.076996
2009-01-08 12:00:00,-8.769531
2009-01-09 12:00:00,-6.3333435
2009-01-10 12:00:00,-8.287018
2009-01-11 12:00:00,-5.7344666
2009-01-12 12:00:00,4.431183
2009-01-13 12:00:00,2.0762634
2009-01-14 12:00:00,-15.238739
2009-01-15 12:00:00,-12.089081
2009-01-16 12:00:00,-4.8072815
2009-01-17 12:00:00,-1.8930359
2009-01-18 12:00:00,-9.636078
2009-01-19 12:00:00,-5.992035
2009-01-20 12:00:00,-14.083832
2009-01-21 12:00:00,-14.870148
2009-01-22 12:00:00,-17.093445
2009-01-23 12:00:00,-15.239502
2009-01-24 12:00:00,-4.256439
2009-01-25 12:00:00,-5.2844543
2009-01-26 12:00:00,-5.987274
2009-01-27 12:00:00,2.8179932
2009-01-28 12:00:00,-2.3506165
2009-01-29 12:00:00,-4.5663147
2009-01-30 12:00:00,-1.7987976
2009-01-31 12:00:00,-4.0448303
2009-02-01 12:00:00,2.5335999
2009-02-02 12:00:00,3.074829
2009-02-03 12:00:00,-5.4289856
2009-02-04 12:00:00,-3.0764465
2009-02-05 12:00:00,-10.818085
2009-02-06 12:00:00,-11.019196
2009-02-07 12:00:00,-9.264404
2009-02-08 12:00:00,-5.261078
2009-02-09 12:00:00,-4.8467712
2009-02-10 12:00:00,-0.585022
2009-02-11 12:00:00,-5.161438
2009-02-12 12:00:00,-10.334534
2009-02-13 12:00:00,-12.292633
2009-02-14 12:00:00,-11.651825
2009-02-15 12:00:00,-7.3461304
2009-02-16 12:00:00,-7.628998
2009-02-17 12:00:00,-7.10318
2009-02-18 12:00:00,-2.8318787
2009-02-19 12:00:00,-2.376007
2009-02-20 12:00:00,-7.369446
2009-02-21 12:00:00,-5.1681213
2009-02-22 12:00:00,-7.6081543
2009-02-23 12:00:00,-12.0372925
2009-02-24 12:00:00,-9.240631
2009-02-25 12:00:00,-6.2095947
2009-02-26 12:00:00,-1.0793152
2009-02-27 12:00:00,-1.2936096
2009-02-28 12:00:00,-0.72732544
2009-03-01 12:00:00,4.5420227
2009-03-02 12:00:00,7.105377
2009-03-03 12:00:00,5.7287292
2009-03-04 12:00:00,1.3925476
2009-03-05 12:00:00,-3.0038757
2009-03-06 12:00:00,0.7159729
2009-03-07 12:00:00,1.6227417
2009-03-08 12:00:00,2.262848
2009-03-09 12:00:00,3.8996582
2009-03-10 12:00:00,6.8520813
2009-03-11 12:00:00,8.595917
2009-03-12 12:00:00,8.488556
2009-03-13 12:00:00,9.772614
2009-03-14 12:00:00,12.188416
2009-03-15 12:00:00,1.9243469
2009-03-16 12:00:00,1.6781921
2009-03-17 12:00:00,9.814667
2009-03-18 12:00:00,2.4665222
2009-03-19 12:00:00,2.117218
2009-03-20 12:00:00,3.9201355
2009-03-21 12:00:00,6.8730774
2009-03-22 12:00:00,4.3540955
2009-03-23 12:00:00,7.793091
2009-03-24 12:00:00,6.6199036
2009-03-25 12:00:00,2.908905
2009-03-26 12:00:00,2.7796936
2009-03-27 12:00:00,0.9871521
2009-03-28 12:00:00,-1.4573059
2009-03-29 12:00:00,2.806366
2009-03-30 12:00:00,4.4055786
2009-03-31 12:00:00,6.027649
2009-04-01 12:00:00,6.9868164
2009-04-02 12:00:00,7.632721
2009-04-03 12:00:00,9.98172
2009-04-04 12:00:00,11.858276
2009-04-05 12:00:00,14.315094
2009-04-06 12:00:00,10.794647
2009-04-07 12:00:00,4.48761
2009-04-08 12:00:00,11.073639
2009-04-09 12:00:00,12.667023
2009-04-10 12:00:00,11.846405
2009-04-11 12:00:00,-1.0976868
2009-04-12 12:00:00,-1.1507874
2009-04-13 12:00:00,0.8121643
2009-04-14 12:00:00,2.5604858
2009-04-15 12:00:00,4.3783264
2009-04-16 12:00:00,6.017029
2009-04-17 12:00:00,5.547943
2009-04-18 12:00:00,5.538971
2009-04-19 12:00:00,3.6372375
2009-04-20 12:00:00,6.8515015
2009-04-21 12:00:00,10.876862
2009-04-22 12:00:00,10.074799
2009-04-23 12:00:00,10.48111
2009-04-24 12:00:00,11.065369
2009-04-25 12:00:00,9.438751
2009-04-26 12:00:00,12.083405
2009-04-27 12:00:00,13.950836
2009-04-28 12:00:00,12.986023
2009-04-29 12:00:00,9.999237
2009-04-30 12:00:00,13.131622
2009-05-01 12:00:00,11.882538
2009-05-02 12:00:00,14.199524
2009-05-03 12:00:00,10.330353
2009-05-04 12:00:00,8.807068
2009-05-05 12:00:00,10.181122
2009-05-06 12:00:00,14.783417
2009-05-07 12:00:00,13.339813
2009-05-08 12:00:00,12.679321
2009-05-09 12:00:00,11.371307
2009-05-10 12:00:00,13.5954895
2009-05-11 12:00:00,14.490173
2009-05-12 12:00:00,12.333862
2009-05-13 12:00:00,12.390106
2009-05-14 12:00:00,13.223755
2009-05-15 12:00:00,15.586121
2009-05-16 12:00:00,15.1910095
2009-05-17 12:00:00,13.439117
2009-05-18 12:00:00,12.979767
2009-05-19 12:00:00,14.355621
2009-05-20 12:00:00,14.458282
2009-05-21 12:00:00,14.064178
2009-05-22 12:00:00,14.890045
2009-05-23 12:00:00,14.531555
2009-05-24 12:00:00,11.48111
2009-05-25 12:00:00,13.184601
2009-05-26 12:00:00,14.144196
2009-05-27 12:00:00,12.265472
2009-05-28 12:00:00,13.559418
2009-05-29 12:00:00,14.820526
2009-05-30 12:00:00,16.348541
2009-05-31 12:00:00,16.081879
2009-06-01 12:00:00,19.258942
2009-06-02 12:00:00,20.641083
2009-06-03 12:00:00,20.693298
2009-06-04 12:00:00,19.948761
2009-06-05 12:00:00,20.028412
2009-06-06 12:00:00,18.052277
2009-06-07 12:00:00,17.414124
2009-06-08 12:00:00,17.507294
2009-06-09 12:00:00,18.442657
2009-06-10 12:00:00,19.01242
2009-06-11 12:00:00,19.997955
2009-06-12 12:00:00,18.670471
2009-06-13 12:00:00,18.483002
2009-06-14 12:00:00,20.033478
2009-06-15 12:00:00,21.417938
2009-06-16 12:00:00,20.913239
2009-06-17 12:00:00,20.719452
2009-06-18 12:00:00,19.179169
2009-06-19 12:00:00,20.139801
2009-06-20 12:00:00,18.34253
2009-06-21 12:00:00,15.124908
2009-06-22 12:00:00,17.316223
2009-06-23 12:00:00,19.670197
2009-06-24 12:00:00,22.066223
2009-06-25 12:00:00,22.778107
2009-06-26 12:00:00,24.39914
2009-06-27 12:00:00,25.510254
2009-06-28 12:00:00,23.589111
2009-06-29 12:00:00,21.847626
2009-06-30 12:00:00,21.772247
2009-07-01 12:00:00,20.982635
2009-07-02 12:00:00,21.889282
2009-07-03 12:00:00,22.946991
2009-07-04 12:00:00,21.454132
2009-07-05 12:00:00,20.384064
2009-07-06 12:00:00,20.17212
2009-07-07 12:00:00,22.640808
2009-07-08 12:00:00,22.399689
2009-07-09 12:00:00,23.415619
2009-07-10 12:00:00,22.72818
2009-07-11 12:00:00,22.125275
2009-07-12 12:00:00,20.378387
2009-07-13 12:00:00,20.555023
2009-07-14 12:00:00,20.989838
2009-07-15 12:00:00,22.30484
2009-07-16 12:00:00,25.226837
2009-07-17 12:00:00,24.967255
2009-07-18 12:00:00,22.76535
2009-07-19 12:00:00,23.55307
2009-07-20 12:00:00,25.520782
2009-07-21 12:00:00,25.769043
2009-07-22 12:00:00,26.297821
2009-07-23 12:00:00,26.945892
2009-07-24 12:00:00,26.899902
2009-07-25 12:00:00,27.278534
2009-07-26 12:00:00,27.57312
2009-07-27 12:00:00,24.13852
2009-07-28 12:00:00,20.16922
2009-07-29 12:00:00,21.698181
2009-07-30 12:00:00,27.497467
2009-07-31 12:00:00,26.231445
2009-08-01 12:00:00,24.581635
2009-08-02 12:00:00,24.37387
2009-08-03 12:00:00,24.592896
2009-08-04 12:00:00,23.854889
2009-08-05 12:00:00,21.599854
2009-08-06 12:00:00,21.701385
2009-08-07 12:00:00,21.511322
2009-08-08 12:00:00,21.824524
2009-08-09 12:00:00,22.12674
2009-08-10 12:00:00,23.33609
2009-08-11 12:00:00,22.943329
2009-08-12 12:00:00,24.508514
2009-08-13 12:00:00,24.556915
2009-08-14 12:00:00,23.43045
2009-08-15 12:00:00,23.665192
2009-08-16 12:00:00,23.024689
2009-08-17 12:00:00,21.482422
2009-08-18 12:00:00,22.062408
2009-08-19 12:00:00,24.159668
2009-08-20 12:00:00,24.592804
2009-08-21 12:00:00,24.412872
2009-08-22 12:00:00,22.720612
2009-08-23 12:00:00,23.348236
2009-08-24 12:00:00,25.25058
2009-08-25 12:00:00,25.241425
2009-08-26 12:00:00,24.009796
2009-08-27 12:00:00,23.097809
2009-08-28 12:00:00,22.988708
2009-08-29 12:00:00,24.523132
2009-08-30 12:00:00,24.828278
2009-08-31 12:00:00,23.391571
2009-09-01 12:00:00,19.58902
2009-09-02 12:00:00,19.505829
2009-09-03 12:00:00,22.530243
2009-09-04 12:00:00,22.905914
2009-09-05 12:00:00,20.69629
2009-09-06 12:00:00,22.23233
2009-09-07 12:00:00,23.85962
2009-09-08 12:00:00,17.691925
2009-09-09 12:00:00,16.564972
2009-09-10 12:00:00,16.453522
2009-09-11 12:00:00,18.621368
2009-09-12 12:00:00,22.47226
2009-09-13 12:00:00,24.157135
2009-09-14 12:00:00,24.79181
2009-09-15 12:00:00,24.9122
2009-09-16 12:00:00,27.434723
2009-09-17 12:00:00,28.546722
2009-09-18 12:00:00,25.660095
2009-09-19 12:00:00,20.570648
2009-09-20 12:00:00,18.511566
2009-09-21 12:00:00,13.865875
2009-09-22 12:00:00,13.866089
2009-09-23 12:00:00,19.835022
2009-09-24 12:00:00,18.352997
2009-09-25 12:00:00,16.328522
2009-09-26 12:00:00,16.62674
2009-09-27 12:00:00,18.321014
2009-09-28 12:00:00,21.412872
2009-09-29 12:00:00,21.345581
2009-09-30 12:00:00,18.727356
2009-10-01 12:00:00,22.418549
2009-10-02 12:00:00,24.169983
2009-10-03 12:00:00,19.116058
2009-10-04 12:00:00,15.21405
2009-10-05 12:00:00,19.68689
2009-10-06 12:00:00,13.128937
2009-10-07 12:00:00,11.021637
2009-10-08 12:00:00,11.351898
2009-10-09 12:00:00,11.377533
2009-10-10 12:00:00,14.073975
2009-10-11 12:00:00,15.717194
2009-10-12 12:00:00,17.392426
2009-10-13 12:00:00,14.666107
2009-10-14 12:00:00,9.108856
2009-10-15 12:00:00,7.8784485
2009-10-16 12:00:00,8.083435
2009-10-17 12:00:00,6.7395935
2009-10-18 12:00:00,7.4076233
2009-10-19 12:00:00,6.9233704
2009-10-20 12:00:00,7.641876
2009-10-21 12:00:00,8.588959
2009-10-22 12:00:00,5.604065
2009-10-23 12:00:00,2.9356995
2009-10-24 12:00:00,11.037689
2009-10-25 12:00:00,10.11142
2009-10-26 12:00:00,14.062805
2009-10-27 12:00:00,13.621674
2009-10-28 12:00:00,10.280518
2009-10-29 12:00:00,11.199432
2009-10-30 12:00:00,13.24234
2009-10-31 12:00:00,14.810486
2009-11-01 12:00:00,12.179962
2009-11-02 12:00:00,12.856171
2009-11-03 12:00:00,6.9691467
2009-11-04 12:00:00,6.5351257
2009-11-05 12:00:00,13.0289
2009-11-06 12:00:00,17.739471
2009-11-07 12:00:00,18.263031
2009-11-08 12:00:00,13.175995
2009-11-09 12:00:00,5.1692505
2009-11-10 12:00:00,4.4243164
2009-11-11 12:00:00,5.4500732
2009-11-12 12:00:00,3.3166199
2009-11-13 12:00:00,8.385284
2009-11-14 12:00:00,11.460815
2009-11-15 12:00:00,10.945618
2009-11-16 12:00:00,10.871033
2009-11-17 12:00:00,12.40921
2009-11-18 12:00:00,14.196503
2009-11-19 12:00:00,14.923859
2009-11-20 12:00:00,14.354034
2009-11-21 12:00:00,15.212219
2009-11-22 12:00:00,11.237793
2009-11-23 12:00:00,13.0694275
2009-11-24 12:00:00,3.9143372
2009-11-25 12:00:00,-0.26931763
2009-11-26 12:00:00,-0.87210083
2009-11-27 12:00:00,-1.0965881
2009-11-28 12:00:00,-1.523468
2009-11-29 12:00:00,-0.3557434
2009-11-30 12:00:00,0.01675415
2009-12-01 12:00:00,-0.8149719
2009-12-02 12:00:00,0.41534424
2009-12-03 12:00:00,-5.086731
2009-12-04 12:00:00,-4.6152954
2009-12-05 12:00:00,-4.526306
2009-12-06 12:00:00,-3.5055542
2009-12-07 12:00:00,1.2461853
2009-12-08 12:00:00,2.8205261
2009-12-09 12:00:00,3.9142761
2009-12-10 12:00:00,6.8244934
2009-12-11 12:00:00,16.106781
2009-12-12 12:00:00,3.807953
2009-12-13 12:00:00,-1.3645935
2009-12-14 12:00:00,-1.683258
2009-12-15 12:00:00,-3.95813
2009-12-16 12:00:00,-2.1568298
2009-12-17 12:00:00,-1.0780334
2009-12-18 12:00:00,-6.6194153
2009-12-19 12:00:00,-4.802704
2009-12-20 12:00:00,-6.33786
2009-12-21 12:00:00,-6.1132507
2009-12-22 12:00:00,-5.9182434
2009-12-23 12:00:00,-9.968262
2009-12-24 12:00:00,-9.995575
2009-12-25 12:00:00,-9.395599
2009-12-26 12:00:00,-10.081268
2009-12-27 12:00:00,-11.118439
2009-12-28 12:00:00,-8.483612
2009-12-29 12:00:00,-8.307648
2009-12-30 12:00:00,-10.002594
2009-12-31 12:00:00,-5.556488
2010-01-01 12:00:00,6.76178
2010-01-02 12:00:00,9.296143
2010-01-03 12:00:00,2.717987
2010-01-04 12:00:00,-0.053527832
2010-01-05 12:00:00,-2.9095764
2010-01-06 12:00:00,-4.577484
2010-01-07 12:00:00,-8.80545
2010-01-08 12:00:00,-7.9861145
2010-01-09 12:00:00,-5.705841
2010-01-10 12:00:00,-2.4382324
2010-01-11 12:00:00,-3.5030212
2010-01-12 12:00:00,-3.8316956
2010-01-13 12:00:00,-1.3340759
2010-01-14 12:00:00,-2.721466
2010-01-15 12:00:00,-6.3721313
2010-01-16 12:00:00,-8.447662
2010-01-17 12:00:00,-2.9248352
2010-01-18 12:00:00,-5.3157654
2010-01-19 12:00:00,-10.548767
2010-01-20 12:00:00,-7.7602844
2010-01-21 12:00:00,-0.8367615
2010-01-22 12:00:00,-0.8840027
2010-01-23 12:00:00,-4.1559143
2010-01-24 12:00:00,-0.8221741
2010-01-25 12:00:00,-4.9890747
2010-01-26 12:00:00,-2.6272888
2010-01-27 12:00:00,-0.9272766
2010-01-28 12:00:00,-1.9559631
2010-01-29 12:00:00,-1.3664856
2010-01-30 12:00:00,-1.6500549
2010-01-31 12:00:00,-2.8034363
2010-02-01 12:00:00,-1.3626404
2010-02-02 12:00:00,0.46292114
2010-02-03 12:00:00,0.019134521
2010-02-04 12:00:00,-5.762909
2010-02-05 12:00:00,-11.342316
2010-02-06 12:00:00,-10.673798
2010-02-07 12:00:00,-5.7365417
2010-02-08 12:00:00,1.1659851
2010-02-09 12:00:00,-0.22976685
2010-02-10 12:00:00,-2.8944397
2010-02-11 12:00:00,-5.4753723
2010-02-12 12:00:00,-6.4181824
2010-02-13 12:00:00,-6.358429
2010-02-14 12:00:00,-3.8276672
2010-02-15 12:00:00,0.5510559
2010-02-16 12:00:00,0.4012146
2010-02-17 12:00:00,-9.310455
2010-02-18 12:00:00,-3.4899597
2010-02-19 12:00:00,-3.45578
2010-02-20 12:00:00,0.35443115
2010-02-21 12:00:00,2.2131958
2010-02-22 12:00:00,8.936707
2010-02-23 12:00:00,-1.4398804
2010-02-24 12:00:00,-0.08554077
2010-02-25 12:00:00,-3.2511292
2010-02-26 12:00:00,-5.2183228
2010-02-27 12:00:00,-4.323517
2010-02-28 12:00:00,5.6142273
2010-03-01 12:00:00,10.988922
2010-03-02 12:00:00,-5.58136
2010-03-03 12:00:00,-6.554596
2010-03-04 12:00:00,-2.0528564
2010-03-05 12:00:00,-2.8067322
2010-03-06 12:00:00,-1.8430481
2010-03-07 12:00:00,-2.0503235
2010-03-08 12:00:00,-3.4734192
2010-03-09 12:00:00,-3.67099
2010-03-10 12:00:00,-2.8700867
2010-03-11 12:00:00,-1.3522644
2010-03-12 12:00:00,6.1760864
2010-03-13 12:00:00,8.922424
2010-03-14 12:00:00,-1.3862
2010-03-15 12:00:00,1.0567932
2010-03-16 12:00:00,0.7557678
2010-03-17 12:00:00,-0.8996887
2010-03-18 12:00:00,-0.26766968
2010-03-19 12:00:00,-0.04058838
2010-03-20 12:00:00,1.2705994
2010-03-21 12:00:00,8.425812
2010-03-22 12:00:00,13.464905
2010-03-23 12:00:00,7.947357
2010-03-24 12:00:00,7.381012
2010-03-25 12:00:00,6.0608826
2010-03-26 12:00:00,5.983673
2010-03-27 12:00:00,5.0075073
2010-03-28 12:00:00,4.8731995
2010-03-29 12:00:00,1.688446
2010-03-30 12:00:00,2.9713745
2010-03-31 12:00:00,2.6322937
2010-04-01 12:00:00,3.7488403
2010-04-02 12:00:00,6.9551086
2010-04-03 12:00:00,3.891571
2010-04-04 12:00:00,-2.2864685
2010-04-05 12:00:00,-1.8623962
2010-04-06 12:00:00,6.752228
2010-04-07 12:00:00,4.788208
2010-04-08 12:00:00,4.5513
2010-04-09 12:00:00,7.933899
2010-04-10 12:00:00,9.925171
2010-04-11 12:00:00,9.947296
2010-04-12 12:00:00,10.056854
2010-04-13 12:00:00,10.910431
2010-04-14 12:00:00,9.344147
2010-04-15 12:00:00,6.0102234
2010-04-16 12:00:00,3.9238586
2010-04-17 12:00:00,8.032471
2010-04-18 12:00:00,11.0659485
2010-04-19 12:00:00,11.006317
2010-04-20 12:00:00,12.772247
2010-04-21 12:00:00,11.3013
2010-04-22 12:00:00,10.145569
2010-04-23 12:00:00,7.854889
2010-04-24 12:00:00,8.104462
2010-04-25 12:00:00,11.264221
2010-04-26 12:00:00,14.314697
2010-04-27 12:00:00,7.544098
2010-04-28 12:00:00,6.3224792
2010-04-29 12:00:00,16.637512
2010-04-30 12:00:00,13.515503
2010-05-01 12:00:00,6.491974
2010-05-02 12:00:00,10.930603
2010-05-03 12:00:00,14.055634
2010-05-04 12:00:00,15.662445
2010-05-05 12:00:00,16.79367
2010-05-06 12:00:00,15.000336
2010-05-07 12:00:00,18.780182
2010-05-08 12:00:00,16.960907
2010-05-09 12:00:00,19.084381
2010-05-10 12:00:00,18.496277
2010-05-11 12:00:00,14.753174
2010-05-12 12:00:00,14.917084
2010-05-13 12:00:00,15.63559
2010-05-14 12:00:00,19.690216
2010-05-15 12:00:00,20.306732
2010-05-16 12:00:00,17.560577
2010-05-17 12:00:00,16.483673
2010-05-18 12:00:00,14.8089905
2010-05-19 12:00:00,13.110321
2010-05-20 12:00:00,14.6675415
2010-05-21 12:00:00,16.216095
2010-05-22 12:00:00,19.543304
2010-05-23 12:00:00,21.657928
2010-05-24 12:00:00,15.501312
2010-05-25 12:00:00,15.192993
2010-05-26 12:00:00,17.548065
2010-05-27 12:00:00,17.064423
2010-05-28 12:00:00,15.256989
2010-05-29 12:00:00,14.828705
2010-05-30 12:00:00,13.998352
2010-05-31 12:00:00,14.98996
2010-06-01 12:00:00,16.721283
2010-06-02 12:00:00,19.181122
2010-06-03 12:00:00,19.915558
2010-06-04 12:00:00,17.667511
2010-06-05 12:00:00,19.36087
2010-06-06 12:00:00,18.371094
2010-06-07 12:00:00,19.678894
2010-06-08 12:00:00,19.652283
2010-06-09 12:00:00,21.201202
2010-06-10 12:00:00,17.134277
2010-06-11 12:00:00,17.515533
2010-06-12 12:00:00,18.280365
2010-06-13 12:00:00,19.110626
2010-06-14 12:00:00,19.07846
2010-06-15 12:00:00,19.862518
2010-06-16 12:00:00,20.58316
2010-06-17 12:00:00,21.844574
2010-06-18 12:00:00,19.176758
2010-06-19 12:00:00,18.102997
2010-06-20 12:00:00,17.168
2010-06-21 12:00:00,19.242828
2010-06-22 12:00:00,21.401306
2010-06-23 12:00:00,22.143372
2010-06-24 12:00:00,21.2193
2010-06-25 12:00:00,21.97165
2010-06-26 12:00:00,24.380402
2010-06-27 12:00:00,23.512604
2010-06-28 12:00:00,24.075897
2010-06-29 12:00:00,24.535858
2010-06-30 12:00:00,24.95224
2010-07-01 12:00:00,24.842194
2010-07-02 12:00:00,25.067657
2010-07-03 12:00:00,22.710266
2010-07-04 12:00:00,21.626831
2010-07-05 12:00:00,23.690948
2010-07-06 12:00:00,26.115631
2010-07-07 12:00:00,25.728851
2010-07-08 12:00:00,25.849945
2010-07-09 12:00:00,23.909027
2010-07-10 12:00:00,23.909698
2010-07-11 12:00:00,22.852783
2010-07-12 12:00:00,23.527588
2010-07-13 12:00:00,23.55423
2010-07-14 12:00:00,21.68454
2010-07-15 12:00:00,22.360016
2010-07-16 12:00:00,20.809113
2010-07-17 12:00:00,19.887115
2010-07-18 12:00:00,20.159729
2010-07-19 12:00:00,23.046722
2010-07-20 12:00:00,26.134888
2010-07-21 12:00:00,22.96933
2010-07-22 12:00:00,22.351257
2010-07-23 12:00:00,24.665741
2010-07-24 12:00:00,24.840546
2010-07-25 12:00:00,22.272522
2010-07-26 12:00:00,22.555328
2010-07-27 12:00:00,21.745453
2010-07-28 12:00:00,23.569366
2010-07-29 12:00:00,25.07544
2010-07-30 12:00:00,25.519623
2010-07-31 12:00:00,22.049774
2010-08-01 12:00:00,21.333923
2010-08-02 12:00:00,21.766876
2010-08-03 12:00:00,22.520355
2010-08-04 12:00:00,22.336823
2010-08-05 12:00:00,22.910797
2010-08-06 12:00:00,22.536896
2010-08-07 12:00:00,23.299713
2010-08-08 12:00:00,23.868073
2010-08-09 12:00:00,22.025421
2010-08-10 12:00:00,23.656769
2010-08-11 12:00:00,25.9747
2010-08-12 12:00:00,26.760895
2010-08-13 12:00:00,25.561249
2010-08-14 12:00:00,25.36795
2010-08-15 12:00:00,25.67752
2010-08-16 12:00:00,25.906769
2010-08-17 12:00:00,25.39685
2010-08-18 12:00:00,25.707428
2010-08-19 12:00:00,25.288422
2010-08-20 12:00:00,24.939117
2010-08-21 12:00:00,25.892853
2010-08-22 12:00:00,25.894684
2010-08-23 12:00:00,25.32022
2010-08-24 12:00:00,19.277283
2010-08-25 12:00:00,16.254211
2010-08-26 12:00:00,17.620575
2010-08-27 12:00:00,20.278778
2010-08-28 12:00:00,22.960663
2010-08-29 12:00:00,24.578583
2010-08-30 12:00:00,24.39682
2010-08-31 12:00:00,21.739655
2010-09-01 12:00:00,21.918304
2010-09-02 12:00:00,22.935272
2010-09-03 12:00:00,24.915497
2010-09-04 12:00:00,27.389435
2010-09-05 12:00:00,28.395966
2010-09-06 12:00:00,29.756073
2010-09-07 12:00:00,28.135345
2010-09-08 12:00:00,19.989899
2010-09-09 12:00:00,17.159088
2010-09-10 12:00:00,15.9841
2010-09-11 12:00:00,16.676239
2010-09-12 12:00:00,19.503998
2010-09-13 12:00:00,21.881409
2010-09-14 12:00:00,24.030914
2010-09-15 12:00:00,20.99121
2010-09-16 12:00:00,16.445648
2010-09-17 12:00:00,14.722687
2010-09-18 12:00:00,17.953339
2010-09-19 12:00:00,18.742218
2010-09-20 12:00:00,20.459656
2010-09-21 12:00:00,19.735565
2010-09-22 12:00:00,18.312347
2010-09-23 12:00:00,18.397614
2010-09-24 12:00:00,21.323212
2010-09-25 12:00:00,18.37387
2010-09-26 12:00:00,18.451141
2010-09-27 12:00:00,16.213287
2010-09-28 12:00:00,16.91861
2010-09-29 12:00:00,18.59317
2010-09-30 12:00:00,18.490906
2010-10-01 12:00:00,18.48175
2010-10-02 12:00:00,15.642395
2010-10-03 12:00:00,16.176544
2010-10-04 12:00:00,17.53006
2010-10-05 12:00:00,13.988617
2010-10-06 12:00:00,18.777496
2010-10-07 12:00:00,20.442719
2010-10-08 12:00:00,16.268799
2010-10-09 12:00:00,14.20932
2010-10-10 12:00:00,12.62735
2010-10-11 12:00:00,13.343353
2010-10-12 12:00:00,17.925629
2010-10-13 12:00:00,13.940704
2010-10-14 12:00:00,17.076782
2010-10-15 12:00:00,15.776947
2010-10-16 12:00:00,8.233612
2010-10-17 12:00:00,8.293732
2010-10-18 12:00:00,8.242706
2010-10-19 12:00:00,8.794678
2010-10-20 12:00:00,11.964111
2010-10-21 12:00:00,13.498566
2010-10-22 12:00:00,9.050018
2010-10-23 12:00:00,9.451874
2010-10-24 12:00:00,12.365265
2010-10-25 12:00:00,10.941467
2010-10-26 12:00:00,9.017944
2010-10-27 12:00:00,12.814789
2010-10-28 12:00:00,14.288757
2010-10-29 12:00:00,5.6789856
2010-10-30 12:00:00,5.162079
2010-10-31 12:00:00,4.348755
2010-11-01 12:00:00,9.174988
2010-11-02 12:00:00,12.005188
2010-11-03 12:00:00,13.399445
2010-11-04 12:00:00,9.0624695
2010-11-05 12:00:00,3.8311157
2010-11-06 12:00:00,4.977661
2010-11-07 12:00:00,6.742859
2010-11-08 12:00:00,7.966034
2010-11-09 12:00:00,4.764221
2010-11-10 12:00:00,6.621277
2010-11-11 12:00:00,5.5298157
2010-11-12 12:00:00,6.487213
2010-11-13 12:00:00,6.813141
2010-11-14 12:00:00,6.382599
2010-11-15 12:00:00,7.318451
2010-11-16 12:00:00,6.384491
2010-11-17 12:00:00,8.671356
2010-11-18 12:00:00,1.8995667
2010-11-19 12:00:00,2.6476746
2010-11-20 12:00:00,2.787384
2010-11-21 12:00:00,4.6000977
2010-11-22 12:00:00,3.4143982
2010-11-23 12:00:00,4.171295
2010-11-24 12:00:00,2.8107605
2010-11-25 12:00:00,3.8365173
2010-11-26 12:00:00,1.5819397
2010-11-27 12:00:00,2.4613953
2010-11-28 12:00:00,7.7622375
2010-11-29 12:00:00,10.104065
2010-11-30 12:00:00,3.6052551
2010-12-01 12:00:00,7.386139
2010-12-02 12:00:00,3.2635498
2010-12-03 12:00:00,0.94992065
2010-12-04 12:00:00,1.9125061
2010-12-05 12:00:00,0.10195923
2010-12-06 12:00:00,0.26013184
2010-12-07 12:00:00,-3.3335571
2010-12-08 12:00:00,-0.21932983
2010-12-09 12:00:00,-0.5559387
2010-12-10 12:00:00,-4.2036133
2010-12-11 12:00:00,-5.2079773
2010-12-12 12:00:00,-3.3806458
2010-12-13 12:00:00,-3.0162048
2010-12-14 12:00:00,-0.49594116
2010-12-15 12:00:00,-1.9128723
2010-12-16 12:00:00,1.3285217
2010-12-17 12:00:00,-1.8398132
2010-12-18 12:00:00,-1.363617
2010-12-19 12:00:00,2.149109
2010-12-20 12:00:00,-1.0970764
2010-12-21 12:00:00,-3.4659119
2010-12-22 12:00:00,4.199707
2010-12-23 12:00:00,9.0466
2010-12-24 12:00:00,1.3057556
2010-12-25 12:00:00,-6.6557617
2010-12-26 12:00:00,5.1321106
2010-12-27 12:00:00,-2.5343323
2010-12-28 12:00:00,-4.5715027
2010-12-29 12:00:00,-6.9079285
2010-12-30 12:00:00,-2.8950806
2010-12-31 12:00:00,1.7556458
2011-01-01 12:00:00,11.738312
2011-01-02 12:00:00,10.427521
2011-01-03 12:00:00,17.025116
2011-01-04 12:00:00,7.5085144
2011-01-05 12:00:00,5.2494507
2011-01-06 12:00:00,-3.138092
2011-01-07 12:00:00,-4.544525
2011-01-08 12:00:00,-4.6733704
2011-01-09 12:00:00,-0.7909546
2011-01-10 12:00:00,2.9341125
2011-01-11 12:00:00,-0.45922852
2011-01-12 12:00:00,-5.1208496
2011-01-13 12:00:00,-8.416687
2011-01-14 12:00:00,-6.752411
2011-01-15 12:00:00,-11.35611
2011-01-16 12:00:00,-12.7048645
2011-01-17 12:00:00,-9.028839
2011-01-18 12:00:00,-1.5359192
2011-01-19 12:00:00,-8.813171
2011-01-20 12:00:00,-9.599457
2011-01-21 12:00:00,-9.857697
2011-01-22 12:00:00,-9.774872
2011-01-23 12:00:00,-7.6388245
2011-01-24 12:00:00,-7.586151
2011-01-25 12:00:00,-3.605011
2011-01-26 12:00:00,-6.8015747
2011-01-27 12:00:00,-12.560577
2011-01-28 12:00:00,-9.192352
2011-01-29 12:00:00,-9.357147
2011-01-30 12:00:00,-9.095093
2011-01-31 12:00:00,-7.4830017
2011-02-01 12:00:00,-3.327423
2011-02-02 12:00:00,-4.891083
2011-02-03 12:00:00,-9.198639
2011-02-04 12:00:00,-5.462494
2011-02-05 12:00:00,-4.737335
2011-02-06 12:00:00,-5.937622
2011-02-07 12:00:00,-8.149017
2011-02-08 12:00:00,-5.764099
2011-02-09 12:00:00,-7.214508
2011-02-10 12:00:00,-10.1492
2011-02-11 12:00:00,-4.143524
2011-02-12 12:00:00,-10.794708
2011-02-13 12:00:00,-7.2759705
2011-02-14 12:00:00,-1.545044
2011-02-15 12:00:00,-12.892395
2011-02-16 12:00:00,-12.033539
2011-02-17 12:00:00,-11.441559
2011-02-18 12:00:00,-11.295288
2011-02-19 12:00:00,-7.5289
2011-02-20 12:00:00,-13.477386
2011-02-21 12:00:00,-14.989502
2011-02-22 12:00:00,-11.091644
2011-02-23 12:00:00,-14.619476
2011-02-24 12:00:00,-13.138519
2011-02-25 12:00:00,-13.374359
2011-02-26 12:00:00,-0.7591553
2011-02-27 12:00:00,2.5459595
2011-02-28 12:00:00,-5.9769287
2011-03-01 12:00:00,-6.6268005
2011-03-02 12:00:00,-5.490204
2011-03-03 12:00:00,-4.462494
2011-03-04 12:00:00,-5.1531067
2011-03-05 12:00:00,-5.2901306
2011-03-06 12:00:00,-1.9679565
2011-03-07 12:00:00,-1.4601135
2011-03-08 12:00:00,-0.87527466
2011-03-09 12:00:00,-1.8841248
2011-03-10 12:00:00,-1.9359741
2011-03-11 12:00:00,-1.0262756
2011-03-12 12:00:00,-1.4734192
2011-03-13 12:00:00,-3.068573
2011-03-14 12:00:00,-2.3669434
2011-03-15 12:00:00,-1.1655884
2011-03-16 12:00:00,-1.5979309
2011-03-17 12:00:00,3.4026794
2011-03-18 12:00:00,5.9336243
2011-03-19 12:00:00,-3.0473022
2011-03-20 12:00:00,-0.897583
2011-03-21 12:00:00,-2.1416016
2011-03-22 12:00:00,1.8124695
2011-03-23 12:00:00,-0.97927856
2011-03-24 12:00:00,-3.1439514
2011-03-25 12:00:00,-0.9600525
2011-03-26 12:00:00,3.881775
2011-03-27 12:00:00,9.41214
2011-03-28 12:00:00,5.5073547
2011-03-29 12:00:00,4.9892273
2011-03-30 12:00:00,4.416046
2011-03-31 12:00:00,3.1385193
2011-04-01 12:00:00,3.3501892
2011-04-02 12:00:00,3.8061829
2011-04-03 12:00:00,3.48703
2011-04-04 12:00:00,3.0508118
2011-04-05 12:00:00,4.888153
2011-04-06 12:00:00,4.193512
2011-04-07 12:00:00,4.5217896
2011-04-08 12:00:00,6.909088
2011-04-09 12:00:00,3.2366638
2011-04-10 12:00:00,2.874298
2011-04-11 12:00:00,6.9929504
2011-04-12 12:00:00,8.482971
2011-04-13 12:00:00,8.000092
2011-04-14 12:00:00,9.347748
2011-04-15 12:00:00,9.887726
2011-04-16 12:00:00,11.829498
2011-04-17 12:00:00,12.407684
2011-04-18 12:00:00,10.166901
2011-04-19 12:00:00,6.2496643
2011-04-20 12:00:00,5.426605
2011-04-21 12:00:00,4.969208
2011-04-22 12:00:00,8.327423
2011-04-23 12:00:00,10.916931
2011-04-24 12:00:00,11.624664
2011-04-25 12:00:00,14.623291
2011-04-26 12:00:00,14.491974
2011-04-27 12:00:00,9.7760315
2011-04-28 12:00:00,10.772919
2011-04-29 12:00:00,11.7066345
2011-04-30 12:00:00,9.850983
2011-05-01 12:00:00,12.251862
2011-05-02 12:00:00,9.518036
2011-05-03 12:00:00,13.39563
2011-05-04 12:00:00,15.147644
2011-05-05 12:00:00,18.681885
2011-05-06 12:00:00,20.843811
2011-05-07 12:00:00,18.953094
2011-05-08 12:00:00,9.283417
2011-05-09 12:00:00,9.328918
2011-05-10 12:00:00,11.176483
2011-05-11 12:00:00,14.492462
2011-05-12 12:00:00,16.53064
2011-05-13 12:00:00,14.076233
2011-05-14 12:00:00,17.450958
2011-05-15 12:00:00,21.08197
2011-05-16 12:00:00,22.75418
2011-05-17 12:00:00,19.905182
2011-05-18 12:00:00,15.849762
2011-05-19 12:00:00,16.297974
2011-05-20 12:00:00,17.112305
2011-05-21 12:00:00,13.195709
2011-05-22 12:00:00,13.077515
2011-05-23 12:00:00,14.839813
2011-05-24 12:00:00,15.897369
2011-05-25 12:00:00,15.640472
2011-05-26 12:00:00,15.418243
2011-05-27 12:00:00,15.9219055
2011-05-28 12:00:00,15.636749
2011-05-29 12:00:00,16.206696
2011-05-30 12:00:00,18.322418
2011-05-31 12:00:00,20.933624
2011-06-01 12:00:00,21.63919
2011-06-02 12:00:00,20.978668
2011-06-03 12:00:00,21.025482
2011-06-04 12:00:00,21.173706
2011-06-05 12:00:00,22.59085
2011-06-06 12:00:00,23.190918
2011-06-07 12:00:00,22.704926
2011-06-08 12:00:00,20.791168
2011-06-09 12:00:00,19.835052
2011-06-10 12:00:00,21.834259
2011-06-11 12:00:00,20.728546
2011-06-12 12:00:00,20.442383
2011-06-13 12:00:00,21.378815
2011-06-14 12:00:00,20.196686
2011-06-15 12:00:00,20.507294
2011-06-16 12:00:00,20.145294
2011-06-17 12:00:00,18.062775
2011-06-18 12:00:00,17.52002
2011-06-19 12:00:00,18.210358
2011-06-20 12:00:00,18.378082
2011-06-21 12:00:00,18.670807
2011-06-22 12:00:00,18.932037
2011-06-23 12:00:00,18.72229
2011-06-24 12:00:00,20.199615
2011-06-25 12:00:00,19.881348
2011-06-26 12:00:00,20.874603
2011-06-27 12:00:00,21.741058
2011-06-28 12:00:00,22.540863
2011-06-29 12:00:00,20.772034
2011-06-30 12:00:00,17.522339
2011-07-01 12:00:00,17.152893
2011-07-02 12:00:00,18.229614
2011-07-03 12:00:00,20.652802
2011-07-04 12:00:00,23.568665
2011-07-05 12:00:00,23.855316
2011-07-06 12:00:00,22.091705
2011-07-07 12:00:00,21.741364
2011-07-08 12:00:00,21.5372
2011-07-09 12:00:00,20.027863
2011-07-10 12:00:00,19.407532
2011-07-11 12:00:00,20.144592
2011-07-12 12:00:00,21.730255
2011-07-13 12:00:00,21.623962
2011-07-14 12:00:00,22.109863
2011-07-15 12:00:00,23.19162
2011-07-16 12:00:00,22.336884
2011-07-17 12:00:00,22.11441
2011-07-18 12:00:00,22.947235
2011-07-19 12:00:00,23.986176
2011-07-20 12:00:00,23.974152
2011-07-21 12:00:00,23.09436
2011-07-22 12:00:00,23.193909
2011-07-23 12:00:00,23.99997
2011-07-24 12:00:00,23.782806
2011-07-25 12:00:00,24.610443
2011-07-26 12:00:00,23.319946
2011-07-27 12:00:00,20.020782
2011-07-28 12:00:00,21.847198
2011-07-29 12:00:00,23.01419
2011-07-30 12:00:00,22.602966
2011-07-31 12:00:00,21.923676
2011-08-01 12:00:00,20.288177
2011-08-02 12:00:00,20.003143
2011-08-03 12:00:00,20.188873
2011-08-04 12:00:00,21.538757
2011-08-05 12:00:00,22.5206
2011-08-06 12:00:00,23.890411
2011-08-07 12:00:00,25.329926
2011-08-08 12:00:00,26.02951
2011-08-09 12:00:00,25.717926
2011-08-10 12:00:00,24.492401
2011-08-11 12:00:00,22.9982
2011-08-12 12:00:00,23.418182
2011-08-13 12:00:00,24.062073
2011-08-14 12:00:00,22.597748
2011-08-15 12:00:00,21.490997
2011-08-16 12:00:00,21.42215
2011-08-17 12:00:00,20.535492
2011-08-18 12:00:00,21.24472
2011-08-19 12:00:00,22.198212
2011-08-20 12:00:00,23.462097
2011-08-21 12:00:00,23.675568
2011-08-22 12:00:00,21.869537
2011-08-23 12:00:00,22.747833
2011-08-24 12:00:00,23.82129
2011-08-25 12:00:00,23.415833
2011-08-26 12:00:00,24.67929
2011-08-27 12:00:00,22.312744
2011-08-28 12:00:00,21.716156
2011-08-29 12:00:00,20.71402
2011-08-30 12:00:00,22.860565
2011-08-31 12:00:00,24.824493
2011-09-01 12:00:00,21.38556
2011-09-02 12:00:00,25.180328
2011-09-03 12:00:00,23.66397
2011-09-04 12:00:00,24.605865
2011-09-05 12:00:00,25.04242
2011-09-06 12:00:00,20.518036
2011-09-07 12:00:00,17.828339
2011-09-08 12:00:00,20.574799
2011-09-09 12:00:00,21.421844
2011-09-10 12:00:00,16.58023
2011-09-11 12:00:00,13.539825
2011-09-12 12:00:00,17.903564
2011-09-13 12:00:00,20.945984
2011-09-14 12:00:00,24.481232
2011-09-15 12:00:00,24.826569
2011-09-16 12:00:00,24.12622
2011-09-17 12:00:00,24.955414
2011-09-18 12:00:00,24.212128
2011-09-19 12:00:00,18.473358
2011-09-20 12:00:00,16.568695
2011-09-21 12:00:00,16.685577
2011-09-22 12:00:00,17.780945
2011-09-23 12:00:00,18.673737
2011-09-24 12:00:00,21.128632
2011-09-25 12:00:00,22.288727
2011-09-26 12:00:00,20.811249
2011-09-27 12:00:00,16.57669
2011-09-28 12:00:00,12.052399
2011-09-29 12:00:00,15.035889
2011-09-30 12:00:00,15.913422
2011-10-01 12:00:00,14.535187
2011-10-02 12:00:00,15.016357
2011-10-03 12:00:00,17.341278
2011-10-04 12:00:00,16.245026
2011-10-05 12:00:00,17.01529
2011-10-06 12:00:00,19.336945
2011-10-07 12:00:00,18.655334
2011-10-08 12:00:00,17.603119
2011-10-09 12:00:00,17.566742
2011-10-10 12:00:00,18.998077
2011-10-11 12:00:00,20.268799
2011-10-12 12:00:00,15.526703
2011-10-13 12:00:00,11.051239
2011-10-14 12:00:00,9.109375
2011-10-15 12:00:00,11.078827
2011-10-16 12:00:00,9.58371
2011-10-17 12:00:00,8.327606
2011-10-18 12:00:00,7.804535
2011-10-19 12:00:00,8.800964
2011-10-20 12:00:00,9.672272
2011-10-21 12:00:00,8.317841
2011-10-22 12:00:00,8.590149
2011-10-23 12:00:00,9.511932
2011-10-24 12:00:00,10.829681
2011-10-25 12:00:00,12.742432
2011-10-26 12:00:00,16.826385
2011-10-27 12:00:00,11.599762
2011-10-28 12:00:00,10.807709
2011-10-29 12:00:00,13.310333
2011-10-30 12:00:00,8.876434
2011-10-31 12:00:00,9.587006
2011-11-01 12:00:00,12.432404
2011-11-02 12:00:00,17.314178
2011-11-03 12:00:00,18.97409
2011-11-04 12:00:00,15.273834
2011-11-05 12:00:00,12.04599
2011-11-06 12:00:00,16.720001
2011-11-07 12:00:00,13.972656
2011-11-08 12:00:00,8.118195
2011-11-09 12:00:00,7.9016113
2011-11-10 12:00:00,8.773895
2011-11-11 12:00:00,11.307556
2011-11-12 12:00:00,6.0086365
2011-11-13 12:00:00,4.2175903
2011-11-14 12:00:00,4.2082214
2011-11-15 12:00:00,2.2558289
2011-11-16 12:00:00,1.124115
2011-11-17 12:00:00,8.155609
2011-11-18 12:00:00,6.0999756
2011-11-19 12:00:00,2.8830261
2011-11-20 12:00:00,2.9816284
2011-11-21 12:00:00,2.4633484
2011-11-22 12:00:00,2.4611511
2011-11-23 12:00:00,2.652954
2011-11-24 12:00:00,3.5309753
2011-11-25 12:00:00,7.499359
2011-11-26 12:00:00,7.298004
2011-11-27 12:00:00,13.465637
2011-11-28 12:00:00,2.9151917
2011-11-29 12:00:00,2.9875793
2011-11-30 12:00:00,1.8993835
2011-12-01 12:00:00,4.5539246
2011-12-02 12:00:00,3.1614685
2011-12-03 12:00:00,4.9548035
2011-12-04 12:00:00,-1.7775574
2011-12-05 12:00:00,-3.221283
2011-12-06 12:00:00,-2.7710571
2011-12-07 12:00:00,-4.4425964
2011-12-08 12:00:00,-6.221466
2011-12-09 12:00:00,-5.490509
2011-12-10 12:00:00,-4.2882996
2011-12-11 12:00:00,4.7934875
2011-12-12 12:00:00,8.529297
2011-12-13 12:00:00,2.8098145
2011-12-14 12:00:00,-1.6096191
2011-12-15 12:00:00,-2.2520752
2011-12-16 12:00:00,-1.5417175
2011-12-17 12:00:00,5.543213
2011-12-18 12:00:00,12.871429
2011-12-19 12:00:00,3.814911
2011-12-20 12:00:00,1.4023132
2011-12-21 12:00:00,2.3926086
2011-12-22 12:00:00,2.3312683
2011-12-23 12:00:00,6.110321
2011-12-24 12:00:00,3.9855347
2011-12-25 12:00:00,0.526001
2011-12-26 12:00:00,1.6121216
2011-12-27 12:00:00,-2.2630005
2011-12-28 12:00:00,-4.4334717
2011-12-29 12:00:00,-3.4235535
2011-12-30 12:00:00,-0.45864868
2011-12-31 12:00:00,-4.2868347
2012-01-01 12:00:00,-11.29007
2012-01-02 12:00:00,-9.314545
2012-01-03 12:00:00,0.10455322
2012-01-04 12:00:00,-0.9263611
2012-01-05 12:00:00,-8.578339
2012-01-06 12:00:00,-5.9794617
2012-01-07 12:00:00,-2.455017
2012-01-08 12:00:00,5.370941
2012-01-09 12:00:00,-4.14682
2012-01-10 12:00:00,-0.20614624
2012-01-11 12:00:00,12.106567
2012-01-12 12:00:00,-1.0475159
2012-01-13 12:00:00,-14.411102
2012-01-14 12:00:00,-14.763794
2012-01-15 12:00:00,-6.1954346
2012-01-16 12:00:00,-4.9093018
2012-01-17 12:00:00,-2.6010437
2012-01-18 12:00:00,1.04422
2012-01-19 12:00:00,-5.625885
2012-01-20 12:00:00,-5.089203
2012-01-21 12:00:00,2.915985
2012-01-22 12:00:00,-2.5222473
2012-01-23 12:00:00,-5.9516296
2012-01-24 12:00:00,-4.5309143
2012-01-25 12:00:00,-6.949188
2012-01-26 12:00:00,-7.1890564
2012-01-27 12:00:00,-13.538696
2012-01-28 12:00:00,-10.719086
2012-01-29 12:00:00,-6.9802856
2012-01-30 12:00:00,0.691803
2012-01-31 12:00:00,2.0335083
2012-02-01 12:00:00,0.4275818
2012-02-02 12:00:00,1.9224243
2012-02-03 12:00:00,-5.881012
2012-02-04 12:00:00,1.1695251
2012-02-05 12:00:00,-1.726593
2012-02-06 12:00:00,-8.592926
2012-02-07 12:00:00,-10.301086
2012-02-08 12:00:00,-12.144897
2012-02-09 12:00:00,-10.416595
2012-02-10 12:00:00,-9.692413
2012-02-11 12:00:00,-5.002289
2012-02-12 12:00:00,-3.1324158
2012-02-13 12:00:00,-9.695801
2012-02-14 12:00:00,-1.1563721
2012-02-15 12:00:00,-9.086761
2012-02-16 12:00:00,-16.593384
2012-02-17 12:00:00,-16.071259
2012-02-18 12:00:00,-12.944
2012-02-19 12:00:00,-7.173126
2012-02-20 12:00:00,1.025238
2012-02-21 12:00:00,7.068634
2012-02-22 12:00:00,10.324066
2012-02-23 12:00:00,-8.923737
2012-02-24 12:00:00,-11.191345
2012-02-25 12:00:00,-6.9597473
2012-02-26 12:00:00,0.18984985
2012-02-27 12:00:00,4.3025208
2012-02-28 12:00:00,3.810028
2012-02-29 12:00:00,-2.6033325
2012-03-01 12:00:00,-5.4153137
2012-03-02 12:00:00,-2.265747
2012-03-03 12:00:00,-1.3417664
2012-03-04 12:00:00,0.5925598
2012-03-05 12:00:00,-0.0011291504
2012-03-06 12:00:00,-1.9589233
2012-03-07 12:00:00,0.31951904
2012-03-08 12:00:00,4.7252197
2012-03-09 12:00:00,-2.5453796
2012-03-10 12:00:00,-6.335449
2012-03-11 12:00:00,0.23428345
2012-03-12 12:00:00,-0.3789978
2012-03-13 12:00:00,5.325531
2012-03-14 12:00:00,8.706604
2012-03-15 12:00:00,-4.431427
2012-03-16 12:00:00,-6.508026
2012-03-17 12:00:00,-1.3712463
2012-03-18 12:00:00,-1.0058289
2012-03-19 12:00:00,3.232727
2012-03-20 12:00:00,9.481995
2012-03-21 12:00:00,9.544983
2012-03-22 12:00:00,4.005707
2012-03-23 12:00:00,4.433136
2012-03-24 12:00:00,6.0162354
2012-03-25 12:00:00,2.4013977
2012-03-26 12:00:00,1.0915222
2012-03-27 12:00:00,0.47451782
2012-03-28 12:00:00,7.452484
2012-03-29 12:00:00,4.3121643
2012-03-30 12:00:00,7.189789
2012-03-31 12:00:00,2.065155
2012-04-01 12:00:00,2.6053772
2012-04-02 12:00:00,4.6004944
2012-04-03 12:00:00,4.185211
2012-04-04 12:00:00,3.7720947
2012-04-05 12:00:00,3.1401672
2012-04-06 12:00:00,4.3486633
2012-04-07 12:00:00,8.757904
2012-04-08 12:00:00,8.56546
2012-04-09 12:00:00,8.56073
2012-04-10 12:00:00,5.619171
2012-04-11 12:00:00,7.457611
2012-04-12 12:00:00,8.175476
2012-04-13 12:00:00,4.9256897
2012-04-14 12:00:00,2.807129
2012-04-15 12:00:00,3.6336365
2012-04-16 12:00:00,1.5249939
2012-04-17 12:00:00,2.0577087
2012-04-18 12:00:00,3.4386902
2012-04-19 12:00:00,4.6753845
2012-04-20 12:00:00,5.9410706
2012-04-21 12:00:00,8.325287
2012-04-22 12:00:00,10.291901
2012-04-23 12:00:00,11.970276
2012-04-24 12:00:00,16.945282
2012-04-25 12:00:00,17.212067
2012-04-26 12:00:00,9.5225525
2012-04-27 12:00:00,14.345673
2012-04-28 12:00:00,16.816437
2012-04-29 12:00:00,10.786835
2012-04-30 12:00:00,14.714355
2012-05-01 12:00:00,18.515594
2012-05-02 12:00:00,18.25888
2012-05-03 12:00:00,16.155365
2012-05-04 12:00:00,11.824493
2012-05-05 12:00:00,9.177032
2012-05-06 12:00:00,11.544464
2012-05-07 12:00:00,11.864838
2012-05-08 12:00:00,14.00705
2012-05-09 12:00:00,10.828064
2012-05-10 12:00:00,8.310455
2012-05-11 12:00:00,7.8051147
2012-05-12 12:00:00,10.341705
2012-05-13 12:00:00,12.600891
2012-05-14 12:00:00,11.369751
2012-05-15 12:00:00,12.978546
2012-05-16 12:00:00,17.564056
2012-05-17 12:00:00,17.906586
2012-05-18 12:00:00,17.168121
2012-05-19 12:00:00,16.073395
2012-05-20 12:00:00,13.811188
2012-05-21 12:00:00,14.091766
2012-05-22 12:00:00,15.837372
2012-05-23 12:00:00,18.46109
2012-05-24 12:00:00,17.137054
2012-05-25 12:00:00,16.129639
2012-05-26 12:00:00,17.325104
2012-05-27 12:00:00,16.278046
2012-05-28 12:00:00,15.786652
2012-05-29 12:00:00,16.507355
2012-05-30 12:00:00,15.173401
2012-05-31 12:00:00,17.373169
2012-06-01 12:00:00,18.29895
2012-06-02 12:00:00,18.68747
2012-06-03 12:00:00,18.48996
2012-06-04 12:00:00,20.854095
2012-06-05 12:00:00,20.000519
2012-06-06 12:00:00,18.46524
2012-06-07 12:00:00,16.169006
2012-06-08 12:00:00,16.977692
2012-06-09 12:00:00,18.046448
2012-06-10 12:00:00,18.126343
2012-06-11 12:00:00,16.701324
2012-06-12 12:00:00,17.463898
2012-06-13 12:00:00,16.669281
2012-06-14 12:00:00,14.071991
2012-06-15 12:00:00,14.604034
2012-06-16 12:00:00,13.134552
2012-06-17 12:00:00,15.115326
2012-06-18 12:00:00,17.067902
2012-06-19 12:00:00,19.084442
2012-06-20 12:00:00,19.088226
2012-06-21 12:00:00,19.832611
2012-06-22 12:00:00,19.96811
2012-06-23 12:00:00,20.291534
2012-06-24 12:00:00,21.285278
2012-06-25 12:00:00,21.683441
2012-06-26 12:00:00,23.497406
2012-06-27 12:00:00,23.028564
2012-06-28 12:00:00,22.337677
2012-06-29 12:00:00,24.139679
2012-06-30 12:00:00,25.370575
2012-07-01 12:00:00,25.361237
2012-07-02 12:00:00,26.697113
2012-07-03 12:00:00,23.697235
2012-07-04 12:00:00,21.928986
2012-07-05 12:00:00,22.138367
2012-07-06 12:00:00,23.882751
2012-07-07 12:00:00,23.52008
2012-07-08 12:00:00,23.07663
2012-07-09 12:00:00,23.335358
2012-07-10 12:00:00,24.08133
2012-07-11 12:00:00,23.898895
2012-07-12 12:00:00,24.334808
2012-07-13 12:00:00,26.073578
2012-07-14 12:00:00,23.106018
2012-07-15 12:00:00,22.618439
2012-07-16 12:00:00,24.323334
2012-07-17 12:00:00,22.231201
2012-07-18 12:00:00,21.8414
2012-07-19 12:00:00,24.367157
2012-07-20 12:00:00,23.817413
2012-07-21 12:00:00,24.67041
2012-07-22 12:00:00,25.220734
2012-07-23 12:00:00,26.208405
2012-07-24 12:00:00,26.976227
2012-07-25 12:00:00,27.540802
2012-07-26 12:00:00,27.57138
2012-07-27 12:00:00,24.901306
2012-07-28 12:00:00,22.988922
2012-07-29 12:00:00,22.935486
2012-07-30 12:00:00,23.882965
2012-07-31 12:00:00,25.253754
2012-08-01 12:00:00,25.310211
2012-08-02 12:00:00,22.823517
2012-08-03 12:00:00,20.950928
2012-08-04 12:00:00,22.446014
2012-08-05 12:00:00,25.630707
2012-08-06 12:00:00,25.99356
2012-08-07 12:00:00,23.54367
2012-08-08 12:00:00,23.216461
2012-08-09 12:00:00,23.268768
2012-08-10 12:00:00,23.373505
2012-08-11 12:00:00,23.254913
2012-08-12 12:00:00,23.651825
2012-08-13 12:00:00,23.715546
2012-08-14 12:00:00,23.653046
2012-08-15 12:00:00,23.374908
2012-08-16 12:00:00,23.852264
2012-08-17 12:00:00,24.0607
2012-08-18 12:00:00,21.276062
2012-08-19 12:00:00,23.746613
2012-08-20 12:00:00,25.40689
2012-08-21 12:00:00,24.025177
2012-08-22 12:00:00,26.854248
2012-08-23 12:00:00,24.97226
2012-08-24 12:00:00,24.254517
2012-08-25 12:00:00,24.20932
2012-08-26 12:00:00,25.272552
2012-08-27 12:00:00,26.97699
2012-08-28 12:00:00,25.88913
2012-08-29 12:00:00,24.267426
2012-08-30 12:00:00,24.341705
2012-08-31 12:00:00,25.17453
2012-09-01 12:00:00,26.146362
2012-09-02 12:00:00,21.92038
2012-09-03 12:00:00,22.38733
2012-09-04 12:00:00,23.47757
2012-09-05 12:00:00,23.987885
2012-09-06 12:00:00,19.510986
2012-09-07 12:00:00,17.547668
2012-09-08 12:00:00,19.890076
2012-09-09 12:00:00,21.785187
2012-09-10 12:00:00,18.926727
2012-09-11 12:00:00,18.319977
2012-09-12 12:00:00,21.834412
2012-09-13 12:00:00,23.610687
2012-09-14 12:00:00,21.058533
2012-09-15 12:00:00,19.348236
2012-09-16 12:00:00,20.908356
2012-09-17 12:00:00,21.649902
2012-09-18 12:00:00,15.18869
2012-09-19 12:00:00,15.182892
2012-09-20 12:00:00,16.791107
2012-09-21 12:00:00,18.13919
2012-09-22 12:00:00,17.896393
2012-09-23 12:00:00,18.160248
2012-09-24 12:00:00,13.822968
2012-09-25 12:00:00,13.5156555
2012-09-26 12:00:00,12.007965
2012-09-27 12:00:00,16.770721
2012-09-28 12:00:00,15.596893
2012-09-29 12:00:00,16.354279
2012-09-30 12:00:00,19.65097
2012-10-01 12:00:00,21.135345
2012-10-02 12:00:00,23.418365
2012-10-03 12:00:00,24.493927
2012-10-04 12:00:00,22.48468
2012-10-05 12:00:00,16.109894
2012-10-06 12:00:00,13.806427
2012-10-07 12:00:00,12.428497
2012-10-08 12:00:00,12.974518
2012-10-09 12:00:00,15.246124
2012-10-10 12:00:00,16.545135
2012-10-11 12:00:00,15.932343
2012-10-12 12:00:00,15.500763
2012-10-13 12:00:00,17.333344
2012-10-14 12:00:00,16.140106
2012-10-15 12:00:00,14.944885
2012-10-16 12:00:00,13.476349
2012-10-17 12:00:00,14.788361
2012-10-18 12:00:00,14.861664
2012-10-19 12:00:00,15.440247
2012-10-20 12:00:00,16.67978
2012-10-21 12:00:00,15.691254
2012-10-22 12:00:00,16.677643
2012-10-23 12:00:00,21.166992
2012-10-24 12:00:00,19.497894
2012-10-25 12:00:00,19.113922
2012-10-26 12:00:00,11.693268
2012-10-27 12:00:00,8.681915
2012-10-28 12:00:00,8.383514
2012-10-29 12:00:00,8.383636
2012-10-30 12:00:00,8.440094
2012-10-31 12:00:00,5.830658
2012-11-01 12:00:00,3.6099548
2012-11-02 12:00:00,4.8953857
2012-11-03 12:00:00,6.95813
2012-11-04 12:00:00,8.690674
2012-11-05 12:00:00,10.101501
2012-11-06 12:00:00,13.162201
2012-11-07 12:00:00,8.26358
2012-11-08 12:00:00,4.588867
2012-11-09 12:00:00,2.4544067
2012-11-10 12:00:00,2.8708801
2012-11-11 12:00:00,0.7621765
2012-11-12 12:00:00,4.195099
2012-11-13 12:00:00,7.3885803
2012-11-14 12:00:00,7.9335327
2012-11-15 12:00:00,8.18338
2012-11-16 12:00:00,2.4965515
2012-11-17 12:00:00,0.55874634
2012-11-18 12:00:00,4.325592
2012-11-19 12:00:00,4.0716248
2012-11-20 12:00:00,7.6252747
2012-11-21 12:00:00,6.0671997
2012-11-22 12:00:00,1.6314392
2012-11-23 12:00:00,2.9551392
2012-11-24 12:00:00,1.8097229
2012-11-25 12:00:00,5.533966
2012-11-26 12:00:00,6.209503
2012-11-27 12:00:00,3.6407166
2012-11-28 12:00:00,1.8180847
2012-11-29 12:00:00,4.12973
2012-11-30 12:00:00,6.122284
2012-12-01 12:00:00,3.8091736
2012-12-02 12:00:00,2.259369
2012-12-03 12:00:00,2.876648
2012-12-04 12:00:00,3.62146
2012-12-05 12:00:00,3.924652
2012-12-06 12:00:00,-4.1667175
2012-12-07 12:00:00,-1.9229126
2012-12-08 12:00:00,2.072998
2012-12-09 12:00:00,0.7996521
2012-12-10 12:00:00,-1.2520752
2012-12-11 12:00:00,-1.9994812
2012-12-12 12:00:00,-1.6515198
2012-12-13 12:00:00,-0.4963684
2012-12-14 12:00:00,-0.5010681
2012-12-15 12:00:00,-0.13076782
2012-12-16 12:00:00,8.904938
2012-12-17 12:00:00,5.216339
2012-12-18 12:00:00,2.5326843
2012-12-19 12:00:00,9.616638
2012-12-20 12:00:00,5.111603
2012-12-21 12:00:00,0.7878723
2012-12-22 12:00:00,3.151764
2012-12-23 12:00:00,3.2558289
2012-12-24 12:00:00,2.3105469
2012-12-25 12:00:00,3.95401
2012-12-26 12:00:00,5.9045105
2012-12-27 12:00:00,5.5090027
2012-12-28 12:00:00,-2.703949
2012-12-29 12:00:00,-4.9865417
2012-12-30 12:00:00,-2.7726135
2012-12-31 12:00:00,-3.5884094
2013-01-01 12:00:00,4.6448975
2013-01-02 12:00:00,3.9737244
2013-01-03 12:00:00,-0.33700562
2013-01-04 12:00:00,-5.2370605
2013-01-05 12:00:00,-11.827423
2013-01-06 12:00:00,-9.492065
2013-01-07 12:00:00,-4.8294373
2013-01-08 12:00:00,-4.2067566
2013-01-09 12:00:00,-12.02066
2013-01-10 12:00:00,-14.086212
2013-01-11 12:00:00,-7.84787
2013-01-12 12:00:00,-10.428467
2013-01-13 12:00:00,-5.90152
2013-01-14 12:00:00,-1.0609131
2013-01-15 12:00:00,-4.2673035
2013-01-16 12:00:00,-6.2499084
2013-01-17 12:00:00,-11.314972
2013-01-18 12:00:00,-8.644806
2013-01-19 12:00:00,-9.294373
2013-01-20 12:00:00,-7.858307
2013-01-21 12:00:00,-8.436066
2013-01-22 12:00:00,-7.296356
2013-01-23 12:00:00,-5.5596924
2013-01-24 12:00:00,-9.021393
2013-01-25 12:00:00,-11.4841
2013-01-26 12:00:00,-4.337921
2013-01-27 12:00:00,-9.489227
2013-01-28 12:00:00,-10.737579
2013-01-29 12:00:00,-6.8023987
2013-01-30 12:00:00,-12.223541
2013-01-31 12:00:00,-12.056732
2013-02-01 12:00:00,-16.44754
2013-02-02 12:00:00,-6.571747
2013-02-03 12:00:00,-2.2362976
2013-02-04 12:00:00,-13.672516
2013-02-05 12:00:00,-14.763947
2013-02-06 12:00:00,-5.155487
2013-02-07 12:00:00,-10.00885
2013-02-08 12:00:00,-12.238556
2013-02-09 12:00:00,-4.0579834
2013-02-10 12:00:00,-5.1682434
2013-02-11 12:00:00,-4.8482666
2013-02-12 12:00:00,2.2800598
2013-02-13 12:00:00,-2.4874268
2013-02-14 12:00:00,-8.317627
2013-02-15 12:00:00,-7.2124634
2013-02-16 12:00:00,-13.314056
2013-02-17 12:00:00,-1.2270813
2013-02-18 12:00:00,-11.757538
2013-02-19 12:00:00,-10.8532715
2013-02-20 12:00:00,-1.9618835
2013-02-21 12:00:00,-2.6075134
2013-02-22 12:00:00,-8.874603
2013-02-23 12:00:00,-15.625793
2013-02-24 12:00:00,-12.793304
2013-02-25 12:00:00,-9.587555
2013-02-26 12:00:00,-1.886261
2013-02-27 12:00:00,-4.3606873
2013-02-28 12:00:00,-8.589447
2013-03-01 12:00:00,-3.4256287
2013-03-02 12:00:00,0.07394409
2013-03-03 12:00:00,-0.5299988
2013-03-04 12:00:00,-3.5607605
2013-03-05 12:00:00,-1.8796082
2013-03-06 12:00:00,-0.08068848
2013-03-07 12:00:00,-0.12527466
2013-03-08 12:00:00,1.4009094
2013-03-09 12:00:00,0.9316101
2013-03-10 12:00:00,1.3684387
2013-03-11 12:00:00,2.9491882
2013-03-12 12:00:00,5.4249573
2013-03-13 12:00:00,4.868988
2013-03-14 12:00:00,-10.470093
2013-03-15 12:00:00,-5.772217
2013-03-16 12:00:00,-1.5797424
2013-03-17 12:00:00,0.47909546
2013-03-18 12:00:00,2.945343
2013-03-19 12:00:00,5.5282593
2013-03-20 12:00:00,9.080536
2013-03-21 12:00:00,8.780945
2013-03-22 12:00:00,5.6470337
2013-03-23 12:00:00,2.9167175
2013-03-24 12:00:00,6.158478
2013-03-25 12:00:00,7.3220215
2013-03-26 12:00:00,1.5934448
2013-03-27 12:00:00,-2.3771057
2013-03-28 12:00:00,-2.0095825
2013-03-29 12:00:00,1.006012
2013-03-30 12:00:00,-0.2750244
2013-03-31 12:00:00,-1.7793579
2013-04-01 12:00:00,-2.599884
2013-04-02 12:00:00,-1.1384583
2013-04-03 12:00:00,0.006072998
2013-04-04 12:00:00,2.9561462
2013-04-05 12:00:00,4.64682
2013-04-06 12:00:00,5.507538
2013-04-07 12:00:00,8.736694
2013-04-08 12:00:00,10.652069
2013-04-09 12:00:00,10.284088
2013-04-10 12:00:00,8.986603
2013-04-11 12:00:00,13.256439
2013-04-12 12:00:00,12.890076
2013-04-13 12:00:00,11.483032
2013-04-14 12:00:00,6.292755
2013-04-15 12:00:00,4.810028
2013-04-16 12:00:00,7.1661377
2013-04-17 12:00:00,16.284576
2013-04-18 12:00:00,20.345123
2013-04-19 12:00:00,21.314484
2013-04-20 12:00:00,20.154175
2013-04-21 12:00:00,16.58432
2013-04-22 12:00:00,17.139923
2013-04-23 12:00:00,14.506622
2013-04-24 12:00:00,9.823029
2013-04-25 12:00:00,15.392944
2013-04-26 12:00:00,14.859894
2013-04-27 12:00:00,13.294037
2013-04-28 12:00:00,9.533936
2013-04-29 12:00:00,11.697662
2013-04-30 12:00:00,10.413788
2013-05-01 12:00:00,11.339508
2013-05-02 12:00:00,12.42038
2013-05-03 12:00:00,16.81366
2013-05-04 12:00:00,14.028595
2013-05-05 12:00:00,12.584259
2013-05-06 12:00:00,11.331329
2013-05-07 12:00:00,10.090485
2013-05-08 12:00:00,11.364929
2013-05-09 12:00:00,11.086761
2013-05-10 12:00:00,10.889191
2013-05-11 12:00:00,14.371796
2013-05-12 12:00:00,15.8055725
2013-05-13 12:00:00,13.685516
2013-05-14 12:00:00,12.763336
2013-05-15 12:00:00,12.6848755
2013-05-16 12:00:00,12.682495
2013-05-17 12:00:00,10.443451
2013-05-18 12:00:00,14.447571
2013-05-19 12:00:00,16.896027
2013-05-20 12:00:00,13.792572
2013-05-21 12:00:00,9.737122
2013-05-22 12:00:00,10.432587
2013-05-23 12:00:00,10.562622
2013-05-24 12:00:00,10.341583
2013-05-25 12:00:00,10.935577
2013-05-26 12:00:00,13.878204
2013-05-27 12:00:00,13.13269
2013-05-28 12:00:00,14.02002
2013-05-29 12:00:00,13.98938
2013-05-30 12:00:00,16.341034
2013-05-31 12:00:00,17.929535
2013-06-01 12:00:00,20.99826
2013-06-02 12:00:00,18.74173
2013-06-03 12:00:00,18.948395
2013-06-04 12:00:00,19.46579
2013-06-05 12:00:00,20.756836
2013-06-06 12:00:00,19.845367
2013-06-07 12:00:00,22.190094
2013-06-08 12:00:00,21.706696
2013-06-09 12:00:00,20.711334
2013-06-10 12:00:00,17.789307
2013-06-11 12:00:00,16.41446
2013-06-12 12:00:00,14.6996765
2013-06-13 12:00:00,17.45517
2013-06-14 12:00:00,18.63913
2013-06-15 12:00:00,18.863556
2013-06-16 12:00:00,19.913422
2013-06-17 12:00:00,19.936768
2013-06-18 12:00:00,18.96872
2013-06-19 12:00:00,18.532257
2013-06-20 12:00:00,18.857422
2013-06-21 12:00:00,19.448029
2013-06-22 12:00:00,18.810394
2013-06-23 12:00:00,14.960968
2013-06-24 12:00:00,15.515106
2013-06-25 12:00:00,17.84613
2013-06-26 12:00:00,21.009308
2013-06-27 12:00:00,20.964935
2013-06-28 12:00:00,21.865143
2013-06-29 12:00:00,23.604523
2013-06-30 12:00:00,24.497925
2013-07-01 12:00:00,21.734772
2013-07-02 12:00:00,22.25476
2013-07-03 12:00:00,25.999115
2013-07-04 12:00:00,26.196228
2013-07-05 12:00:00,26.667572
2013-07-06 12:00:00,24.510406
2013-07-07 12:00:00,22.302826
2013-07-08 12:00:00,22.824127
2013-07-09 12:00:00,24.816193
2013-07-10 12:00:00,23.032501
2013-07-11 12:00:00,22.372833
2013-07-12 12:00:00,23.249786
2013-07-13 12:00:00,23.360321
2013-07-14 12:00:00,22.11084
2013-07-15 12:00:00,20.391174
2013-07-16 12:00:00,20.919495
2013-07-17 12:00:00,22.85791
2013-07-18 12:00:00,24.074615
2013-07-19 12:00:00,23.595367
2013-07-20 12:00:00,23.40744
2013-07-21 12:00:00,25.365204
2013-07-22 12:00:00,25.054565
2013-07-23 12:00:00,24.659485
2013-07-24 12:00:00,23.675812
2013-07-25 12:00:00,23.365082
2013-07-26 12:00:00,22.743317
2013-07-27 12:00:00,21.98935
2013-07-28 12:00:00,21.916779
2013-07-29 12:00:00,23.205414
2013-07-30 12:00:00,25.20227
2013-07-31 12:00:00,25.8331
2013-08-01 12:00:00,24.106262
2013-08-02 12:00:00,23.403168
2013-08-03 12:00:00,22.930695
2013-08-04 12:00:00,22.772644
2013-08-05 12:00:00,21.607086
2013-08-06 12:00:00,21.281952
2013-08-07 12:00:00,22.316162
2013-08-08 12:00:00,23.106506
2013-08-09 12:00:00,23.981598
2013-08-10 12:00:00,23.279938
2013-08-11 12:00:00,23.208313
2013-08-12 12:00:00,22.923004
2013-08-13 12:00:00,21.793549
2013-08-14 12:00:00,22.397247
2013-08-15 12:00:00,23.067047
2013-08-16 12:00:00,24.632019
2013-08-17 12:00:00,25.118408
2013-08-18 12:00:00,22.990662
2013-08-19 12:00:00,17.92929
2013-08-20 12:00:00,18.50113
2013-08-21 12:00:00,19.919586
2013-08-22 12:00:00,21.059662
2013-08-23 12:00:00,21.52652
2013-08-24 12:00:00,23.760498
2013-08-25 12:00:00,22.560333
2013-08-26 12:00:00,21.676666
2013-08-27 12:00:00,22.660309
2013-08-28 12:00:00,21.356659
2013-08-29 12:00:00,20.498627
2013-08-30 12:00:00,21.605988
2013-08-31 12:00:00,23.254547
2013-09-01 12:00:00,25.060944
2013-09-02 12:00:00,24.337097
2013-09-03 12:00:00,24.700287
2013-09-04 12:00:00,21.090424
2013-09-05 12:00:00,18.024445
2013-09-06 12:00:00,17.635712
2013-09-07 12:00:00,19.136597
2013-09-08 12:00:00,21.108612
2013-09-09 12:00:00,22.536896
2013-09-10 12:00:00,22.937897
2013-09-11 12:00:00,23.701935
2013-09-12 12:00:00,19.131866
2013-09-13 12:00:00,20.050018
2013-09-14 12:00:00,21.051666
2013-09-15 12:00:00,24.66806
2013-09-16 12:00:00,24.899994
2013-09-17 12:00:00,19.304047
2013-09-18 12:00:00,19.923157
2013-09-19 12:00:00,21.154144
2013-09-20 12:00:00,26.073639
2013-09-21 12:00:00,23.572357
2013-09-22 12:00:00,21.519196
2013-09-23 12:00:00,18.631561
2013-09-24 12:00:00,18.194122
2013-09-25 12:00:00,21.765656
2013-09-26 12:00:00,23.637238
2013-09-27 12:00:00,23.50055
2013-09-28 12:00:00,22.42691
2013-09-29 12:00:00,20.15445
2013-09-30 12:00:00,23.542572
2013-10-01 12:00:00,24.632904
2013-10-02 12:00:00,24.456207
2013-10-03 12:00:00,23.364532
2013-10-04 12:00:00,19.594818
2013-10-05 12:00:00,20.057098
2013-10-06 12:00:00,22.462524
2013-10-07 12:00:00,18.570282
2013-10-08 12:00:00,14.002167
2013-10-09 12:00:00,14.949738
2013-10-10 12:00:00,16.930054
2013-10-11 12:00:00,16.700897
2013-10-12 12:00:00,18.185333
2013-10-13 12:00:00,19.676666
2013-10-14 12:00:00,14.965973
2013-10-15 12:00:00,17.422882
2013-10-16 12:00:00,18.331512
2013-10-17 12:00:00,15.944122
2013-10-18 12:00:00,11.094574
2013-10-19 12:00:00,9.918976
2013-10-20 12:00:00,10.046417
2013-10-21 12:00:00,10.240112
2013-10-22 12:00:00,16.627533
2013-10-23 12:00:00,14.511871
2013-10-24 12:00:00,10.140839
2013-10-25 12:00:00,5.507263
2013-10-26 12:00:00,3.7934875
2013-10-27 12:00:00,3.5915833
2013-10-28 12:00:00,3.697937
2013-10-29 12:00:00,5.111603
2013-10-30 12:00:00,12.620209
2013-10-31 12:00:00,13.899139
2013-11-01 12:00:00,7.6503296
2013-11-02 12:00:00,11.898651
2013-11-03 12:00:00,17.712524
2013-11-04 12:00:00,18.284027
2013-11-05 12:00:00,18.838654
2013-11-06 12:00:00,9.098663
2013-11-07 12:00:00,3.8276672
2013-11-08 12:00:00,2.5856628
2013-11-09 12:00:00,-0.47836304
2013-11-10 12:00:00,3.233429
2013-11-11 12:00:00,8.099518
2013-11-12 12:00:00,7.3903503
2013-11-13 12:00:00,11.874664
2013-11-14 12:00:00,12.51413
2013-11-15 12:00:00,16.526611
2013-11-16 12:00:00,11.144012
2013-11-17 12:00:00,11.588318
2013-11-18 12:00:00,4.7774353
2013-11-19 12:00:00,12.390717
2013-11-20 12:00:00,6.214081
2013-11-21 12:00:00,2.5784912
2013-11-22 12:00:00,1.1795349
2013-11-23 12:00:00,-1.4214172
2013-11-24 12:00:00,0.31378174
2013-11-25 12:00:00,3.8249207
2013-11-26 12:00:00,6.86734
2013-11-27 12:00:00,1.9446716
2013-11-28 12:00:00,1.5823059
2013-11-29 12:00:00,-0.34072876
2013-11-30 12:00:00,0.87057495
2013-12-01 12:00:00,11.506775
2013-12-02 12:00:00,7.5976562
2013-12-03 12:00:00,4.810211
2013-12-04 12:00:00,9.543549
2013-12-05 12:00:00,1.888092
2013-12-06 12:00:00,-1.3244934
2013-12-07 12:00:00,-2.5334778
2013-12-08 12:00:00,-0.35849
2013-12-09 12:00:00,1.322113
2013-12-10 12:00:00,-0.29336548
2013-12-11 12:00:00,-1.8688049
2013-12-12 12:00:00,-0.62194824
2013-12-13 12:00:00,1.835968
2013-12-14 12:00:00,2.939911
2013-12-15 12:00:00,-1.2289734
2013-12-16 12:00:00,-4.9146423
2013-12-17 12:00:00,-6.02594
2013-12-18 12:00:00,-1.6933289
2013-12-19 12:00:00,1.4496155
2013-12-20 12:00:00,-0.9328003
2013-12-21 12:00:00,-5.793091
2013-12-22 12:00:00,-4.894806
2013-12-23 12:00:00,-4.811432
2013-12-24 12:00:00,-3.9923096
2013-12-25 12:00:00,-1.5086975
2013-12-26 12:00:00,5.6061707
2013-12-27 12:00:00,0.22805786
2013-12-28 12:00:00,2.384613
2013-12-29 12:00:00,-0.5220642
2013-12-30 12:00:00,-8.9470215
2013-12-31 12:00:00,-8.017792
2014-01-01 12:00:00,-11.635895
2014-01-02 12:00:00,-10.102234
2014-01-03 12:00:00,-7.839813
2014-01-04 12:00:00,-7.6147156
2014-01-05 12:00:00,-5.382538
2014-01-06 12:00:00,-7.4207153
2014-01-07 12:00:00,4.844757
2014-01-08 12:00:00,-3.0920105
2014-01-09 12:00:00,-7.624176
2014-01-10 12:00:00,0.55532837
2014-01-11 12:00:00,3.8642578
2014-01-12 12:00:00,-4.6477356
2014-01-13 12:00:00,-15.821411
2014-01-14 12:00:00,-16.352325
2014-01-15 12:00:00,-14.8385315
2014-01-16 12:00:00,-14.832245
2014-01-17 12:00:00,-13.117767
2014-01-18 12:00:00,-3.5244446
2014-01-19 12:00:00,-10.588043
2014-01-20 12:00:00,-14.235107
2014-01-21 12:00:00,-8.248199
2014-01-22 12:00:00,-12.388306
2014-01-23 12:00:00,-16.923248
2014-01-24 12:00:00,-16.623077
2014-01-25 12:00:00,-14.9729
2014-01-26 12:00:00,-10.358795
2014-01-27 12:00:00,-12.617035
2014-01-28 12:00:00,-12.761993
2014-01-29 12:00:00,-15.050293
2014-01-30 12:00:00,-12.860168
2014-01-31 12:00:00,-4.058014
2014-02-01 12:00:00,-1.5950012
2014-02-02 12:00:00,-15.981873
2014-02-03 12:00:00,-8.777222
2014-02-04 12:00:00,-0.70913696
2014-02-05 12:00:00,-4.4159546
2014-02-06 12:00:00,-2.3923645
2014-02-07 12:00:00,0.3544922
2014-02-08 12:00:00,-1.1928406
2014-02-09 12:00:00,-1.8456726
2014-02-10 12:00:00,-1.3005066
2014-02-11 12:00:00,-1.210846
2014-02-12 12:00:00,2.8388672
2014-02-13 12:00:00,4.948761
2014-02-14 12:00:00,6.7141113
2014-02-15 12:00:00,3.083313
2014-02-16 12:00:00,1.4613342
2014-02-17 12:00:00,1.2536926
2014-02-18 12:00:00,5.187683
2014-02-19 12:00:00,2.047882
2014-02-20 12:00:00,-2.197113
2014-02-21 12:00:00,-1.7913818
2014-02-22 12:00:00,0.85354614
2014-02-23 12:00:00,4.2888184
2014-02-24 12:00:00,0.87680054
2014-02-25 12:00:00,0.9461365
2014-02-26 12:00:00,5.486725
2014-02-27 12:00:00,1.3885193
2014-02-28 12:00:00,1.6735535
2014-03-01 12:00:00,0.54348755
2014-03-02 12:00:00,0.06283569
2014-03-03 12:00:00,4.1176147
2014-03-04 12:00:00,7.9671936
2014-03-05 12:00:00,12.900177
2014-03-06 12:00:00,6.7480164
2014-03-07 12:00:00,7.5132446
2014-03-08 12:00:00,2.1037292
2014-03-09 12:00:00,2.7809448
2014-03-10 12:00:00,10.630524
2014-03-11 12:00:00,2.3697815
2014-03-12 12:00:00,-3.0386353
2014-03-13 12:00:00,-3.6072388
2014-03-14 12:00:00,-3.3416748
2014-03-15 12:00:00,-1.8411865
2014-03-16 12:00:00,-0.25387573
2014-03-17 12:00:00,-0.93600464
2014-03-18 12:00:00,-5.29599
2014-03-19 12:00:00,-1.9471436
2014-03-20 12:00:00,1.9437866
2014-03-21 12:00:00,2.3056946
2014-03-22 12:00:00,2.6384583
2014-03-23 12:00:00,2.953949
2014-03-24 12:00:00,2.160675
2014-03-25 12:00:00,-2.0020447
2014-03-26 12:00:00,7.737213
2014-03-27 12:00:00,3.0501404
2014-03-28 12:00:00,3.2262268
2014-03-29 12:00:00,4.56073
2014-03-30 12:00:00,5.7644043
2014-03-31 12:00:00,13.344818
2014-04-01 12:00:00,5.9725037
2014-04-02 12:00:00,1.4231567
2014-04-03 12:00:00,-0.1076355
2014-04-04 12:00:00,-0.3758545
2014-04-05 12:00:00,2.3528748
2014-04-06 12:00:00,7.0360413
2014-04-07 12:00:00,7.9934998
2014-04-08 12:00:00,5.624298
2014-04-09 12:00:00,4.3277893
2014-04-10 12:00:00,6.174713
2014-04-11 12:00:00,7.583893
2014-04-12 12:00:00,11.215607
2014-04-13 12:00:00,1.7955017
2014-04-14 12:00:00,3.1957703
2014-04-15 12:00:00,10.08139
2014-04-16 12:00:00,16.53122
2014-04-17 12:00:00,12.04184
2014-04-18 12:00:00,7.79422
2014-04-19 12:00:00,8.175293
2014-04-20 12:00:00,7.2051086
2014-04-21 12:00:00,7.079193
2014-04-22 12:00:00,6.1923523
2014-04-23 12:00:00,7.45224
2014-04-24 12:00:00,7.5765686
2014-04-25 12:00:00,8.531006
2014-04-26 12:00:00,7.842102
2014-04-27 12:00:00,8.96756
2014-04-28 12:00:00,10.667145
2014-04-29 12:00:00,11.620941
2014-04-30 12:00:00,13.180664
2014-05-01 12:00:00,9.167786
2014-05-02 12:00:00,8.542114
2014-05-03 12:00:00,9.567383
2014-05-04 12:00:00,10.133759
2014-05-05 12:00:00,11.177277
2014-05-06 12:00:00,8.900543
2014-05-07 12:00:00,9.504883
2014-05-08 12:00:00,9.799164
2014-05-09 12:00:00,11.457855
2014-05-10 12:00:00,10.798218
2014-05-11 12:00:00,11.386871
2014-05-12 12:00:00,10.75882
2014-05-13 12:00:00,11.734314
2014-05-14 12:00:00,14.920624
2014-05-15 12:00:00,19.751068
2014-05-16 12:00:00,18.819275
2014-05-17 12:00:00,15.743378
2014-05-18 12:00:00,14.774445
2014-05-19 12:00:00,15.425446
2014-05-20 12:00:00,17.064209
2014-05-21 12:00:00,18.797028
2014-05-22 12:00:00,17.510956
2014-05-23 12:00:00,17.707703
2014-05-24 12:00:00,16.647797
2014-05-25 12:00:00,18.80072
2014-05-26 12:00:00,19.266327
2014-05-27 12:00:00,18.792572
2014-05-28 12:00:00,18.345367
2014-05-29 12:00:00,18.445404
2014-05-30 12:00:00,17.328094
2014-05-31 12:00:00,18.345062
2014-06-01 12:00:00,18.179169
2014-06-02 12:00:00,16.676117
2014-06-03 12:00:00,17.686707
2014-06-04 12:00:00,18.063873
2014-06-05 12:00:00,19.772003
2014-06-06 12:00:00,19.227722
2014-06-07 12:00:00,20.879364
2014-06-08 12:00:00,19.480316
2014-06-09 12:00:00,19.166718
2014-06-10 12:00:00,20.79306
2014-06-11 12:00:00,17.36026
2014-06-12 12:00:00,18.774933
2014-06-13 12:00:00,23.626495
2014-06-14 12:00:00,24.824799
2014-06-15 12:00:00,21.316498
2014-06-16 12:00:00,18.782623
2014-06-17 12:00:00,17.76532
2014-06-18 12:00:00,17.492218
2014-06-19 12:00:00,19.399902
2014-06-20 12:00:00,20.53769
2014-06-21 12:00:00,23.209381
2014-06-22 12:00:00,24.76825
2014-06-23 12:00:00,26.001678
2014-06-24 12:00:00,26.455994
2014-06-25 12:00:00,25.901459
2014-06-26 12:00:00,26.165009
2014-06-27 12:00:00,22.909882
2014-06-28 12:00:00,23.52655
2014-06-29 12:00:00,23.075287
2014-06-30 12:00:00,19.09375
2014-07-01 12:00:00,20.349274
2014-07-02 12:00:00,20.194916
2014-07-03 12:00:00,19.672577
2014-07-04 12:00:00,21.161774
2014-07-05 12:00:00,20.80188
2014-07-06 12:00:00,22.309937
2014-07-07 12:00:00,23.112152
2014-07-08 12:00:00,21.783875
2014-07-09 12:00:00,21.43747
2014-07-10 12:00:00,22.871368
2014-07-11 12:00:00,25.662506
2014-07-12 12:00:00,26.996185
2014-07-13 12:00:00,25.60437
2014-07-14 12:00:00,23.363708
2014-07-15 12:00:00,21.49997
2014-07-16 12:00:00,22.329987
2014-07-17 12:00:00,24.185944
2014-07-18 12:00:00,24.29599
2014-07-19 12:00:00,23.265228
2014-07-20 12:00:00,22.434052
2014-07-21 12:00:00,22.276703
2014-07-22 12:00:00,21.436188
2014-07-23 12:00:00,21.483917
2014-07-24 12:00:00,23.001282
2014-07-25 12:00:00,24.55719
2014-07-26 12:00:00,24.997894
2014-07-27 12:00:00,23.739594
2014-07-28 12:00:00,24.91159
2014-07-29 12:00:00,24.401398
2014-07-30 12:00:00,22.896667
2014-07-31 12:00:00,21.408691
2014-08-01 12:00:00,21.20456
2014-08-02 12:00:00,21.413696
2014-08-03 12:00:00,22.799713
2014-08-04 12:00:00,22.369476
2014-08-05 12:00:00,22.645416
2014-08-06 12:00:00,22.255768
2014-08-07 12:00:00,21.13556
2014-08-08 12:00:00,21.110565
2014-08-09 12:00:00,21.864807
2014-08-10 12:00:00,22.130646
2014-08-11 12:00:00,21.295135
2014-08-12 12:00:00,21.933624
2014-08-13 12:00:00,19.367462
2014-08-14 12:00:00,18.667603
2014-08-15 12:00:00,19.999725
2014-08-16 12:00:00,22.32022
2014-08-17 12:00:00,23.24826
2014-08-18 12:00:00,22.539856
2014-08-19 12:00:00,24.056
2014-08-20 12:00:00,22.100739
2014-08-21 12:00:00,21.715485
2014-08-22 12:00:00,22.258331
2014-08-23 12:00:00,23.319153
2014-08-24 12:00:00,24.436798
2014-08-25 12:00:00,25.438995
2014-08-26 12:00:00,24.556732
2014-08-27 12:00:00,23.246338
2014-08-28 12:00:00,25.089417
2014-08-29 12:00:00,23.889648
2014-08-30 12:00:00,21.449554
2014-08-31 12:00:00,25.10019
2014-09-01 12:00:00,24.636505
2014-09-02 12:00:00,25.001862
2014-09-03 12:00:00,24.995392
2014-09-04 12:00:00,20.93814
2014-09-05 12:00:00,18.751495
2014-09-06 12:00:00,20.384308
2014-09-07 12:00:00,22.041687
2014-09-08 12:00:00,23.392487
2014-09-09 12:00:00,24.247467
2014-09-10 12:00:00,24.8815
2014-09-11 12:00:00,23.680756
2014-09-12 12:00:00,22.425018
2014-09-13 12:00:00,20.13974
2014-09-14 12:00:00,25.00534
2014-09-15 12:00:00,21.484772
2014-09-16 12:00:00,16.834686
2014-09-17 12:00:00,14.847504
2014-09-18 12:00:00,16.95877
2014-09-19 12:00:00,19.92862
2014-09-20 12:00:00,23.347015
2014-09-21 12:00:00,21.281982
2014-09-22 12:00:00,14.833588
2014-09-23 12:00:00,14.114868
2014-09-24 12:00:00,13.365967
2014-09-25 12:00:00,14.557892
2014-09-26 12:00:00,13.624054
2014-09-27 12:00:00,16.459412
2014-09-28 12:00:00,12.307587
2014-09-29 12:00:00,12.309357
2014-09-30 12:00:00,13.238159
2014-10-01 12:00:00,13.620636
2014-10-02 12:00:00,14.668915
2014-10-03 12:00:00,17.417511
2014-10-04 12:00:00,18.743622
2014-10-05 12:00:00,16.409698
2014-10-06 12:00:00,18.650818
2014-10-07 12:00:00,18.797943
2014-10-08 12:00:00,14.221497
2014-10-09 12:00:00,16.475983
2014-10-10 12:00:00,18.821136
2014-10-11 12:00:00,9.8524475
2014-10-12 12:00:00,7.1221924
2014-10-13 12:00:00,5.9900208
2014-10-14 12:00:00,10.564758
2014-10-15 12:00:00,8.701141
2014-10-16 12:00:00,6.327118
2014-10-17 12:00:00,9.316559
2014-10-18 12:00:00,12.068146
2014-10-19 12:00:00,15.906189
2014-10-20 12:00:00,14.184967
2014-10-21 12:00:00,9.989075
2014-10-22 12:00:00,15.20929
2014-10-23 12:00:00,12.584991
2014-10-24 12:00:00,12.802124
2014-10-25 12:00:00,11.363861
2014-10-26 12:00:00,13.60788
2014-10-27 12:00:00,10.280273
2014-10-28 12:00:00,7.709015
2014-10-29 12:00:00,7.2375793
2014-10-30 12:00:00,5.992462
2014-10-31 12:00:00,5.9191284
2014-11-01 12:00:00,5.064789
2014-11-02 12:00:00,5.65506
2014-11-03 12:00:00,7.0731506
2014-11-04 12:00:00,2.8279114
2014-11-05 12:00:00,3.4006348
2014-11-06 12:00:00,-1.6918335
2014-11-07 12:00:00,0.15530396
2014-11-08 12:00:00,0.41641235
2014-11-09 12:00:00,1.9612427
2014-11-10 12:00:00,2.964508
2014-11-11 12:00:00,3.6517334
2014-11-12 12:00:00,5.874176
2014-11-13 12:00:00,5.042938
2014-11-14 12:00:00,4.6621094
2014-11-15 12:00:00,2.329193
2014-11-16 12:00:00,4.885437
2014-11-17 12:00:00,4.748474
2014-11-18 12:00:00,8.844452
2014-11-19 12:00:00,13.03183
2014-11-20 12:00:00,7.486603
2014-11-21 12:00:00,8.835175
2014-11-22 12:00:00,9.991791
2014-11-23 12:00:00,10.076782
2014-11-24 12:00:00,2.5241394
2014-11-25 12:00:00,1.5760193
2014-11-26 12:00:00,3.5156555
2014-11-27 12:00:00,1.27005
2014-11-28 12:00:00,4.3905945
2014-11-29 12:00:00,5.94223
2014-11-30 12:00:00,7.338043
2014-12-01 12:00:00,3.4651184
2014-12-02 12:00:00,4.030365
2014-12-03 12:00:00,6.8869934
2014-12-04 12:00:00,-1.7549438
2014-12-05 12:00:00,-3.4188538
2014-12-06 12:00:00,-3.2494812
2014-12-07 12:00:00,-1.3488159
2014-12-08 12:00:00,-1.6664429
2014-12-09 12:00:00,1.0835571
2014-12-10 12:00:00,11.407928
2014-12-11 12:00:00,4.6220703
2014-12-12 12:00:00,-1.6748962
2014-12-13 12:00:00,-0.28582764
2014-12-14 12:00:00,-3.745514
2014-12-15 12:00:00,-1.627533
2014-12-16 12:00:00,1.4490051
2014-12-17 12:00:00,-8.277924
2014-12-18 12:00:00,-7.3252563
2014-12-19 12:00:00,-3.5054016
2014-12-20 12:00:00,-3.837555
2014-12-21 12:00:00,-2.3145752
2014-12-22 12:00:00,-2.891388
2014-12-23 12:00:00,-6.3173523
2014-12-24 12:00:00,-0.58761597
2014-12-25 12:00:00,-4.6063538
2014-12-26 12:00:00,0.41763306
2014-12-27 12:00:00,0.61987305
2014-12-28 12:00:00,-2.640442
2014-12-29 12:00:00,1.4439392
2014-12-30 12:00:00,11.470917
2014-12-31 12:00:00,-1.297699
