time,MPI-ESM1-2-HR,MPI-ESM1-2-LR,CanESM5,MIROC6,IPSL-CM6A-LR,ACCESS-CM2,NorESM2-LM,GFDL-ESM4
1995-01-01,-3.7997131,10.545502,8.086853,-1.5958862,0.16378784,1.0917053,-3.4200134,-3.3703918
1995-01-02,-7.4466248,4.829315,5.6189575,-4.803131,-7.00943,-1.1827087,-0.5633545,4.9444275
1995-01-03,-7.653137,-0.81427,1.2138977,-4.057953,-8.036957,-3.2322693,1.2209473,4.8701477
1995-01-04,-5.104645,3.0709534,2.3948975,-2.3328247,-5.6433716,0.028961182,-7.9104614,-2.7639465
1995-01-05,-4.841217,0.516449,4.519928,-0.63757324,-1.4437256,-0.9283142,-1.9333801,-3.6595764
1995-01-06,-4.8520813,1.1192322,4.765686,1.0439453,0.8491211,4.986725,-5.4765015,-9.884308
1995-01-07,-2.0151367,4.429474,8.652344,2.992218,3.4656982,3.856842,-1.1775818,-7.415924
1995-01-08,-3.0002747,-2.4303284,13.485718,0.71502686,6.9786987,-5.3057556,3.076477,-7.798584
1995-01-09,-5.89328,-2.8676453,3.0462952,-1.1531372,5.7604065,-8.482269,5.971863,-12.917419
1995-01-10,-3.9895935,2.4300842,-1.8719482,-2.28302,-3.8580627,-5.2393494,11.797119,-10.774506
1995-01-11,-3.4706116,5.5863037,1.70755,-3.5012512,-6.119934,-9.520599,6.084503,-4.538025
1995-01-12,-10.512329,0.45785522,3.764679,-4.453705,-1.1667786,-7.892914,1.587677,-2.0184326
1995-01-13,-6.60791,-5.502411,0.39761353,-5.445862,-10.091827,-9.582367,0.16784668,-5.379822
1995-01-14,-0.6997986,-3.630066,0.99142456,-6.9501038,-6.3905334,-12.708099,0.3458557,-6.0151978
1995-01-15,-2.7827454,5.056305,6.110565,-8.385803,-2.2731934,-12.748383,-2.0864563,-6.341797
1995-01-16,-7.7342224,0.92630005,8.163544,-7.0113525,1.2851562,-10.059418,0.58413696,-2.6547852
1995-01-17,-6.3136597,-3.2313232,12.520355,-2.0882568,7.5471497,-14.490326,10.844025,-3.8249817
1995-01-18,-1.7351379,-3.304779,1.0011292,3.970337,-2.5274048,-14.346283,1.6243591,-7.3938293
1995-01-19,-2.3830261,1.882904,-1.1571045,0.23187256,-8.031128,-12.999603,-5.8910217,-6.1854553
1995-01-20,-4.3158875,0.23782349,4.7139893,-0.65686035,-4.863983,-16.083344,-4.8270874,0.6557312
1995-01-21,3.5074463,2.2027588,7.080261,-1.4884033,-2.4624329,-14.686615,-3.4693604,1.3513489
1995-01-22,-6.3216553,8.769348,7.889984,-2.7114563,-1.141571,-7.363373,-2.7991638,-4.2250366
1995-01-23,-7.782379,-0.67718506,6.4239197,-2.6443176,-4.6484375,3.5939026,1.1367798,-1.7476196
1995-01-24,-7.54245,-3.631195,4.9414673,-2.2528381,-10.577118,3.670807,0.20193481,-3.3357544
1995-01-25,-2.8390808,-4.216278,7.0840454,-2.617981,-4.9920654,-1.9429626,-0.3511963,-5.737915
1995-01-26,0.1350708,-6.0761414,11.20163,-6.014038,-5.502411,-2.565033,-1.2593689,-1.1016235
1995-01-27,0.55511475,5.062042,14.696442,-2.1276245,-6.773102,-8.473236,-9.412964,-3.6564941
1995-01-28,-0.69644165,4.1977234,17.089478,-0.9425049,-5.0484314,-8.62558,1.5290222,-6.9562683
1995-01-29,-3.877777,2.0646667,11.57666,0.862854,-3.8803406,-0.8518982,-0.47665405,-7.8745117
1995-01-30,-7.4150085,2.9455872,6.5533752,0.91238403,-1.7856445,0.009429932,-3.881897,-7.1772156
1995-01-31,-7.572052,8.03302,3.3451538,-3.3789062,-4.0101013,-1.0813904,-0.96725464,-3.8647156
1995-02-01,-8.509674,7.508911,1.9786987,-6.1019897,-2.1881714,-1.1106873,4.014038,-2.2748718
1995-02-02,-8.255646,1.3485413,3.1261292,-7.9565125,-11.6310425,-0.31332397,4.232361,5.9377747
1995-02-03,-8.810638,-3.3286438,5.403351,-9.011322,-5.793762,1.1317444,-0.12573242,1.7410278
1995-02-04,-0.25985718,-2.7523804,8.255585,-8.816589,-3.602478,0.8702698,-3.9573364,-2.9325867
1995-02-05,1.1605225,6.879303,2.0558167,-10.396759,-6.539154,-0.35458374,0.08746338,-0.99108887
1995-02-06,2.294342,0.1748352,3.5246277,-9.230957,-8.8628845,0.6390686,-5.377411,-0.25872803
1995-02-07,6.5280457,2.431549,0.08758545,-7.8481445,-4.6531982,0.29214478,-5.0224304,-4.417267
1995-02-08,2.5144348,6.7309875,2.3623047,-6.5247803,0.4331665,-3.9664001,-2.2693787,-7.2427063
1995-02-09,-1.391571,-1.7059021,7.4365845,-5.072571,-9.292999,-4.2410583,1.1466064,-6.684662
1995-02-10,-4.202118,-5.3547974,10.089874,-2.618164,-6.3945923,0.9601135,-1.4117126,-5.8935547
1995-02-11,3.8958435,-4.9823,4.1172485,-1.286438,-3.8742676,2.3268127,-0.5050659,-4.805725
1995-02-12,5.618683,-1.5295715,7.0826416,0.4562378,-1.497467,-2.1541443,9.146576,-4.267151
1995-02-13,-3.6620178,6.283844,11.9627075,0.24459839,-1.1987305,-11.771088,13.499115,-3.6290588
1995-02-14,-5.54126,9.17926,12.685638,-0.854187,-3.5516968,-2.00766,-1.6716003,-3.500885
1995-02-15,-4.884033,9.5155945,17.289307,1.7061462,-1.5488586,-5.4014587,-5.734497,-6.2223206
1995-02-16,-7.09494,6.532379,15.548096,0.40057373,1.9924927,-6.425873,-0.76138306,-7.1520386
1995-02-17,-9.593109,0.8033447,3.6669617,3.0168152,2.4160767,-0.35482788,7.077484,-9.336548
1995-02-18,-10.587738,-2.3454895,7.212433,-3.1079407,-4.276001,1.6886292,1.1445618,-2.449768
1995-02-19,-10.337769,-3.4791565,14.302643,-4.451782,-5.7533264,0.79800415,1.9394531,-3.5247498
1995-02-20,-7.220581,5.427704,15.183075,-2.7225647,-11.108643,2.061432,6.901825,0.4755249
1995-02-21,-5.9510193,1.6231079,7.51001,-2.6038818,-8.919556,1.7862854,12.714691,-4.912384
1995-02-22,-6.608795,-2.2776794,2.7991333,-3.709137,-7.170532,4.0314026,4.676422,2.7070007
1995-02-23,-5.067108,1.4462585,3.626007,-3.096344,-6.8597107,7.396881,-2.9516296,6.2355957
1995-02-24,-4.328888,-0.5099182,4.524719,-2.334076,-5.764435,4.229645,1.222229,2.1867065
1995-02-25,-3.6562195,0.9050598,3.5255737,-2.809143,-5.423706,3.9093323,5.5690002,2.0713806
1995-02-26,-5.3573914,1.1358337,10.130127,-6.5759277,-6.6168213,7.7223206,2.8527527,0.67541504
1995-02-27,-4.2948914,2.5956116,16.431213,-7.5145264,1.2394104,12.2565,2.2326965,-10.726746
1995-02-28,-4.193451,4.2872314,11.153656,-7.9189453,9.657837,11.260895,-4.167511,-6.8269043
1995-03-01,-4.978546,1.4056396,6.9379883,-4.2753296,7.8358765,3.4579163,-9.629944,0.3336792
1995-03-02,-6.5088196,1.8583069,1.040802,2.7026367,2.83844,2.75943,-2.7086792,-4.8663635
1995-03-03,-4.1646423,-4.635895,0.22094727,5.581085,4.6479797,1.6568909,-0.75268555,-2.6357117
1995-03-04,5.577667,3.9219055,2.33844,2.2546082,10.952148,3.4537659,5.201874,0.29632568
1995-03-05,11.040436,5.7990417,12.755646,4.9667664,11.183472,7.7135315,-0.87905884,4.703644
1995-03-06,7.089081,7.1583557,16.924683,5.5478516,0.7090149,9.246735,0.47433472,9.713776
1995-03-07,5.235382,5.874237,16.244537,4.092346,2.3007202,0.17471313,2.6369934,3.9041748
1995-03-08,4.4038696,7.8094788,9.522888,-3.9092712,5.0422974,-2.5398865,4.8309937,4.0315247
1995-03-09,-7.5311584,8.8909,10.216766,-3.2729187,6.3391724,3.1629944,-2.975525,3.5904846
1995-03-10,-9.169403,3.7541199,11.8177185,0.69625854,0.3291626,2.9542542,2.888855,-0.5704651
1995-03-11,-4.7599792,2.9768372,18.595764,3.1648254,-9.06662,0.4803772,-0.401886,1.2170105
1995-03-12,-3.013733,-0.43041992,13.2066345,1.8936462,-0.65896606,2.8990784,-1.8224487,6.404541
1995-03-13,-1.9578552,3.6617126,7.31131,1.5510864,1.3755798,5.4378967,-2.0032043,5.114197
1995-03-14,4.654724,5.087433,9.9626465,0.32885742,6.981598,5.8282776,-2.4933472,3.5576172
1995-03-15,6.11026,-1.450592,14.712036,-1.4081116,-1.9078674,0.03994751,7.6194763,5.073944
1995-03-16,1.2836609,5.3960876,16.929688,-0.16958618,-3.8408203,-4.06723,6.257416,5.386688
1995-03-17,-0.04901123,8.785339,16.937256,1.4724426,-0.84472656,2.848297,1.5630798,7.416809
1995-03-18,8.19162,7.056793,7.4843445,2.4339905,2.8036804,4.7674866,5.156891,12.182983
1995-03-19,4.078369,6.950775,4.0147095,3.9790955,3.773529,7.4288635,12.579376,11.81543
1995-03-20,6.355011,9.887848,9.080139,5.4821167,7.195282,4.015045,13.510864,-2.6253967
1995-03-21,10.095917,8.072693,11.912201,6.2057495,6.5371704,9.752838,17.064026,-3.254486
1995-03-22,5.165924,6.735077,7.865753,8.114868,3.3879395,15.119049,19.108215,-1.3609009
1995-03-23,6.49234,5.396576,8.239563,9.006073,2.2619324,14.548248,17.50174,0.09527588
1995-03-24,7.72348,2.9571838,10.500061,9.618652,1.7034607,9.55777,6.0928345,3.2453003
1995-03-25,-0.38735962,5.351898,11.720459,6.62088,1.3026733,5.589264,7.321228,3.6183472
1995-03-26,3.8877258,6.8887024,12.513733,5.4001465,6.00177,5.004547,15.046173,10.535431
1995-03-27,5.924347,4.078583,6.4492188,5.9420166,6.6808167,6.2567444,9.8341675,3.2257385
1995-03-28,8.3160095,2.7975159,7.994049,7.085266,7.2126465,6.740387,12.4809265,0.18685913
1995-03-29,6.8036804,5.0187073,12.487762,4.8276367,0.15533447,10.312653,15.482208,4.4183044
1995-03-30,2.1999512,6.44989,12.172455,6.3829956,-1.2173157,7.502838,7.927246,6.3249207
1995-03-31,6.611969,8.194244,8.711914,6.4066467,2.0905457,5.4405823,10.2630005,3.3762817
1995-04-01,6.6545715,10.376465,9.369507,7.8474426,-0.16018677,6.0934143,12.874512,5.5130005
1995-04-02,6.129486,10.29364,6.0395203,8.420685,-0.21194458,11.719879,3.9622803,7.081085
1995-04-03,9.831421,5.558136,4.9121704,8.842957,5.6010437,14.428131,9.851135,-1.3753967
1995-04-04,9.683075,2.5226746,4.4595947,7.673218,9.773285,15.639313,15.305878,-4.434021
1995-04-05,3.515442,5.376068,6.3879395,7.676178,11.276428,7.849762,14.585205,-1.4067993
1995-04-06,4.411316,5.6920166,7.044098,10.016937,2.346466,10.557037,16.299805,4.013733
1995-04-07,8.108063,6.029022,7.9012146,8.371155,-2.6774292,6.032379,19.388885,4.0178223
1995-04-08,12.915375,8.22171,8.002686,10.947601,-3.2394104,2.8590393,5.120514,5.5498962
1995-04-09,1.723999,9.41391,8.828857,10.982178,-2.8501892,1.8265686,1.0867004,7.0845947
1995-04-10,3.6555176,8.767059,10.629181,11.733276,-0.6903076,3.9447327,6.5567627,7.1998596
1995-04-11,7.2676697,10.767731,10.872437,13.0407715,-1.7081909,6.2157288,12.307617,6.667328
1995-04-12,8.078339,11.841949,13.962524,12.70047,-1.0791626,7.2621155,15.359283,5.1167297
1995-04-13,12.712738,11.045197,15.203247,14.064484,1.9353638,8.852203,20.196564,0.76867676
1995-04-14,13.074158,9.939514,15.675507,14.811523,5.818939,3.396637,21.184418,2.145996
1995-04-15,14.887024,9.392059,10.435608,16.08493,9.680908,1.6307678,14.657532,1.4415588
1995-04-16,6.111969,8.366364,9.852417,15.725861,3.5104675,3.0335999,8.653168,1.1987
1995-04-17,5.217865,8.108917,10.520966,14.644867,1.019989,6.214508,10.49527,4.1801453
1995-04-18,9.291382,7.820282,14.868317,14.106171,1.7514954,9.129303,14.216553,6.453064
1995-04-19,6.395294,7.765106,15.409454,15.313751,3.469696,8.002106,18.826172,8.603119
1995-04-20,12.639099,8.713959,16.30777,16.457245,4.2046204,8.345612,20.22525,9.1909485
1995-04-21,15.244507,9.458527,11.491913,18.789856,1.2325745,10.349762,13.517761,6.968811
1995-04-22,16.2742,8.562683,7.59848,18.189758,0.9581909,11.845612,10.981506,10.253967
1995-04-23,9.713043,7.9831543,7.7601624,18.382507,2.7983398,10.548248,12.423981,11.238556
1995-04-24,6.2600403,8.951935,8.410461,16.517822,10.850708,12.67984,17.074554,12.122406
1995-04-25,10.992828,8.092377,10.611084,13.650909,6.7191772,14.123932,11.889984,13.177368
1995-04-26,11.956024,9.584503,12.853973,14.766876,7.703888,17.029694,8.745819,16.785461
1995-04-27,9.926666,12.19397,14.491333,14.702393,7.7972107,12.669342,12.036804,11.388184
1995-04-28,10.210907,11.074921,15.024994,15.649109,10.663788,8.647369,7.915344,14.138763
1995-04-29,11.288239,12.140686,15.711212,16.430267,7.7972717,11.543121,13.754242,13.179047
1995-04-30,14.540192,12.126373,18.952301,15.539154,3.9054565,12.91861,10.469055,17.757019
1995-05-01,13.855194,10.538544,16.864655,15.902283,3.075348,11.558746,12.657837,17.197662
1995-05-02,15.283966,10.342682,13.752991,15.07901,2.698578,14.468903,15.036102,11.146576
1995-05-03,11.868317,10.301575,11.963257,14.785828,13.573578,17.381012,16.227936,9.118408
1995-05-04,10.719116,12.064056,11.158936,14.938446,20.27298,18.838287,8.325165,10.725159
1995-05-05,13.024261,12.12619,12.63443,13.362091,21.158325,13.2586975,5.511078,9.737854
1995-05-06,15.210114,11.969269,13.270935,14.547577,17.731476,13.413239,8.478363,10.028351
1995-05-07,18.612091,12.900177,12.702606,12.600769,9.501556,17.638336,13.260437,11.640289
1995-05-08,18.534882,11.934631,13.375183,13.541534,11.288483,18.028473,15.758972,15.272827
1995-05-09,16.0513,13.306366,14.974915,12.836548,19.2193,9.027252,16.589203,14.600067
1995-05-10,10.238068,13.228516,16.664154,14.341705,15.22522,10.280426,20.81369,15.1427
1995-05-11,8.979187,12.451996,15.920227,15.339447,18.7081,8.321442,21.026947,18.187408
1995-05-12,10.549896,12.762482,16.050781,15.792786,19.96112,7.5121155,10.691193,19.772797
1995-05-13,11.647675,13.858673,16.354828,15.876343,19.579102,9.053375,5.19046,12.636841
1995-05-14,15.082581,13.724823,18.511719,14.019043,19.300476,11.638824,8.894226,8.26651
1995-05-15,17.813873,12.945709,16.786713,13.371429,16.612518,14.56192,15.468292,8.529572
1995-05-16,17.219055,13.001251,15.641113,12.702423,12.242249,15.425201,16.656311,7.1336975
1995-05-17,17.413727,13.668304,18.642609,13.373596,6.5319214,9.628326,15.487274,10.655792
1995-05-18,15.3489685,14.515961,15.811554,13.624237,7.127838,8.86026,14.745728,10.472382
1995-05-19,17.216888,15.358276,14.098877,16.039062,16.44281,10.62027,16.022736,9.609131
1995-05-20,19.456146,15.063141,17.777771,19.419159,19.59021,12.551178,17.567749,10.555054
1995-05-21,14.950439,15.17038,18.084839,21.699036,17.799744,11.426422,17.06131,14.965912
1995-05-22,13.676758,14.471039,21.355072,23.574097,20.618103,11.280426,12.784393,14.99765
1995-05-23,15.669281,14.896332,19.003448,23.260681,19.121399,10.674957,18.551514,14.671692
1995-05-24,12.445343,16.380646,17.676392,20.949646,16.224884,9.896637,21.975128,15.021606
1995-05-25,13.689789,16.07486,16.735779,17.228485,16.782166,15.563629,23.493317,16.942291
1995-05-26,13.605255,15.322296,17.01233,16.600372,19.496765,14.786285,24.585846,16.555695
1995-05-27,16.319794,14.330048,19.759766,16.260773,16.365936,14.0555725,17.968842,13.502838
1995-05-28,19.676117,13.62677,18.020294,16.047028,13.0338745,10.809967,14.979034,16.912506
1995-05-29,19.256714,12.541443,15.734589,13.69754,12.6597595,10.679108,14.515045,14.388153
1995-05-30,17.197266,13.714752,16.352966,15.690582,12.275024,8.8993225,15.646484,14.066986
1995-05-31,15.188263,15.203217,21.549866,14.655762,13.66922,9.670319,19.113312,15.143158
1995-06-01,14.626495,15.59079,19.298126,15.614166,17.726685,9.138336,20.269073,16.830566
1995-06-02,19.385284,16.422058,17.147614,16.999512,18.898071,11.364166,20.696228,19.4841
1995-06-03,16.765839,16.662384,16.668304,17.712585,19.861603,14.896393,20.1539,15.096558
1995-06-04,16.491577,16.472992,16.402985,17.679596,20.526459,14.345367,24.617523,15.357788
1995-06-05,18.307953,16.911835,16.224213,18.152252,22.205994,12.550934,24.068146,16.600586
1995-06-06,14.18985,17.925873,16.592743,16.80075,24.896606,15.005768,19.427063,14.678986
1995-06-07,14.8461,18.245789,16.968842,15.666382,24.348053,19.883453,16.933655,15.240265
1995-06-08,16.769073,19.184784,17.085297,17.174164,20.714905,18.317291,18.907532,15.613007
1995-06-09,18.406433,18.501617,16.770264,13.984009,19.429993,19.151031,20.093262,12.159637
1995-06-10,19.758514,18.30185,18.59085,17.046265,21.400513,18.900543,17.483612,13.763306
1995-06-11,18.46402,18.482819,19.842102,16.363098,21.003174,18.004059,14.575562,12.293518
1995-06-12,20.654724,18.938019,23.601929,17.43637,21.854584,19.217926,15.518158,14.327332
1995-06-13,21.367157,18.783844,24.005127,18.958374,22.179504,19.809479,19.838379,15.749115
1995-06-14,21.578705,18.89212,22.62558,20.445343,22.103302,19.434723,23.044495,16.977448
1995-06-15,20.125824,20.553925,22.208893,19.008057,22.015198,19.865143,24.450592,15.865173
1995-06-16,19.364166,19.457428,18.210175,19.964447,23.294556,22.774567,25.118713,17.335846
1995-06-17,21.80838,19.028412,18.819519,19.987305,22.085388,22.927643,25.2247,15.622681
1995-06-18,20.693329,21.520966,21.6987,21.347961,22.367401,19.809967,26.17456,15.121246
1995-06-19,20.403412,21.895294,22.838593,22.620483,20.889038,18.440582,24.432068,15.756378
1995-06-20,20.465607,20.335327,21.839355,23.067871,19.933716,17.274323,22.28421,15.862274
1995-06-21,16.474823,20.892212,21.386993,24.055145,19.113037,18.684723,20.18872,17.006012
1995-06-22,15.272461,21.786438,23.183746,23.89566,21.06778,16.61319,23.37378,16.272644
1995-06-23,15.513641,21.41922,24.234558,24.063812,23.106384,16.873444,20.388153,15.673126
1995-06-24,16.516754,19.151337,25.644104,21.75061,24.02597,13.173248,21.11377,20.644104
1995-06-25,15.978241,19.912262,25.326508,22.309265,23.192902,14.408356,24.9617,24.765594
1995-06-26,16.449066,21.00711,23.146973,25.017487,23.400146,15.266022,23.325256,27.255646
1995-06-27,18.658966,21.734802,20.505493,25.253082,21.26773,17.96817,22.223297,26.287872
1995-06-28,19.878326,21.637573,20.350983,24.183838,21.267792,17.408112,23.31009,24.650208
1995-06-29,19.729523,21.206024,22.648224,24.835724,21.056976,18.688385,22.686127,25.168152
1995-06-30,20.26242,20.909637,23.955658,23.560883,22.64853,20.366364,20.099335,24.574005
1995-07-01,20.607086,21.480133,25.268341,24.056824,25.255157,20.716705,19.089142,24.920746
1995-07-02,21.409943,22.492859,24.898376,20.444153,25.365234,20.913483,20.059784,21.589691
1995-07-03,21.16092,23.04892,25.399597,21.797913,21.256195,18.283844,21.988983,20.253906
1995-07-04,21.400787,23.053833,24.452972,22.818512,19.510406,17.664215,23.646759,15.354095
1995-07-05,20.532745,21.456512,23.49405,20.663635,20.323181,22.870514,23.663635,20.669708
1995-07-06,19.262665,21.69394,23.310394,20.029144,21.550629,23.610992,23.972443,20.627716
1995-07-07,20.46347,22.304962,23.976898,21.65747,23.453491,21.847565,24.034302,20.638458
1995-07-08,21.074127,23.04358,24.511932,23.161652,23.661224,20.690826,23.193695,23.045258
1995-07-09,21.885468,23.03888,23.803253,22.877838,24.161713,22.906403,21.74524,21.192139
1995-07-10,20.779663,23.636505,23.237122,22.201721,25.916595,22.201813,22.689148,17.698181
1995-07-11,20.07306,23.494843,22.862946,22.309296,25.800812,22.185455,24.60028,14.4826355
1995-07-12,20.907562,22.46701,23.601074,23.344238,24.986816,25.654205,26.87262,14.719849
1995-07-13,21.144806,22.35257,25.203888,20.040741,26.258453,22.98941,25.345703,17.45456
1995-07-14,21.667267,22.399384,25.561798,20.650452,26.771942,21.725006,24.133972,21.006897
1995-07-15,23.070038,22.653717,24.483215,20.938599,25.508667,22.682526,23.581177,19.453064
1995-07-16,20.549622,22.720856,22.693848,24.391022,24.362549,24.93863,23.314758,21.270355
1995-07-17,20.832489,24.170258,22.246063,25.509888,22.217224,22.247955,25.53363,22.87201
1995-07-18,20.164886,25.419525,22.294464,26.25888,24.553284,17.331451,25.184875,21.6763
1995-07-19,21.586761,25.269684,22.364227,25.685303,24.467072,19.17569,24.267029,22.342896
1995-07-20,21.670715,25.064148,23.405823,25.064484,23.193512,18.990631,26.042511,21.361023
1995-07-21,22.26419,24.226654,24.2995,24.42279,23.698212,18.948395,25.047913,19.80478
1995-07-22,22.34024,22.520111,24.502502,24.289001,24.966248,18.959381,23.994293,21.927704
1995-07-23,22.5484,21.953217,25.166077,27.256073,21.81665,18.437408,24.340454,22.328064
1995-07-24,24.126709,21.734192,25.644379,24.691711,23.174255,19.949615,26.964264,20.571075
1995-07-25,23.207855,20.643616,26.049988,24.746704,23.238281,19.437408,27.017822,19.71109
1995-07-26,21.093872,20.69516,28.1391,24.449615,23.227081,21.11856,26.038727,20.489319
1995-07-27,23.263947,22.641693,26.404663,24.600067,23.625153,22.629547,26.237091,22.37741
1995-07-28,25.709747,22.934296,25.51123,24.004944,22.025574,24.08609,21.971588,23.682312
1995-07-29,24.878143,24.167328,25.739471,24.242737,22.980347,23.80899,22.85196,20.831726
1995-07-30,24.738647,24.350586,25.631775,25.048706,24.26883,24.267487,26.435364,18.93396
1995-07-31,21.864532,24.70755,25.941467,23.821533,25.274078,23.040924,25.397583,21.759674
1995-08-01,19.162872,23.334564,25.99057,26.699768,25.265503,20.182037,26.770172,22.01233
1995-08-02,21.28012,23.657501,27.2471,27.45697,25.466705,18.541412,24.685547,18.634247
1995-08-03,21.532928,23.828735,28.15918,27.165619,24.383636,19.862946,22.661835,18.124878
1995-08-04,19.55893,24.672333,27.518494,26.59143,23.955322,21.200104,24.164276,18.858734
1995-08-05,18.812225,24.92389,25.417328,27.951294,24.813507,23.21109,23.80185,22.073425
1995-08-06,24.480804,24.0112,24.66568,27.382385,24.755219,24.391266,24.334564,20.376648
1995-08-07,22.929565,23.36612,24.387299,24.681793,24.591248,22.716217,23.9664,20.36316
1995-08-08,21.662598,24.324554,23.696442,22.348175,24.959473,23.829498,26.513062,20.09317
1995-08-09,18.37265,25.529388,25.870728,20.631775,25.0141,23.790192,25.773346,22.538574
1995-08-10,19.32013,25.294891,25.143799,21.493439,26.777557,20.67276,25.556519,22.210052
1995-08-11,18.679413,25.651215,24.775055,21.058807,27.543732,19.06485,24.709991,19.650879
1995-08-12,19.185425,24.133698,25.33728,20.822723,24.810425,16.953033,24.404938,17.412842
1995-08-13,19.810333,24.802155,25.626587,19.190186,24.66745,17.142242,21.105865,19.276154
1995-08-14,23.53894,25.096191,25.625824,19.033295,25.997162,20.112946,19.849579,20.12201
1995-08-15,22.077118,25.3927,25.510406,21.009369,24.843475,21.887604,21.677368,22.055237
1995-08-16,22.682037,23.71231,26.473114,20.912384,24.618866,21.628815,23.260956,21.485413
1995-08-17,23.507019,22.786804,26.945831,20.784088,24.720276,21.122955,26.69455,19.981018
1995-08-18,22.701508,21.701355,25.502045,20.374756,24.840881,20.379791,25.834076,19.222351
1995-08-19,23.395233,21.422272,25.053955,22.644196,25.216614,16.562164,20.878967,18.772278
1995-08-20,21.131989,22.260376,25.127716,23.560028,25.519897,15.396149,18.27121,20.528961
1995-08-21,15.238312,24.915985,24.474121,22.29712,25.953796,16.28482,24.21466,22.785522
1995-08-22,15.119141,25.922241,24.589417,21.857483,27.209015,16.033356,28.242767,23.972137
1995-08-23,15.621979,24.482727,24.511688,19.279846,27.286865,16.895172,28.214111,22.323761
1995-08-24,16.874146,21.920746,24.086975,19.218048,26.591614,16.97525,27.84195,15.097931
1995-08-25,19.45224,20.41742,24.403015,20.55954,23.362122,17.466217,24.439209,14.073883
1995-08-26,22.011017,18.921722,24.808746,21.21576,21.837341,18.017487,22.35431,15.890472
1995-08-27,20.397736,18.146942,24.8078,21.713318,23.58319,18.354645,21.321686,19.8609
1995-08-28,19.530853,19.416412,25.523071,22.627014,23.672455,21.211334,21.607422,21.029419
1995-08-29,20.274994,20.079254,26.540192,23.26764,21.4906,21.186188,21.64325,22.169952
1995-08-30,19.22293,20.557098,25.97873,24.520813,19.88382,21.342926,23.269348,23.778198
1995-08-31,18.068695,21.829712,25.75653,25.02179,21.71643,19.55899,25.452484,20.520844
1995-09-01,19.247986,22.780548,23.360413,25.60675,22.871796,18.905182,24.899994,19.96344
1995-09-02,18.37497,21.972412,22.471893,24.752014,24.542603,20.328522,25.56958,21.867035
1995-09-03,16.153748,22.167053,24.0932,25.008087,26.22873,20.855621,20.595947,22.821747
1995-09-04,18.678864,22.122894,24.945587,23.332336,23.556793,19.052887,17.38556,20.925568
1995-09-05,20.841522,22.818481,26.339874,21.985077,23.534546,20.12735,19.430023,23.748322
1995-09-06,22.790741,22.829163,26.67566,20.781769,20.50357,18.524567,22.596527,22.332764
1995-09-07,23.004272,21.636993,25.350525,19.231262,21.94815,19.4086,23.580505,17.554382
1995-09-08,21.718231,21.304626,24.535095,21.153412,23.65744,19.001862,23.830658,16.033386
1995-09-09,20.741241,20.609283,24.244812,18.89325,20.280151,19.319977,20.861847,16.901062
1995-09-10,20.570648,18.369751,24.525726,16.309967,21.240295,22.107819,18.739227,17.012512
1995-09-11,19.299683,19.33908,24.977844,13.862976,15.476501,22.834137,21.333466,22.13971
1995-09-12,20.652191,21.752167,25.207733,15.202484,17.540955,21.38736,23.982697,23.380798
1995-09-13,20.968231,23.06128,25.966095,16.0336,17.592377,22.004059,18.266266,22.265198
1995-09-14,18.52243,24.854645,25.473389,16.730713,18.071228,20.012848,15.172058,21.614105
1995-09-15,15.904907,22.411926,23.89624,16.698578,20.80066,16.921783,15.936096,21.26361
1995-09-16,15.27005,21.866943,23.712433,18.381348,19.891602,18.89566,17.235748,21.89804
1995-09-17,15.530457,23.310394,23.955078,20.106537,16.95691,13.632721,17.693604,21.401001
1995-09-18,19.250336,19.928741,24.348724,19.654968,17.435883,17.145416,19.071411,20.680359
1995-09-19,22.911713,19.801117,24.976196,16.340973,19.742828,17.808014,18.378448,15.104462
1995-09-20,21.027924,22.36612,24.73816,15.756989,18.947021,16.584137,18.137451,14.659058
1995-09-21,13.595276,24.152405,24.395355,15.953278,17.2164,19.466705,16.549896,14.226318
1995-09-22,10.975494,22.699615,22.045563,15.841003,14.810699,22.284332,18.95285,22.809296
1995-09-23,10.298004,20.957672,19.934265,13.707428,15.95166,18.161774,19.79007,14.450623
1995-09-24,12.797638,22.728027,21.154236,16.498688,18.078857,17.660309,20.180878,16.599396
1995-09-25,11.998016,24.292511,21.728699,18.473816,22.256653,18.283844,21.134705,14.792114
1995-09-26,10.433868,24.317413,23.51001,16.3685,21.171478,21.50235,18.465118,17.317383
1995-09-27,10.9776,25.144012,24.069855,16.758331,14.91214,21.383453,12.7369995,18.537384
1995-09-28,13.9374695,19.662872,23.937256,16.93332,12.221313,20.562897,11.793091,16.628723
1995-09-29,15.690002,15.350037,22.718964,16.887054,13.08197,11.239899,17.03357,13.262146
1995-09-30,16.871063,17.346802,21.758484,16.141876,16.230255,14.227936,18.00592,12.36853
1995-10-01,18.77652,22.685394,23.223328,14.990723,11.83197,18.80655,13.968079,12.412994
1995-10-02,19.69934,22.897797,22.581665,14.571106,10.380981,20.380035,8.846313,17.769104
1995-10-03,19.409882,23.2164,18.04837,12.448669,13.402954,17.457672,11.302521,15.561737
1995-10-04,18.701233,19.19754,19.066925,14.932983,15.954926,15.023102,15.868042,11.844086
1995-10-05,11.796417,15.944122,20.531647,15.863159,12.857513,13.70401,19.308746,13.403687
1995-10-06,13.921387,12.963959,20.762817,13.846008,13.510101,11.603912,18.971588,14.672058
1995-10-07,17.191833,14.510345,17.762238,12.506195,18.2984,14.656403,19.3526,18.38147
1995-10-08,11.329987,18.346039,18.194092,13.510803,19.877777,13.714264,20.887299,14.318695
1995-10-09,9.48819,18.635406,18.857697,13.78363,20.086975,16.00113,20.765717,7.764099
1995-10-10,11.117859,16.66629,18.493011,13.5625305,18.743896,17.78653,20.76175,8.812378
1995-10-11,13.584747,18.090729,18.531952,12.060944,19.413788,20.023346,18.213226,15.841217
1995-10-12,15.29953,19.707672,18.161133,13.880768,19.03601,21.18399,14.393555,14.524628
1995-10-13,14.260956,21.957611,19.460999,12.902588,19.179626,21.44522,15.97995,7.045868
1995-10-14,10.440704,17.150635,21.867615,12.774872,11.976318,19.594147,20.024658,4.862091
1995-10-15,9.737396,12.308319,21.622131,11.548004,11.235321,8.121002,16.969147,11.066925
1995-10-16,8.018829,13.022125,19.058228,10.060455,11.622253,6.81192,6.7435303,13.163879
1995-10-17,7.4053345,14.69754,18.993744,8.378906,12.376038,12.041168,7.2454224,14.948822
1995-10-18,8.320343,13.994812,17.84079,8.465088,12.891235,5.1322327,9.338013,14.829102
1995-10-19,8.8414,11.298889,15.205963,9.414825,6.9716797,9.515289,11.544739,15.437897
1995-10-20,7.5038147,15.593414,18.312622,8.169098,6.130249,7.3280334,12.85257,13.111176
1995-10-21,7.6164246,18.291962,17.455719,10.78595,9.772003,6.4840393,9.030579,15.242523
1995-10-22,5.911957,18.377289,14.750214,8.977661,9.895386,11.898346,14.605408,16.460175
1995-10-23,6.906891,15.230255,15.769196,9.658508,7.12442,13.634674,7.212738,12.808777
1995-10-24,10.187103,12.0312805,18.194489,12.448425,5.92865,13.036041,2.796692,8.079956
1995-10-25,12.440399,12.007904,15.700287,12.039978,4.4135437,9.148346,0.7036438,9.306641
1995-10-26,12.237762,9.829041,15.80838,12.114075,6.0808105,5.688385,0.6913452,14.915619
1995-10-27,9.435211,10.786285,17.273407,11.970551,10.748566,13.760162,2.2348022,14.129211
1995-10-28,7.4847107,11.52536,19.698914,10.1649475,12.481049,7.2201233,7.7829895,2.5910645
1995-10-29,7.269745,12.236816,20.216614,10.775757,10.142578,4.2481995,14.358704,1.2862549
1995-10-30,6.334198,15.820526,19.14154,11.26535,5.8788147,6.2660217,15.728638,6.6626587
1995-10-31,12.256561,17.445038,18.88623,13.476471,6.1407776,12.798004,16.850983,9.647766
1995-11-01,8.895111,12.771515,18.304016,16.251434,4.004059,5.3351135,9.70517,7.6985474
1995-11-02,11.923492,7.997467,13.844025,16.136566,6.3868713,2.1603088,9.436737,13.493256
1995-11-03,16.210052,10.022614,13.303406,12.153168,4.348816,2.4493713,7.6522827,7.142212
1995-11-04,14.911774,9.460724,15.289276,10.263458,2.8631287,1.8990784,7.3889465,2.4925842
1995-11-05,2.4965515,11.962738,19.267914,10.714691,3.1548157,1.2215881,11.692474,0.6415405
1995-11-06,2.6108704,13.794373,13.407776,8.712311,2.9648132,1.3978577,11.144531,0.803833
1995-11-07,7.165985,15.41748,12.648193,6.78067,3.4932556,2.4476624,12.595245,7.0242004
1995-11-08,11.467682,9.414032,14.878571,9.395111,3.1022034,2.8927307,17.903778,10.34082
1995-11-09,11.279205,14.927887,12.275177,11.846252,6.4470215,8.717682,17.312714,10.313507
1995-11-10,5.7553406,8.898834,16.452362,8.415009,11.7612915,11.809967,3.4441223,9.600861
1995-11-11,4.231842,12.5034485,15.437286,6.4681396,9.549316,3.165924,2.7330017,10.572815
1995-11-12,2.1484375,14.031708,11.210266,4.629425,6.445526,1.848053,0.6170654,13.828522
1995-11-13,14.2916565,8.112274,13.67984,4.2212524,6.475128,2.7408752,0.21490479,14.282898
1995-11-14,9.044708,3.661377,12.05423,5.158325,4.4114075,2.9664612,1.5911255,7.1169434
1995-11-15,15.558197,5.466217,9.062164,4.3476562,1.9504089,7.6131897,3.875,3.9767456
1995-11-16,6.6285706,11.261932,10.4878845,2.9536133,2.101654,8.940826,5.4932556,2.4234924
1995-11-17,2.9204407,11.305725,10.233612,1.8790283,2.8093262,8.781403,13.593048,4.6493835
1995-11-18,4.806366,10.754364,14.322052,3.502472,1.7637634,4.1090393,11.655029,6.6209717
1995-11-19,6.882904,10.523285,12.617645,4.4006653,0.70184326,2.2547913,10.258118,3.5554504
1995-11-20,4.8205566,7.5704956,15.206757,5.6636963,0.99972534,7.726715,5.994873,2.5274048
1995-11-21,7.346588,5.181183,14.688232,3.9389343,6.089264,0.7201233,5.061615,3.0356445
1995-11-22,2.4189453,7.4078674,5.3347473,3.4657898,12.512665,0.49136353,5.0802917,4.8237
1995-11-23,-1.3177185,13.326996,7.2292786,5.1567383,2.3962097,6.695709,6.51532,11.210571
1995-11-24,1.3559875,9.45517,14.668915,8.219574,-1.9476624,3.688385,0.692688,11.074127
1995-11-25,-1.0185242,9.475037,10.604919,5.9130554,-3.164795,0.8734436,-0.36364746,-0.7293701
1995-11-26,-1.7842712,12.812103,8.273895,3.4615784,0.7156067,2.1964417,0.93725586,-0.55825806
1995-11-27,0.10922241,14.755829,9.278076,3.6236572,-1.3381653,3.9686584,0.752655,3.028473
1995-11-28,0.20956421,9.107452,8.007172,2.9337769,-1.191864,3.660553,3.069641,6.1136475
1995-11-29,0.54330444,6.014679,8.511749,0.42214966,-0.93530273,9.521149,4.3828735,9.203064
1995-11-30,4.9303894,10.1223755,7.958893,0.47451782,-2.5559998,5.848297,0.88531494,9.665314
1995-12-01,-0.13742065,13.500458,9.51355,3.2019653,0.9042053,-1.1465759,-1.2047424,15.633331
1995-12-02,-2.019928,9.979126,10.1091,5.8561707,1.9981995,-1.3348083,3.1534119,17.230011
1995-12-03,4.6025085,5.701874,6.9909363,4.624756,5.0319214,9.806061,4.4002686,3.4756165
1995-12-04,-3.1662292,2.887207,4.744049,3.6324158,14.904877,3.4752502,16.012482,-1.6037598
1995-12-05,-7.7254944,4.792816,4.772278,3.3724976,6.0119324,-7.6421814,-4.118866,-1.2816162
1995-12-06,-6.710724,9.56778,9.4253235,1.9616394,0.9346924,-5.6490173,-6.0778503,1.2705688
1995-12-07,-4.15152,10.247833,10.752319,0.23010254,0.6506653,-0.25253296,-1.9152832,-2.4246826
1995-12-08,-2.3799133,4.389862,11.934662,3.649231,3.4266968,9.263824,-1.7155762,-1.1361694
1995-12-09,-3.063507,7.0920105,9.539673,1.3406982,-1.0786133,-3.8631287,-0.41433716,1.1976929
1995-12-10,0.673584,10.952057,6.366638,0.67944336,-3.5358582,-3.3658142,-1.7957458,1.6747437
1995-12-11,5.0448,11.02298,8.472748,-0.6967163,0.0874939,-0.55477905,-0.98431396,5.077057
1995-12-12,-1.3232117,15.929443,12.479248,-1.6253967,-0.4923401,-5.677582,-3.3142395,4.298584
1995-12-13,4.411438,13.629547,8.119324,-3.1937866,-1.0160522,-3.099945,-4.389435,0.16796875
1995-12-14,0.60543823,1.424469,4.6028137,-4.6438904,-3.9467468,5.454254,-5.1782227,-3.0136108
1995-12-15,2.2841187,0.6470032,5.2322083,-5.368561,-1.4350891,0.1312561,4.4045715,-0.06625366
1995-12-16,-10.036255,-2.2224426,9.1371155,0.60375977,-1.3734131,-3.6543884,1.4390564,0.24584961
1995-12-17,-13.080994,-0.8113098,5.687958,6.9881287,-3.3812256,-0.39291382,0.52301025,-2.0076904
1995-12-18,-9.544556,3.3819275,5.171997,14.778442,-3.9573364,-3.757904,1.5614929,-2.2461548
1995-12-19,-7.841522,4.0032043,4.5418396,15.187561,-1.2330017,-9.679291,-3.3146057,-1.0429077
1995-12-20,-5.8471375,8.611969,3.8278809,5.875,0.0692749,-6.2469177,-1.013794,2.598053
1995-12-21,-1.0751343,4.0016785,6.297455,1.90271,0.06878662,-3.8836365,-4.3325806,3.1520386
1995-12-22,3.321045,2.1088257,5.2040405,4.620758,-3.754181,-3.150238,0.28082275,-0.084503174
1995-12-23,-3.2952576,-1.021759,2.9097595,1.5438843,-6.5417175,-4.285736,1.2836304,-2.3341675
1995-12-24,-3.808258,-2.9840393,5.969818,-0.47808838,1.2295227,-4.0137634,0.019042969,-2.3179016
1995-12-25,-11.738739,6.797821,11.273682,1.5663757,1.6395264,-6.8072205,0.62091064,-6.337921
1995-12-26,-5.388855,2.8666077,7.3455505,11.79184,-0.3463745,-4.142914,0.24588013,-3.3826904
1995-12-27,-13.132904,0.35617065,3.162323,13.233582,0.47183228,4.108551,0.6335144,-10.999329
1995-12-28,-7.464386,4.398468,4.345093,1.9076843,-2.8364563,1.796051,0.57077026,-3.9150085
1995-12-29,-10.992065,0.4817505,9.827118,-0.7213745,-1.9972839,-5.7808533,1.5712585,-4.710022
1995-12-30,-14.113617,9.232208,4.5423584,-0.35687256,-2.4269714,-7.9864197,0.6028137,-5.732147
1995-12-31,-17.00534,2.2079163,0.64004517,0.37451172,-2.3672485,-10.69809,-0.2776184,-0.45861816
1996-01-01,-5.378418,6.683258,1.2736206,2.37677,-0.7328491,-11.673187,-2.7978516,-3.0569153
1996-01-02,0.68292236,3.8576355,2.8258057,3.0174255,-1.0888367,-9.576996,-2.8049011,-2.1306152
1996-01-03,0.6141052,11.365448,4.1008606,1.475769,-9.964142,-4.675873,-9.589569,1.4473572
1996-01-04,4.163849,11.072571,10.174896,-0.07373047,-6.9391785,-1.471283,-8.00061,2.533783
1996-01-05,5.7211,7.494629,8.978943,1.4361267,-1.0256958,-4.153412,-8.611969,6.4923096
1996-01-06,2.858429,-0.8777466,4.3127747,5.337982,1.165863,-3.3226013,-8.208557,0.633728
1996-01-07,-0.589447,5.1952515,3.1221008,2.3263245,-2.2651367,-0.7708435,4.6802673,4.916107
1996-01-08,-1.7403259,3.7706604,1.4653015,0.58795166,-3.1168518,0.3800354,-2.2581482,4.467285
1996-01-09,-4.0188904,0.93569946,2.2606506,-1.0099487,-2.3283691,-2.773285,-11.058899,-1.8039856
1996-01-10,-6.979828,-1.3305969,4.0184937,-2.3981323,5.370941,-5.947357,-7.922119,-1.6732788
1996-01-11,-2.3334656,-5.6789246,-0.48077393,-5.4387817,-0.7467346,-3.1868591,-2.602539,-0.7545471
1996-01-12,-0.18569946,-1.3388977,2.0483093,-2.3622131,-0.78378296,-1.0188904,-5.2437134,1.3438416
1996-01-13,-12.285126,2.5968323,4.4691467,0.11898804,-1.0689087,4.323883,1.1911621,-4.8479614
1996-01-14,-15.083801,4.0973206,6.3218384,1.45755,-3.2432556,-4.8213806,-5.7960205,-5.944916
1996-01-15,-12.503937,-0.45635986,6.6654663,-1.0095215,2.5577698,-2.4168396,-5.0324707,-7.780121
1996-01-16,-8.396881,2.8055725,8.702393,-1.9864197,11.562408,-8.454193,-10.615356,-3.3703003
1996-01-17,0.65219116,-5.0505066,12.791382,0.67684937,-5.3089294,-5.2654724,-10.191528,2.719513
1996-01-18,4.7097473,-8.788086,0.4373169,-0.67526245,-6.244293,-10.275238,-3.6211853,-3.988556
1996-01-19,-2.8699646,-0.7551575,-0.6457825,-2.9743042,-1.8244019,-5.7151794,2.6096497,-4.815918
1996-01-20,-7.7757874,5.7908325,4.7986145,0.27157593,-1.0733337,-4.8191833,0.9419861,-4.617035
1996-01-21,-7.212677,7.654724,7.5474243,-10.240631,-13.460114,-8.103363,0.66885376,-1.9771729
1996-01-22,-6.6645813,2.9949036,5.988617,-11.63089,-11.457703,-5.8904724,0.61135864,0.1251831
1996-01-23,-3.7414246,0.7588196,6.822693,-5.160187,-9.71759,-1.230072,2.0629578,-8.849548
1996-01-24,-4.6271667,0.8857727,2.6022644,-6.5443726,-3.8536682,-3.0628357,2.908966,-8.0433655
1996-01-25,1.1073914,4.149933,7.3522034,-10.485474,-9.391052,0.5548401,2.8553772,-7.264435
1996-01-26,1.6335144,4.714508,8.297272,-11.551392,-0.7581482,-5.7710876,-8.606598,-8.451233
1996-01-27,-15.045013,7.228668,10.504639,-5.4054565,1.4547424,-6.059662,-9.360931,-1.500885
1996-01-28,-14.270752,0.92700195,6.6744995,-2.8804016,-0.76467896,0.39248657,-1.469696,-6.1694946
1996-01-29,-4.698639,-5.6634216,6.990753,-3.7686462,-0.7031555,-9.637787,2.5881958,-15.251099
1996-01-30,-8.371582,-9.033112,9.264008,-4.0131226,5.536804,-9.618744,0.21658325,-10.824371
1996-01-31,-9.0060425,-5.970978,11.180115,-4.4634705,-2.4377441,-3.8763123,-6.2773743,-1.4928284
1996-02-01,-9.887482,-5.292572,9.480011,-7.3016357,-0.48809814,-8.735687,-5.2352295,0.46044922
1996-02-02,-5.1018066,1.5519714,16.001282,-8.616669,4.6463623,-8.409027,-0.62771606,-1.4894104
1996-02-03,-12.950775,-5.137848,7.4358826,-9.155243,10.129272,-1.7659607,0.33758545,-0.3142395
1996-02-04,-8.478485,-6.550354,2.5023804,-7.558014,12.674805,3.0072327,0.93011475,1.7052002
1996-02-05,0.5727844,-6.2852783,8.661591,-1.1539917,9.140503,-4.7156677,2.6124268,6.4778748
1996-02-06,-1.2374573,-0.31381226,5.2353516,-0.36328125,-3.505951,-5.865814,3.8008423,0.41644287
1996-02-07,-2.8118591,-5.1970825,2.6902466,-1.3825378,-4.997284,-2.7557068,7.195587,-2.0342102
1996-02-08,-4.989685,-8.514374,-0.32870483,-2.2711792,-1.6570435,-9.015961,3.621521,-3.6303406
1996-02-09,1.3345337,-8.0937805,2.7048645,-0.45300293,-2.5967102,-7.131439,1.7410278,-5.120331
1996-02-10,-4.1507263,-7.260193,9.018707,-0.76297,-1.0441284,-0.8025818,-0.53131104,-3.5913696
1996-02-11,-2.3858948,-4.237274,16.604095,-4.5522766,-5.3821106,-4.2498474,-3.089264,-4.08786
1996-02-12,-0.7158203,-3.3154297,4.824188,-6.18692,-4.45047,-8.35434,-0.9937134,3.1810913
1996-02-13,2.1504517,-3.6474304,-2.93161,-5.560547,6.772949,-0.91830444,-3.8156128,7.14386
1996-02-14,-3.8127747,-2.942047,-0.95401,-6.653656,4.3872986,-1.6819763,1.6457214,6.485779
1996-02-15,0.61013794,4.091461,6.218048,-8.555695,-0.923645,-11.0660095,-1.4988403,4.8620605
1996-02-16,11.889496,6.0354614,9.285675,-3.0436401,-2.7431946,-9.356781,-8.285309,5.591217
1996-02-17,2.8891907,-1.9031067,8.324982,-8.599304,-0.87731934,-6.3782654,-2.005005,6.4115906
1996-02-18,-4.221527,-4.886444,11.46936,-8.891815,-4.615265,-3.4043884,-0.5179138,5.564453
1996-02-19,-0.45932007,-5.4349976,12.509094,-4.803528,1.7286377,-2.157074,-1.8132019,3.9685364
1996-02-20,-0.029571533,-7.8871155,8.025909,-4.899536,3.8900146,-7.311371,-5.8306885,0.7159729
1996-02-21,-10.703217,-0.9427185,12.237152,-6.8948975,-0.14492798,-12.736908,-7.371826,0.17172241
1996-02-22,-8.052521,3.5613708,7.564453,-10.894104,1.4559937,-8.174652,-9.977264,-0.34124756
1996-02-23,-9.913666,2.2550354,7.970764,-10.749603,3.6308594,-6.1580505,-5.479828,0.09844971
1996-02-24,1.4476013,1.4882507,11.912506,-8.961731,1.8049927,-5.8350525,-10.080505,0.72372437
1996-02-25,-5.139801,1.7906799,4.332489,-10.546509,4.8174744,-4.0779724,-9.339203,1.7764587
1996-02-26,-7.0870056,-0.57333374,2.5785522,-8.417084,8.178833,-2.5638123,-4.1889954,-0.3140564
1996-02-27,-5.2046814,-0.6237793,6.4946594,-6.8359375,7.2342224,-0.2930603,2.8249817,-2.4678955
1996-02-28,5.3885803,-1.0141907,12.19165,-8.279846,6.0708313,-0.26937866,-0.1375122,-3.3617249
1996-02-29,2.259552,3.9074402,,-11.147491,7.164917,1.9466858,,
1996-03-01,-4.3246155,-3.243042,13.398834,-10.783478,9.5781555,-1.8614197,-0.08822632,-3.8781433
1996-03-02,-8.643951,2.2754822,6.1172485,-8.630768,11.2535095,-5.0291443,2.4308472,-2.0863953
1996-03-03,-6.966858,6.806793,6.6078796,-6.1231384,4.8479004,-4.1670837,4.0985107,-0.64468384
1996-03-04,-4.6304626,2.9936218,7.667206,-4.0765076,2.0275269,-1.4983826,1.151947,-3.4343872
1996-03-05,-0.4230652,1.9269714,3.0620728,-4.621399,5.7910767,-1.7378845,2.877716,0.40185547
1996-03-06,4.958832,1.5249329,1.5346985,-1.2236938,4.113861,-1.188324,5.471588,3.390808
1996-03-07,4.9674377,3.5550232,1.2394104,-1.5296631,4.5589294,-1.6228943,0.8438721,12.807556
1996-03-08,4.4622498,5.290924,4.204071,-2.4858398,7.0186157,-1.0257263,-0.595459,5.8016357
1996-03-09,5.9266357,4.81073,4.268158,-3.4924622,12.375793,0.73184204,2.8036804,3.2596436
1996-03-10,10.951019,3.6186523,3.1767883,0.90563965,6.712799,1.0350647,3.1503906,5.9799805
1996-03-11,7.110199,4.1352844,5.5052185,-0.39059448,11.915588,1.07901,3.0555115,1.9022522
1996-03-12,1.7674866,2.3582458,6.3788147,0.9052429,11.766571,1.2445374,1.9017334,2.2496948
1996-03-13,-2.6228943,1.024353,6.323242,1.384552,-2.4674683,1.1202698,3.0209045,6.7747803
1996-03-14,-3.5329285,3.7058716,5.537201,-0.32354736,-4.8506165,-7.808441,12.821991,9.465149
1996-03-15,-1.119812,3.3830872,7.702881,-0.106536865,-2.2306824,-10.940765,16.106232,11.374817
1996-03-16,-0.8207092,3.6127014,11.890137,-1.1683655,3.7450562,-6.1426697,9.178864,13.979614
1996-03-17,-1.3516846,4.846588,8.064972,-5.9233093,7.960785,-1.4078064,2.6462708,4.467407
1996-03-18,0.27230835,6.5277405,5.9119263,-7.2147827,0.6427002,-2.6858826,1.7015686,4.6709595
1996-03-19,2.9447327,7.7335815,4.6044006,-5.857605,1.2263794,2.613922,1.2776489,8.3402405
1996-03-20,2.5444336,3.6008606,3.3932495,-2.2061157,3.9095154,-0.99472046,1.3744507,3.0391846
1996-03-21,-0.71450806,3.301361,5.5460815,2.004364,9.12735,-1.747406,-0.036865234,0.79626465
1996-03-22,-8.398987,0.6788025,7.4396667,2.659546,6.1308594,-2.17099,1.688446,-0.4317627
1996-03-23,-2.1039124,1.582428,5.6501465,0.7973633,3.570465,1.9005432,9.841095,1.3798828
1996-03-24,-1.4931946,2.0858154,7.5764465,2.347046,9.287262,3.5714417,5.437134,4.492981
1996-03-25,-6.845001,1.5604553,9.159973,1.3195496,12.205963,4.599762,4.2203674,4.5049133
1996-03-26,-3.6253052,1.1033936,11.580383,0.8617554,2.971527,4.2001038,9.745728,3.4647827
1996-03-27,0.5458069,3.8349915,9.825623,2.5789795,-2.1317444,1.9999084,4.0624084,2.768097
1996-03-28,1.07724,3.1681213,8.959045,7.0830994,-2.5402832,3.4137268,4.3074646,2.792328
1996-03-29,7.5243225,2.6967468,10.189087,7.61734,-1.8992004,4.299713,1.1032104,1.617981
1996-03-30,12.927673,2.9517212,7.7907715,4.1447754,-0.5168152,6.4996643,-0.25836182,3.2457275
1996-03-31,12.670868,7.278778,9.861816,2.3864746,6.7951355,5.730133,0.9103699,4.98114
1996-04-01,12.474487,7.7225647,12.140778,2.4165955,6.1844177,7.131012,4.256958,4.418335
1996-04-02,9.972321,7.144745,12.475739,3.3139648,11.478485,12.939606,7.2372437,3.5656738
1996-04-03,4.7812195,6.6264343,16.246857,2.3451843,10.943146,8.29483,5.991638,1.1173096
1996-04-04,4.051056,7.6236877,10.679901,6.032379,6.876343,6.455475,9.262909,2.2184448
1996-04-05,5.6854553,9.582428,4.6894836,6.041748,8.735168,7.724518,14.34259,4.4821167
1996-04-06,8.850189,10.566254,9.808868,5.1140137,8.98053,7.525055,16.272675,6.8565063
1996-04-07,4.3613586,9.673645,10.745392,4.4396973,11.007874,7.726959,10.994263,11.36795
1996-04-08,1.6749573,10.140808,10.745789,6.511444,8.675842,11.823151,6.273407,5.4104004
1996-04-09,1.2711182,10.708557,10.326447,6.6834106,6.0749817,14.573151,9.535492,0.62734985
1996-04-10,3.0328674,9.741119,8.906433,8.920624,8.460449,15.210358,15.608185,2.7465515
1996-04-11,5.1181946,6.910309,8.712463,11.460449,6.5658875,14.736237,18.443726,6.5951843
1996-04-12,3.672821,4.5383606,7.252716,11.303192,4.803131,15.533356,17.803802,6.0735474
1996-04-13,0.14642334,7.318512,6.367523,9.9627075,2.9309387,16.51358,19.328766,6.8758545
1996-04-14,3.2875977,9.982819,7.9613953,11.61554,2.2153625,16.830963,19.055023,7.0631714
1996-04-15,4.806183,9.118286,9.405975,9.159668,2.3106384,15.997223,11.814178,9.980988
1996-04-16,4.349762,8.725433,9.940979,7.4469604,4.4575195,15.784821,7.2807007,9.13855
1996-04-17,4.3260803,9.499176,8.020874,11.247589,6.554962,16.52359,10.102081,9.320465
1996-04-18,5.0681458,9.485504,6.5643005,8.361328,6.8201904,14.874664,18.041779,9.109039
1996-04-19,7.8906555,9.316162,7.7287292,8.606018,7.292938,15.436188,17.139526,8.290588
1996-04-20,8.97464,9.468506,11.988586,9.7812195,7.822693,16.205719,14.113159,3.1912537
1996-04-21,10.596161,9.825409,10.854614,10.776062,6.565613,12.98526,18.324432,1.286438
1996-04-22,10.002472,7.790802,9.656342,11.5399475,8.063629,11.651276,20.187195,3.4772034
1996-04-23,12.067596,7.793762,14.170471,9.097473,17.789185,11.752106,18.005188,2.447235
1996-04-24,15.623932,7.598358,8.524628,7.8080444,18.2341,10.280914,12.750214,6.05896
1996-04-25,17.824036,7.256714,5.55307,9.623535,17.709442,9.018219,15.628387,7.1589966
1996-04-26,14.743103,7.979706,8.145294,10.623932,18.10498,10.44278,11.848846,7.4735413
1996-04-27,9.143707,11.103607,5.376648,9.720428,18.51297,12.867096,7.809906,12.161926
1996-04-28,7.608185,11.453552,8.302551,12.426056,15.021484,9.250885,12.8967285,9.4661255
1996-04-29,12.215424,12.27066,8.905029,7.2583313,10.926727,2.653717,7.5791626,10.622162
1996-04-30,13.404633,11.357086,9.819946,10.430664,15.5065,4.670807,12.558929,11.042786
1996-05-01,17.71634,11.617523,11.351654,11.621826,10.785431,8.337555,21.421204,8.720184
1996-05-02,18.210968,10.500824,14.510101,12.168213,10.343567,14.34317,19.183533,5.9223022
1996-05-03,14.94754,10.771454,16.334595,11.522766,9.646271,12.223297,12.883392,8.423798
1996-05-04,11.79837,10.199738,15.076294,13.831665,8.649811,5.063629,15.805908,10.823822
1996-05-05,9.389221,10.767792,13.466064,10.640686,11.456757,7.2721252,20.602509,11.413422
1996-05-06,11.220123,13.167419,11.6474,11.492096,8.973541,10.339508,20.623047,11.009277
1996-05-07,15.994873,11.106171,12.385468,12.932129,9.967834,15.30191,12.085358,11.019348
1996-05-08,19.30307,11.729675,13.913361,14.264404,6.5137634,11.911285,18.922424,11.161774
1996-05-09,16.468506,12.50058,14.139191,14.766754,7.082367,11.79068,21.522339,10.093231
1996-05-10,14.834808,11.388336,14.077728,16.002106,9.039886,9.372467,13.950104,15.003357
1996-05-11,18.899994,11.9086,12.49353,16.763641,11.311615,4.254303,10.7535095,11.360199
1996-05-12,20.527985,12.943298,11.754639,14.974579,10.957733,8.650543,11.782715,9.948273
1996-05-13,13.283997,13.654388,12.694794,13.181,11.368408,11.179108,14.110992,9.377533
1996-05-14,12.945282,12.981354,13.941742,13.352386,13.336548,13.561188,16.56128,12.573639
1996-05-15,14.5972595,13.904694,15.808197,15.006073,14.388702,15.274567,19.028595,9.67981
1996-05-16,16.73645,12.740448,16.523193,15.770142,12.129395,7.5377502,16.502563,9.8411255
1996-05-17,17.31012,13.365143,16.945435,15.804138,12.222412,8.156647,17.152649,7.900421
1996-05-18,18.225616,14.076416,18.087036,12.908813,11.994629,8.670319,13.953613,6.931122
1996-05-19,16.85028,13.722443,19.166687,13.061066,13.121765,10.651276,10.787231,8.195496
1996-05-20,17.279938,15.276398,20.237976,14.497192,12.827942,12.646149,14.856873,12.334808
1996-05-21,17.672882,16.312286,16.348053,16.448029,12.436371,15.775787,12.329926,9.509613
1996-05-22,16.973785,14.513641,14.806885,16.465942,12.721283,16.578278,9.293671,9.12793
1996-05-23,16.720673,13.670563,15.855011,19.166656,16.670868,16.525787,9.348572,10.174713
1996-05-24,15.162323,13.427704,18.867432,19.678894,16.536438,13.254547,10.960327,11.077667
1996-05-25,10.887665,12.322479,21.20282,19.353851,15.877563,15.915192,11.840759,14.326904
1996-05-26,9.966888,13.733063,20.413574,16.97049,14.8541565,16.2753,14.609894,12.624634
1996-05-27,12.451813,14.377533,18.774017,16.27884,12.973755,17.1669,14.766357,12.386078
1996-05-28,15.479095,15.446686,19.458344,16.995514,13.365173,16.712067,15.261078,17.351715
1996-05-29,17.57843,15.6371765,19.12976,17.812042,12.782654,11.514069,18.446075,19.805206
1996-05-30,15.777435,15.525665,21.786804,17.176697,12.518311,11.742584,14.464233,20.9628
1996-05-31,16.789276,16.130829,20.636414,17.29068,18.52362,11.984528,7.486786,21.235962
1996-06-01,18.345245,16.73233,17.36847,19.726288,21.644379,13.700836,8.665222,21.78006
1996-06-02,16.401947,17.357239,15.562836,19.407166,22.374878,13.948639,12.567383,21.485596
1996-06-03,14.060638,17.307709,16.58142,19.571014,18.490692,17.645172,17.53653,21.159332
1996-06-04,19.167511,17.433838,20.920685,21.1716,15.230194,17.18692,16.43216,21.556335
1996-06-05,21.244293,18.082977,19.83194,21.49472,15.497406,15.543121,10.556213,20.677673
1996-06-06,21.228882,18.199982,20.062073,20.42331,17.322693,16.894196,12.755035,22.70462
1996-06-07,21.009735,17.559418,22.657593,22.387634,18.434174,16.595856,15.842133,17.641144
1996-06-08,20.900208,19.113586,20.28595,22.941925,20.249237,18.252594,17.324799,20.184753
1996-06-09,19.354034,19.707764,20.43805,19.93927,20.73523,18.607574,19.999573,17.733551
1996-06-10,17.843903,18.808746,19.445435,17.911407,21.721832,20.307281,19.800873,12.982025
1996-06-11,18.206787,19.833527,19.386719,20.127014,21.371704,21.98648,19.447418,10.330139
1996-06-12,18.851166,19.420074,16.477264,21.14447,21.567108,19.955963,21.996368,11.474701
1996-06-13,17.477844,20.212982,15.698822,21.012726,22.35144,18.842926,24.14801,12.856323
1996-06-14,18.641571,19.712036,15.865723,19.010956,22.677917,16.775055,23.532684,14.898102
1996-06-15,20.117493,19.777466,17.845367,17.19345,21.714355,18.427399,23.584564,13.303253
1996-06-16,20.638947,19.28714,20.540741,19.980682,22.142273,18.214752,22.06134,14.701324
1996-06-17,23.238434,18.719086,19.016174,20.37207,22.436981,19.398346,20.284088,15.145386
1996-06-18,22.734833,17.691925,18.821442,19.896057,22.953796,18.590973,21.919525,14.838562
1996-06-19,22.90506,17.713043,20.372772,20.358124,23.560333,18.566315,24.352203,13.583954
1996-06-20,18.861725,18.383667,22.667725,20.837555,25.659546,18.898102,23.258057,15.68866
1996-06-21,19.61139,19.157318,23.41397,20.779846,25.313477,21.357574,20.498077,17.086426
1996-06-22,20.839813,20.952362,22.114227,22.166687,20.796082,18.521881,19.805054,18.376007
1996-06-23,21.60971,19.987488,21.959167,22.174377,19.208435,21.82315,20.399658,16.929932
1996-06-24,24.102814,20.435394,22.34497,22.323029,20.800293,24.947418,21.348053,15.416809
1996-06-25,23.686768,20.523163,24.883362,23.706085,21.247559,26.951813,24.604553,15.175995
1996-06-26,19.825531,21.56076,23.226257,23.210022,21.593689,26.808502,23.533722,16.230011
1996-06-27,17.944733,22.035675,21.366547,22.110504,21.704956,23.943024,23.282654,20.266846
1996-06-28,21.978668,22.798035,24.055542,22.836212,21.187317,20.144928,24.712585,20.277496
1996-06-29,24.452301,21.896729,24.052307,22.573547,21.920807,18.11148,21.299774,21.820435
1996-06-30,25.267517,21.565643,23.734436,22.340912,21.044434,18.185455,16.472473,20.295166
1996-07-01,23.606049,20.947906,25.596832,22.0271,23.172363,18.954498,19.294159,17.759338
1996-07-02,21.586334,22.30478,24.501495,21.881073,25.256378,20.353912,21.034485,17.184296
1996-07-03,19.366974,21.51648,25.832733,21.608307,25.23529,19.197174,22.335815,18.787354
1996-07-04,19.410034,21.901642,26.365356,23.200989,23.89618,18.612457,20.767487,19.580017
1996-07-05,19.025146,21.964264,25.869751,23.23108,23.760803,17.903229,19.934448,18.035187
1996-07-06,22.55539,21.915436,25.56131,23.851349,23.22406,18.068024,23.959198,21.254333
1996-07-07,24.289642,22.704254,27.3367,23.863495,22.441101,20.626617,20.912598,20.874207
1996-07-08,23.5112,21.974731,23.368134,23.643188,22.439056,19.67691,20.489166,22.303284
1996-07-09,20.813904,22.775726,22.302155,22.089355,22.777313,17.21939,21.01773,21.578583
1996-07-10,20.916473,22.643951,22.260834,23.016296,23.99173,18.049225,21.058167,24.1445
1996-07-11,18.510468,22.221283,23.061768,23.446167,24.15918,21.77774,24.189209,24.96582
1996-07-12,17.820526,21.416199,25.773285,22.5448,24.439117,22.931305,26.511444,19.044373
1996-07-13,20.081696,22.305115,26.504883,23.278564,24.443512,21.069733,27.532196,15.791168
1996-07-14,19.823334,23.602753,24.678406,23.86029,24.536346,22.454498,26.231506,17.08371
1996-07-15,20.30664,25.013672,26.24826,23.3591,23.700256,21.974518,23.777924,17.079834
1996-07-16,20.629486,22.82254,26.909332,22.60614,23.298828,19.933014,23.862701,17.529083
1996-07-17,21.489227,21.440308,26.668213,23.046722,24.957916,20.558746,23.432953,18.865875
1996-07-18,21.475586,24.206451,24.759155,23.507202,26.315948,19.862457,20.018463,19.037262
1996-07-19,21.079987,25.407074,24.387634,22.284637,26.619446,22.625153,19.827667,20.228302
1996-07-20,21.13617,24.947784,22.858429,23.824799,24.466888,24.536285,20.335052,20.255707
1996-07-21,21.899292,24.167908,23.021362,22.917114,24.067719,22.110504,20.079315,20.969604
1996-07-22,21.52127,21.882782,23.477722,22.615295,26.813843,22.44522,22.580383,21.079712
1996-07-23,20.294464,24.468231,23.630402,22.304596,30.181427,21.669098,25.067352,19.513824
1996-07-24,20.723969,24.541534,23.492157,21.479736,28.199951,21.637115,25.34668,23.379211
1996-07-25,21.988312,20.323975,24.325623,19.927948,27.381073,20.98941,26.119781,22.278625
1996-07-26,22.756866,21.435852,25.433624,18.761475,28.93335,19.891998,24.709442,23.13855
1996-07-27,24.26529,22.235077,27.040558,18.310242,31.034576,19.531403,24.480225,20.773682
1996-07-28,23.942871,22.778656,27.736206,18.747742,28.713165,20.360992,25.467651,22.324005
1996-07-29,23.12146,23.060211,27.215363,18.947968,26.811127,21.39029,28.487396,17.781067
1996-07-30,22.645721,22.90744,26.139221,19.988007,24.557068,21.902985,29.313812,17.84787
1996-07-31,22.94635,23.71402,25.79483,19.45639,23.69281,22.217438,26.484253,17.850677
1996-08-01,21.26184,24.537079,25.812927,22.026398,25.153015,21.994293,24.563568,21.090454
1996-08-02,20.606842,24.196655,26.40448,22.210968,25.329285,21.233795,25.696808,19.378357
1996-08-03,23.051208,24.255798,22.620575,23.569733,23.963867,22.993805,25.100983,19.013031
1996-08-04,23.908356,24.739838,22.392761,23.30539,24.282349,24.042877,19.358398,19.75763
1996-08-05,24.894562,24.127838,23.626587,21.07727,23.049286,24.350983,20.05191,21.286957
1996-08-06,25.767822,24.368225,25.73883,23.757477,23.9292,26.085114,24.998688,19.143036
1996-08-07,25.458405,23.214752,26.995667,22.672821,26.491089,26.909088,27.669678,17.35376
1996-08-08,23.437378,22.006927,24.104065,21.755981,24.360748,27.393463,23.690155,17.704437
1996-08-09,23.505493,22.12268,22.55716,21.97229,21.99649,26.301178,22.155731,18.957916
1996-08-10,23.028717,22.911713,23.781555,20.051361,24.000336,23.944489,24.215027,19.753967
1996-08-11,25.094421,20.36316,24.866272,21.558838,24.616943,26.366852,24.640076,21.25058
1996-08-12,26.707123,20.608032,24.641968,19.760773,24.970459,25.90152,27.101868,21.013489
1996-08-13,26.825226,21.877716,24.755219,20.303802,26.573639,25.56778,26.534637,21.514404
1996-08-14,25.79663,22.13147,25.2117,19.794556,26.530975,25.370758,26.111938,19.736969
1996-08-15,23.490448,22.043976,25.101532,20.852264,21.380463,25.248444,25.904968,18.896606
1996-08-16,23.957092,21.708527,24.564789,22.28836,21.290436,23.678375,27.554749,21.705597
1996-08-17,24.077454,22.308868,24.763153,21.847412,24.200226,19.742584,26.841248,22.778534
1996-08-18,20.48175,22.165405,24.831146,19.748993,23.801453,19.541656,23.482513,23.40802
1996-08-19,20.416168,22.274597,24.768097,20.026428,23.439972,21.228912,20.871033,23.776154
1996-08-20,20.923798,21.91034,24.35965,18.466766,23.754517,23.668854,24.818634,20.6745
1996-08-21,21.323792,22.901672,24.339355,17.2406,25.258392,21.035065,26.790253,20.406525
1996-08-22,20.934845,23.69577,24.924072,18.732147,26.349426,21.27652,27.639404,19.550995
1996-08-23,21.846466,23.5318,25.408508,20.079132,23.860352,22.785797,27.37558,17.162354
1996-08-24,22.761078,23.53836,24.294952,20.265167,23.296051,19.30777,28.378265,16.87024
1996-08-25,24.105225,24.62503,24.45877,21.274384,22.848724,22.497467,28.899445,17.37445
1996-08-26,22.54364,25.754639,22.779572,22.382172,22.048767,25.19278,28.123505,21.520233
1996-08-27,21.544037,26.200836,21.073364,21.531555,22.060516,23.073395,28.352722,23.213013
1996-08-28,20.861847,26.38211,21.97467,21.694641,21.65924,22.344147,26.026794,23.964691
1996-08-29,20.257355,25.448547,22.35138,22.37503,22.126648,25.403473,26.373047,22.837128
1996-08-30,20.352814,24.793976,20.737488,21.176453,22.225433,22.646881,20.295807,21.774536
1996-08-31,20.884186,19.30661,20.374939,18.577179,22.797485,19.807526,16.13736,21.623077
1996-09-01,21.29663,21.60617,21.94983,18.318237,22.775818,19.246246,17.693787,21.93103
1996-09-02,22.796478,24.887665,23.983826,18.924683,22.576752,14.554352,20.041687,17.638489
1996-09-03,23.128143,25.415802,22.73526,18.042389,21.27826,16.920074,22.70282,13.81778
1996-09-04,22.758331,25.040558,20.945343,17.214752,20.115143,20.113434,23.465485,11.792084
1996-09-05,21.972565,23.994537,21.538513,18.386139,20.025452,22.22525,23.716522,12.393097
1996-09-06,23.250885,24.020233,23.598755,17.107544,21.136597,23.414215,22.322968,15.760712
1996-09-07,23.87384,25.873566,22.125427,17.185059,22.13446,18.857086,23.510895,18.872131
1996-09-08,23.00763,26.659576,21.710907,17.200165,22.496765,15.73819,23.12851,18.742981
1996-09-09,22.32193,23.550873,21.308502,19.941437,24.150635,17.759918,23.997955,18.067688
1996-09-10,22.5896,20.949554,18.96582,19.323242,18.334686,20.693024,18.895355,16.885345
1996-09-11,21.651459,24.830017,20.688843,17.261444,17.442993,15.381256,12.298462,18.989899
1996-09-12,20.806183,25.594055,20.429535,16.817413,17.781097,15.860016,12.374908,20.494598
1996-09-13,22.516693,22.709259,23.033417,18.6044,20.472382,18.178131,12.105347,20.607056
1996-09-14,22.657806,25.128387,19.22754,20.712463,18.29013,22.014801,14.600952,19.969513
1996-09-15,21.56073,25.838776,19.582733,20.519226,20.14209,22.48941,18.198792,18.694214
1996-09-16,18.205902,24.501495,24.10147,20.959625,19.176788,21.190582,20.294952,18.39743
1996-09-17,17.791718,22.235382,21.911835,20.151459,20.643799,21.571198,19.141052,19.466797
1996-09-18,19.08136,21.67569,22.842499,21.183899,21.102783,19.41861,18.170074,16.894897
1996-09-19,21.244446,22.225616,23.76651,20.64795,16.363922,16.67984,20.918243,14.139557
1996-09-20,21.797974,24.62851,23.36673,16.010376,19.07248,17.046783,20.918793,13.42041
1996-09-21,20.700165,21.61618,20.06073,13.347137,17.88919,16.759674,19.652466,14.35849
1996-09-22,19.050323,17.97934,21.335327,14.6024475,15.117706,16.6503,20.608551,14.18222
1996-09-23,23.243958,18.106903,18.568298,16.381104,17.421722,16.638824,20.345734,12.785736
1996-09-24,20.840118,19.400726,18.723175,17.696808,17.618378,6.5663147,20.726227,14.925079
1996-09-25,20.365906,18.720673,21.326294,19.615143,18.259125,11.193268,21.950928,17.155884
1996-09-26,21.121948,19.989838,23.01062,19.159973,20.875,16.829498,20.362244,16.398132
1996-09-27,22.618164,20.961334,20.149689,20.780914,15.981171,10.3541565,18.80011,15.686218
1996-09-28,23.307587,22.834412,19.080658,16.365387,15.746033,8.872223,20.212006,15.990112
1996-09-29,20.68216,22.443909,19.256134,13.295105,15.205933,10.262604,14.514618,14.973724
1996-09-30,18.399078,19.672852,19.805786,12.192383,16.661224,8.014557,13.766174,11.630066
1996-10-01,20.13733,21.370544,21.212341,13.311401,17.365051,10.778473,9.908997,16.24887
1996-10-02,14.340118,21.696564,22.717041,13.18161,19.218811,13.070465,15.657623,16.511505
1996-10-03,9.97525,20.564331,21.536255,13.334869,16.922668,12.435211,16.232178,18.59668
1996-10-04,13.961395,13.286102,17.315735,12.027435,18.215698,7.519684,14.862457,18.309021
1996-10-05,11.207306,13.748627,16.607758,10.786102,21.031555,8.632233,19.193756,17.974121
1996-10-06,9.28183,17.054718,18.907104,9.642548,18.757904,10.516022,20.221436,16.945679
1996-10-07,15.596039,15.745636,19.878815,11.161102,15.263214,13.404694,20.263367,13.984039
1996-10-08,18.002289,12.645691,18.388916,11.089294,13.356018,18.44815,19.9971,14.403168
1996-10-09,13.272797,14.15271,18.831635,13.426727,15.187408,20.32315,20.372284,17.997772
1996-10-10,12.185638,17.834015,21.292206,15.397949,18.139343,20.519196,22.073395,14.518036
1996-10-11,11.882721,18.960968,21.83731,12.938538,12.529327,18.488434,21.047455,9.610382
1996-10-12,9.618408,19.062073,17.915161,13.945557,9.130646,11.447174,19.151947,8.7473755
1996-10-13,10.501465,19.642487,15.089905,13.298492,6.9790344,7.4984436,11.9183655,10.028229
1996-10-14,14.428711,19.689941,14.824799,9.685638,12.362915,8.861969,10.720459,10.522247
1996-10-15,9.809601,18.556702,15.795807,9.480652,16.28888,10.907135,12.001862,13.147186
1996-10-16,7.505829,18.778168,17.746704,12.914581,17.32605,10.075348,12.909729,13.970032
1996-10-17,8.782379,16.64743,19.669312,14.397461,17.010803,14.940582,10.850891,12.131653
1996-10-18,13.531128,14.15506,20.373444,12.4133,9.220825,14.847809,13.888641,11.363342
1996-10-19,9.860077,17.8909,20.828705,8.8784485,11.103027,16.961334,16.837189,11.297058
1996-10-20,7.8517456,14.233917,14.622009,13.89209,10.957062,10.862701,19.196198,10.024902
1996-10-21,13.000946,13.33844,14.645233,12.992889,11.486053,3.868805,19.309082,11.161499
1996-10-22,15.415527,12.251556,17.469757,11.342468,13.738342,5.568268,19.18805,13.564362
1996-10-23,6.024353,15.535461,14.433716,8.370056,13.557129,8.0589905,14.493713,13.427032
1996-10-24,4.8786316,16.442383,12.972351,9.308441,12.311554,7.652008,13.306366,14.78241
1996-10-25,4.080719,17.938263,15.158234,9.296265,11.8168335,8.538727,14.719299,17.013824
1996-10-26,4.8139954,14.817078,16.820068,9.338226,8.08313,8.926178,19.4122,17.813812
1996-10-27,4.671417,12.205566,16.792358,9.552948,7.4413757,5.816559,21.417023,17.47641
1996-10-28,5.7003174,13.598785,17.81662,8.197968,10.183685,8.963043,20.377869,10.985962
1996-10-29,5.847992,12.893646,19.066925,6.3450317,11.066803,11.717926,15.760468,6.741638
1996-10-30,7.1142883,14.213287,12.8906555,8.091675,13.236633,12.224274,11.955719,7.344818
1996-10-31,9.338959,16.735565,11.936584,9.433502,13.618195,11.906403,10.200043,9.289642
1996-11-01,6.59079,19.003998,11.438477,8.924957,15.41507,11.351959,9.997253,13.950073
1996-11-02,8.518829,17.908783,14.156311,10.384552,16.48999,8.764069,11.108917,9.932526
1996-11-03,12.1223755,13.777679,13.736786,13.402496,16.847351,7.585846,8.555847,6.5467834
1996-11-04,8.926788,12.214203,15.012146,10.24295,19.203033,5.6598206,3.7499695,7.8994446
1996-11-05,6.4558716,12.36557,19.37622,11.639587,18.463165,5.4376526,5.209137,8.9878235
1996-11-06,6.891693,15.565216,19.517578,13.522034,18.342133,7.3502502,9.829529,16.401855
1996-11-07,11.337738,12.485931,14.204742,11.0529175,15.917389,8.802155,11.760254,15.47583
1996-11-08,10.85965,12.407227,14.262848,11.238983,17.885254,14.4322815,10.105835,5.95224
1996-11-09,2.2586365,10.783295,14.476776,12.184143,12.600739,13.899567,9.230072,2.148468
1996-11-10,0.92129517,12.846039,14.547913,8.146942,14.483215,5.0448303,14.750488,5.0032654
1996-11-11,2.2493591,10.544617,16.837158,7.1694336,18.44519,3.535797,7.388611,4.539551
1996-11-12,3.6457825,14.041046,16.408142,11.123047,14.322876,4.3819885,6.588257,11.238312
1996-11-13,5.8512573,18.441132,14.620819,15.926544,20.593384,3.4745178,7.1279907,16.255096
1996-11-14,7.4615784,16.247955,14.094299,15.531433,13.223755,1.8226624,5.668335,17.210388
1996-11-15,5.327301,11.846588,15.911499,11.605682,1.8100586,0.69473267,4.211609,5.5158997
1996-11-16,2.5385437,9.475861,18.337738,12.822144,-0.54537964,0.43301392,3.1686707,2.9933167
1996-11-17,2.543274,6.008209,13.783173,11.347473,0.9680176,-0.38974,0.46606445,4.331482
1996-11-18,7.9374695,12.856659,12.831024,12.598877,3.2697754,1.5731506,2.9474792,8.152527
1996-11-19,3.8634644,14.926697,14.587311,10.217163,2.8353882,4.6651917,0.64468384,-0.9476929
1996-11-20,2.3131409,17.265656,11.099304,7.20813,2.5670166,5.832428,3.9673767,-1.4049377
1996-11-21,-0.22518921,15.821228,10.227905,5.1210327,4.303894,2.7835999,10.902252,-1.9984741
1996-11-22,-2.2097473,9.6987,11.992828,8.038849,4.2715454,1.4039612,14.619965,-2.0915527
1996-11-23,1.1663818,9.417877,14.752686,6.254181,2.4365845,-1.7151794,12.457275,-0.77511597
1996-11-24,4.481537,10.81308,8.596741,9.149933,1.384613,-0.22885132,1.2103577,-2.6996765
1996-11-25,2.4039917,10.8090515,5.7510986,15.905762,3.1981506,5.62027,0.9239502,1.6426392
1996-11-26,0.74710083,8.01886,4.4000244,17.370941,5.5011597,-3.5889587,3.710144,9.044312
1996-11-27,10.173126,8.410828,5.210266,4.933502,9.102325,-2.6805115,5.951721,2.5142822
1996-11-28,1.813324,7.342499,7.4911194,2.3543396,-3.3215027,1.6769104,8.066925,1.7035217
1996-11-29,-0.6095886,10.556976,4.337097,1.4743347,0.7206421,2.282135,5.463196,-2.8043213
1996-11-30,-2.5804443,14.473541,9.58551,4.0917053,3.950409,1.801178,-0.6998596,-5.3902283
1996-12-01,-3.1464539,7.4581604,12.3811035,4.1548157,1.1592102,-1.597992,1.5424194,-6.1450195
1996-12-02,-2.30661,9.051056,12.56839,6.681549,11.3802185,-1.3941345,2.3664246,-6.421295
1996-12-03,1.6373596,10.853363,14.606812,11.979706,2.310913,-0.98690796,4.5476074,-3.5985413
1996-12-04,1.1686401,10.423737,11.689972,10.238342,-6.1443176,3.1307678,11.233032,-9.461365
1996-12-05,-1.5939941,7.9215393,8.426514,3.272705,-5.129364,0.7674866,10.309723,-4.7064514
1996-12-06,3.1323547,10.509308,9.518463,3.7768555,-0.3012085,1.1754456,6.804352,-11.021637
1996-12-07,0.98153687,12.470947,8.679382,3.8111267,4.2827454,2.905426,8.096802,-11.932312
1996-12-08,-1.165863,4.926178,7.157593,5.7513123,10.376129,8.636139,2.9857178,-6.2850037
1996-12-09,-7.918213,4.5846252,9.837891,13.048065,12.952332,6.395172,2.9263,-0.4947815
1996-12-10,-7.6893616,4.056366,13.520599,11.819366,2.217163,0.87002563,9.380829,4.150543
1996-12-11,-1.7082825,4.509735,11.99939,3.2123108,0.5338745,6.3470764,4.013977,-1.0580139
1996-12-12,-4.083954,5.7567444,5.4188538,-0.70266724,-1.65094,-3.1133728,-0.94073486,9.0946045
1996-12-13,-3.6896667,3.2426758,3.9933777,-1.4942932,-4.519043,-4.0103455,-2.5853271,3.2196655
1996-12-14,-6.7374268,4.476776,6.674286,-1.4099426,-6.2211304,-0.78134155,-2.7495422,1.7361145
1996-12-15,-6.3958435,5.1474915,6.853058,2.6441345,-6.8426514,3.1290588,-0.5061035,-0.037109375
1996-12-16,-3.65625,8.882629,8.077637,6.532898,2.9772034,4.304596,0.434906,2.2490234
1996-12-17,-0.14523315,9.878113,10.125885,13.075775,1.0784607,0.69277954,-7.224762,-1.4752197
1996-12-18,-11.504272,6.254059,10.858093,7.280945,-8.7673645,-5.568207,-4.93277,-2.1278076
1996-12-19,-10.250641,5.043518,5.248474,-1.7868958,-6.237854,-6.8267517,-2.3829346,-1.9284058
1996-12-20,-2.8501892,6.324585,-2.7541199,-0.48513794,-1.1174316,-8.525482,0.18969727,1.3337097
1996-12-21,-1.6145935,5.1891174,1.6347656,1.8504639,-2.950714,1.9215393,2.6053162,-0.023071289
1996-12-22,-6.876251,4.636444,-2.2533875,3.3155518,-7.0726624,4.4725647,11.08786,8.150635
1996-12-23,-4.7285156,3.8978882,1.3480225,2.5046997,-4.482727,-6.972992,3.723938,0.25604248
1996-12-24,-1.7598572,1.5909119,6.6868286,1.5860596,0.3147583,0.073150635,-0.804718,-1.7435303
1996-12-25,-8.603485,0.6779785,9.514862,3.4622498,-1.2660522,3.917389,-2.5456238,-1.9908142
1996-12-26,-10.373596,7.5024414,10.907196,0.47106934,-1.1582031,3.3041077,2.4831543,-2.4334412
1996-12-27,-8.4956665,7.3762207,12.358459,-2.3132935,-1.0775146,-2.013031,-3.4648132,-2.2469177
1996-12-28,-10.543823,5.9517517,9.314178,1.2973022,1.118042,-8.558197,-4.754669,-0.031433105
1996-12-29,-10.603088,7.6906433,7.8179626,2.7192078,-0.89486694,-14.08725,-6.787903,4.9527893
1996-12-30,-5.5211487,7.2775574,9.099213,10.510773,4.498352,-5.7937927,-7.05661,-3.5056458
1996-12-31,-9.358551,3.634552,4.24411,9.369049,-4.5141296,-4.261078,-2.5004883,-4.790344
1997-01-01,-8.0815735,2.1058044,8.84436,14.127472,-5.6183777,-9.024994,-4.218689,-1.6377869
1997-01-02,0.40493774,2.160553,7.602112,8.500153,-6.3644104,3.0365295,-5.6250305,-1.9082336
1997-01-03,-9.686523,1.2167053,5.547882,4.661194,-1.1381531,4.021881,-6.702545,-3.3621826
1997-01-04,-15.2447815,5.0968933,11.233856,5.871338,-0.4461975,-3.860443,-12.3966675,-4.3021545
1997-01-05,-14.939484,2.47818,16.65622,1.0980835,-4.462799,-0.2227478,-3.9617004,-4.183899
1997-01-06,-10.526184,2.2416382,10.133423,-1.5862122,-7.866516,-6.366791,-2.4151,-4.0288086
1997-01-07,-6.6843567,8.902039,5.6071777,-5.0665283,-1.4173584,-8.632904,-7.8953247,-3.54953
1997-01-08,-10.608368,4.12323,1.7192993,-4.707184,-2.8839111,-10.66806,-4.750122,-2.8638916
1997-01-09,-10.384064,-2.313507,5.842804,-3.8539124,-12.982758,-9.080902,-1.5117188,-3.8468323
1997-01-10,-8.771454,-2.3192139,5.9375,-4.1250305,-8.194946,-3.6216736,-4.5692444,-6.194702
1997-01-11,-1.9336853,9.989288,0.1987915,-4.467621,-1.1073303,4.5846252,-11.543274,-5.2212524
1997-01-12,-0.51293945,4.373413,1.389679,-2.6804504,2.1582642,-0.6114197,-4.0591736,-7.23114
1997-01-13,-5.926544,-0.98898315,4.5806885,0.18991089,2.408844,-3.901947,-2.2885742,-5.1171875
1997-01-14,-9.126404,6.474457,4.574005,1.338562,-3.0922546,3.7679749,-3.8010254,-9.159088
1997-01-15,-6.6316833,1.0149231,4.45343,-3.5283508,6.0094604,6.9896545,-13.089539,-8.372223
1997-01-16,-0.63983154,-2.9239807,4.936371,-2.1348267,6.6201477,0.5104065,-11.529205,-9.456268
1997-01-17,8.543091,-1.4962158,5.525482,2.2551575,-0.79333496,-7.7659607,1.2451782,-4.610901
1997-01-18,7.5606384,0.73526,4.4885254,-0.41210938,-0.06506348,-10.056732,2.4169617,-3.3614502
1997-01-19,0.9984741,2.9935608,-0.32940674,-0.77838135,3.6849976,-3.7222595,-2.4369202,-0.85131836
1997-01-20,-4.7433777,3.9007874,-3.6235046,-5.000366,5.79303,2.592926,-10.755951,-12.661713
1997-01-21,-1.3114929,9.582214,-2.57312,-3.2807922,13.59137,2.2765198,-8.96283,-3.5818481
1997-01-22,0.24649048,1.8248596,4.901123,-3.549408,11.214294,11.365631,-1.681366,-11.002991
1997-01-23,-0.24490356,-3.0796204,7.9890137,-7.5499268,-4.5520325,4.0611877,6.059143,-17.19989
1997-01-24,-5.225952,-2.5205383,6.254883,-9.014496,-3.6930847,-1.964447,2.5171509,-18.001617
1997-01-25,-2.5576477,0.801239,8.450226,-4.726227,7.323639,-0.6194763,1.3491516,-9.901215
1997-01-26,6.860626,3.8026428,7.4830627,-9.039886,10.371704,-1.0977478,0.8546753,2.9937744
1997-01-27,13.036102,1.1091919,-0.15390015,-7.4879456,-2.772705,-8.87558,-5.872589,2.4931946
1997-01-28,13.269531,5.926605,-0.31848145,-0.87890625,-4.0443726,-1.7156677,0.16448975,-2.4294739
1997-01-29,10.142151,4.658478,1.952301,-0.7038269,-4.008087,-3.54599,3.7242126,-0.3385315
1997-01-30,1.6204529,-0.72198486,4.1739197,-6.247711,2.4977112,-4.718109,0.37512207,-1.0661926
1997-01-31,3.4763489,7.0733337,5.4754944,2.1144104,3.1832886,5.942047,-1.688324,-2.751648
1997-02-01,0.11734009,-0.2645874,6.3833923,7.19989,-12.681183,2.301422,0.4729309,-4.579132
1997-02-02,3.0526428,3.2947693,6.8302307,10.551239,-16.154327,6.3470764,-2.2073364,-2.9935913
1997-02-03,-3.124298,3.1133118,7.417694,3.4909668,-14.912262,5.537506,-3.9971008,-2.1009521
1997-02-04,2.686432,0.16714478,10.312164,-0.38549805,-10.376251,0.13833618,3.9648438,-8.526581
1997-02-05,-7.0293884,1.0302429,10.164032,-0.6479187,-4.339081,2.7694397,-0.3071289,-5.0698547
1997-02-06,-13.504303,3.1417542,7.689575,0.16317749,-0.930603,4.36026,-1.7001953,-1.9002991
1997-02-07,-12.52887,6.5477905,7.8483276,-0.538208,1.2348022,8.420563,1.0637817,-12.629242
1997-02-08,-8.5448,-3.0059204,7.655426,-1.7544556,0.75180054,11.569,-1.2593384,-11.75528
1997-02-09,-6.837677,-0.16671753,8.820923,-7.736206,0.027923584,1.8473206,-2.397705,-5.262146
1997-02-10,-7.3384705,-5.401581,9.76709,-6.0003967,-3.4310913,1.4183655,-6.798767,-3.7452698
1997-02-11,-7.383148,4.0555725,6.1348877,-11.362457,0.8482666,-0.32528687,-10.474579,-3.4228516
1997-02-12,-5.6586914,7.3311462,10.321106,-9.979309,1.671051,-4.8872986,-2.4747314,-3.2520447
1997-02-13,-11.840515,0.40090942,4.397888,-5.0483093,-1.9861755,-2.8738708,-6.5442505,-5.97583
1997-02-14,-13.428619,3.9472961,3.1925964,0.478302,-1.3752747,5.637848,-7.7111816,-5.1482544
1997-02-15,-9.79068,5.8082886,7.1950684,-4.3365784,-0.9090576,4.5384827,0.8522949,-4.48938
1997-02-16,-4.9804688,4.787018,4.96463,-8.878174,-0.9890747,8.272125,2.283722,-5.6640625
1997-02-17,-0.31411743,4.404907,7.135315,-2.6633606,-1.3713989,9.892975,-0.13031006,-3.086975
1997-02-18,-1.9142761,2.7462463,5.9030457,-3.1901245,-4.0908203,2.120758,1.4472351,0.583374
1997-02-19,0.17675781,2.5923767,5.6928406,-7.809265,-0.72052,1.8456116,-1.4228516,0.0284729
1997-02-20,3.8019714,0.38705444,2.7969055,-7.6442566,-3.4726562,3.7887268,2.280304,-1.63974
1997-02-21,6.1320496,2.31839,3.6296997,-11.030701,-0.5991516,11.2447815,7.330475,-6.9022827
1997-02-22,9.050262,2.341217,8.981445,-11.8637085,0.36016846,9.890289,8.052856,-7.0318604
1997-02-23,-1.28479,7.215851,12.462372,-8.334717,-5.4841614,3.8121643,3.9397888,-3.5665894
1997-02-24,-0.14395142,4.2808533,6.2595825,-0.91604614,2.6835632,3.950592,-4.662567,-1.1486511
1997-02-25,-1.224884,4.253601,0.71661377,0.09237671,6.170929,7.601471,-1.7976074,-1.5657349
1997-02-26,2.7937622,5.198395,6.361145,-3.4485168,12.732117,9.4808655,-1.4315796,-1.7519836
1997-02-27,0.069000244,8.460175,9.307373,-2.5943909,8.593506,5.4711,3.1749573,-1.9103088
1997-02-28,-2.7167053,5.5213013,-2.6106262,4.670685,1.9607544,-1.8213806,2.4968872,2.7125854
1997-03-01,-2.419159,6.2655945,-5.48172,7.807617,11.947876,7.0899963,4.7204285,6.5914307
1997-03-02,1.1664429,8.887665,-8.278687,5.6342163,13.542053,12.172516,1.9889526,0.28652954
1997-03-03,8.264618,5.767212,-5.1714478,3.8526611,7.6319275,2.6070862,0.26989746,-1.3213196
1997-03-04,9.486481,2.468811,0.2442627,4.2624207,-2.7224426,10.207184,-5.5704346,-4.9621277
1997-03-05,1.5369263,4.6565857,2.5004578,5.5105896,9.414764,7.1564026,-9.479614,-6.0701904
1997-03-06,0.8551941,6.320923,-1.002594,2.9468994,11.627899,3.8788147,-3.6246643,-1.6703491
1997-03-07,6.4058228,7.292572,0.35049438,2.7599487,13.340668,6.7967834,3.5463867,-1.4767761
1997-03-08,-6.213196,7.184204,9.316284,3.3381042,14.268646,0.49868774,2.346161,-7.244934
1997-03-09,-8.475342,9.504913,11.035156,4.7292175,-1.4013977,0.20986938,-0.10220337,-1.1638794
1997-03-10,-4.0917664,10.68222,4.9667664,4.711975,-1.7545471,8.049225,-2.014862,-1.7877197
1997-03-11,-5.6037903,8.911713,7.8997803,6.1190796,1.5531311,12.988922,-1.6801758,-3.0913696
1997-03-12,-7.7167664,6.602173,5.5677185,4.9990845,1.8454895,14.107086,0.96017456,-0.6646118
1997-03-13,-5.127777,3.6374207,9.686279,6.031006,1.2451477,13.848541,-3.4647522,-0.2052002
1997-03-14,-2.1689148,6.9721375,6.5436096,5.2782593,1.8505859,6.7828674,-5.511627,1.552185
1997-03-15,-1.3444519,7.7721252,9.261383,5.2776794,5.7955017,3.7379456,-6.073883,2.201538
1997-03-16,6.3227234,5.195221,15.077606,4.0810547,4.6115417,3.068756,-0.26620483,0.30285645
1997-03-17,9.473175,0.8902893,5.9448547,-0.800354,8.4887085,1.5138245,0.98547363,-0.9060974
1997-03-18,13.030914,2.7583313,6.4208984,-1.0191956,6.153076,1.2840881,6.822296,4.7688904
1997-03-19,-2.547638,4.3919373,10.265472,-0.27947998,-2.6304016,0.7574768,8.563049,7.7068787
1997-03-20,-3.3139343,6.925873,7.1473083,1.5763855,-3.7880554,3.1891174,-0.08822632,3.474762
1997-03-21,0.99017334,9.653412,5.39505,5.531555,-1.3591309,2.539215,-2.755951,6.1492004
1997-03-22,2.9993591,9.159332,5.296509,7.6096497,-1.0697937,-0.7322693,-0.7750244,0.70770264
1997-03-23,4.791107,5.206421,7.7962036,6.423126,2.4950562,-0.0965271,3.6332092,1.2288513
1997-03-24,9.874115,4.91864,8.77832,10.2421875,0.49951172,3.2013245,-0.31896973,3.2959595
1997-03-25,0.43704224,6.5615845,10.110046,6.6553955,-2.817688,-1.0484314,0.3935852,6.752228
1997-03-26,1.1756897,7.766571,10.321655,6.569092,4.765167,-1.5906677,9.950836,8.065979
1997-03-27,2.2986755,7.5743103,10.568085,9.726074,13.010529,0.79971313,11.828217,7.619812
1997-03-28,-1.1806335,7.141876,9.600983,4.923767,14.523682,2.063385,13.96347,3.5353699
1997-03-29,-0.7991638,8.735748,6.86557,3.6697998,11.401062,4.575592,4.7963867,4.967743
1997-03-30,6.37912,6.901642,7.1638184,3.6786804,0.41741943,10.485748,0.5378113,2.9006653
1997-03-31,10.141205,8.441071,8.277344,3.9361267,-1.1768494,14.597809,-1.7625122,3.0043335
1997-04-01,13.331116,11.110931,10.315979,5.1946716,1.5763245,14.043854,1.2889404,6.6233215
1997-04-02,8.251862,10.549988,13.029816,7.1062927,3.683838,6.162506,4.299774,10.779358
1997-04-03,11.980804,7.3764343,12.1293335,7.964325,8.503143,5.1996155,4.3163757,13.211121
1997-04-04,16.637207,7.1993103,9.006012,9.010803,10.100525,3.3502502,-0.32965088,5.6259766
1997-04-05,11.771851,10.890228,5.0824585,10.409637,10.344727,4.0333557,0.6107178,8.872681
1997-04-06,16.254303,11.498505,4.665863,9.444519,5.92511,5.3753967,0.098358154,10.318909
1997-04-07,16.31897,8.648987,5.668152,12.384827,4.90683,7.233551,3.1418762,15.991699
1997-04-08,18.95929,9.698273,6.543701,10.800812,7.426697,6.412018,6.752289,8.969208
1997-04-09,8.231537,7.831085,7.4684753,8.066742,10.420105,6.4950256,8.079773,13.058258
1997-04-10,10.056732,8.489166,6.857086,9.075958,4.8983765,8.598053,7.897888,6.481903
1997-04-11,11.594147,10.076263,6.1979675,7.293579,3.4223938,7.1664124,18.826569,2.5065918
1997-04-12,8.4809265,11.495026,8.271118,4.174225,7.9570312,8.5399475,12.587982,1.4536438
1997-04-13,9.184723,10.9151,10.299011,5.8118286,11.499756,12.539703,7.9617004,4.1914673
1997-04-14,11.486786,12.434418,13.023193,7.0951843,11.418732,4.1859436,12.091095,12.730133
1997-04-15,11.600555,11.517395,17.206757,8.386627,11.699707,8.72525,15.736481,4.2821655
1997-04-16,10.661713,9.088837,12.243835,8.372894,16.616882,15.094147,19.005127,4.778595
1997-04-17,14.001312,9.06369,15.076935,7.307617,8.905304,16.475006,13.230988,3.6497192
1997-04-18,9.622986,7.0472717,18.265991,7.6197205,6.383972,8.708405,8.198547,5.347931
1997-04-19,7.3926697,9.190338,16.27716,8.874207,6.2789,8.647614,9.954163,9.660431
1997-04-20,8.362396,12.436737,16.460327,8.133728,13.071167,10.87735,11.9374695,11.331818
1997-04-21,10.989777,11.980316,19.340271,8.78009,16.672028,8.620758,14.576355,11.544586
1997-04-22,11.619354,10.804077,15.687653,9.459747,12.539764,9.123932,6.698883,11.39209
1997-04-23,10.412506,9.809753,16.501099,10.293213,11.161072,12.022369,7.952606,6.3911743
1997-04-24,9.352539,9.119965,20.493988,9.352509,17.896423,16.735748,10.045044,3.7575684
1997-04-25,10.017975,9.637726,16.420197,8.732941,19.92157,14.851715,13.245636,3.6072388
1997-04-26,10.126373,10.844696,17.990814,6.219879,20.41278,10.5277405,10.171814,4.530121
1997-04-27,10.597046,13.046722,13.207031,9.136597,18.512756,11.973053,6.7003174,2.860077
1997-04-28,7.99942,13.822845,16.83554,8.522675,6.261688,10.368805,10.763275,3.8514404
1997-04-29,8.566864,13.57785,19.068756,11.753174,5.9308777,10.57901,15.337311,6.233551
1997-04-30,10.964691,12.522003,19.073792,13.54541,11.1657715,17.086334,19.319305,6.8338013
1997-05-01,17.35321,10.239044,18.017609,11.755096,13.985504,15.3089905,18.817719,10.670868
1997-05-02,14.651398,9.143707,13.245209,12.253082,18.810333,11.529449,18.161438,16.545197
1997-05-03,12.065399,12.009094,12.981384,9.630096,20.185608,16.830475,17.358765,16.180573
1997-05-04,12.349457,11.530914,15.626984,9.956757,17.841217,8.588776,18.495453,18.821625
1997-05-05,13.380951,10.500336,12.720917,12.255829,14.038605,9.45401,15.468994,18.467957
1997-05-06,15.05423,9.306732,12.506775,12.950836,13.406372,12.036774,16.521942,19.00232
1997-05-07,15.671173,11.248016,18.256348,11.521301,6.8993225,13.531158,19.169037,10.344177
1997-05-08,18.09671,12.008789,20.330536,12.338623,7.7755737,16.860016,11.035858,5.417755
1997-05-09,20.936096,12.380402,17.061432,14.085663,9.633301,15.438385,8.312164,9.142731
1997-05-10,18.129852,12.105133,15.88797,15.688141,13.105988,9.920074,9.76474,11.903229
1997-05-11,16.06366,12.437042,18.72168,16.805145,11.263947,10.98941,12.587463,11.908234
1997-05-12,16.878357,14.383209,19.789307,17.788483,8.921509,11.614166,14.457794,14.072845
1997-05-13,17.26529,15.322388,16.06308,18.711853,13.613953,10.945709,15.3133545,12.452118
1997-05-14,17.207367,15.010498,16.441254,18.919952,14.838013,13.207428,14.790527,12.49115
1997-05-15,20.174957,13.020599,15.40271,17.414764,15.208038,15.290924,17.056732,13.766022
1997-05-16,20.950836,12.785553,14.594421,17.204773,19.161163,12.1315,18.262054,17.327026
1997-05-17,23.396027,14.4253235,15.63797,16.714172,19.78775,11.086334,16.549133,19.041168
1997-05-18,24.382019,15.582062,18.664398,17.450562,19.168701,13.190582,6.43927,19.60376
1997-05-19,20.385468,12.997131,19.569733,17.170258,20.19629,13.538727,9.732452,19.358185
1997-05-20,17.37616,11.334412,19.712921,17.057922,16.845612,18.71109,16.838287,14.000092
1997-05-21,21.194916,14.912872,20.495972,17.893677,12.722992,18.194977,16.6156,10.694397
1997-05-22,19.370361,12.3298645,22.36731,16.180267,15.464233,16.557526,14.769592,10.466187
1997-05-23,15.346954,13.008514,22.884796,12.798523,19.260132,17.871246,22.010101,10.505676
1997-05-24,13.460846,14.577484,17.49878,14.034302,20.88211,15.702545,24.099304,13.995605
1997-05-25,13.608917,13.078461,15.462555,15.453552,16.68039,12.335602,19.995728,14.953247
1997-05-26,13.010651,13.902313,16.696564,16.112549,17.679413,13.854401,12.35022,14.144287
1997-05-27,13.714447,14.586761,17.111176,17.021393,21.008026,12.846832,13.552887,16.700806
1997-05-28,15.048401,15.826965,21.78244,15.890076,22.588226,13.739655,17.85196,12.6154785
1997-05-29,14.138519,16.822845,22.714417,17.20047,20.177307,16.31607,20.313782,12.6588745
1997-05-30,15.724518,15.5578,21.449463,19.02649,17.133118,19.123444,21.272308,13.574829
1997-05-31,17.455383,14.98996,19.803467,16.226624,17.648499,18.763824,22.279358,14.873047
1997-06-01,18.854034,16.540192,18.839783,15.380737,18.335236,19.610016,24.88327,14.211029
1997-06-02,18.055939,16.34024,19.154388,14.94165,19.66925,17.223297,17.599518,15.545746
1997-06-03,23.111816,15.70163,20.213654,16.682709,17.521912,16.362701,17.280212,13.577301
1997-06-04,20.91159,16.399933,22.992828,16.426697,20.255066,15.186188,19.952972,14.850647
1997-06-05,18.061615,16.220367,22.842438,15.275665,22.692108,16.90982,21.479828,15.643097
1997-06-06,16.090271,16.09665,19.381012,15.501373,24.035278,18.213287,13.115967,16.724487
1997-06-07,17.126587,16.51883,22.031982,17.272278,25.206604,20.239655,11.158722,16.357208
1997-06-08,18.95044,16.345428,22.76181,15.761536,23.828827,22.794342,15.749817,16.016388
1997-06-09,18.242432,16.549835,16.463531,17.54068,22.223083,19.427643,19.258057,19.864166
1997-06-10,21.309631,16.462738,16.84729,17.600922,22.3143,18.98648,22.733887,11.774414
1997-06-11,24.000336,14.936737,18.88797,17.97528,20.085876,21.835602,23.91397,13.166718
1997-06-12,20.144318,17.042267,17.705414,17.66922,19.419952,23.544342,20.551422,16.261292
1997-06-13,21.448914,18.234467,18.225952,18.868195,20.07962,15.625641,18.932373,14.793243
1997-06-14,23.734344,18.146576,20.729095,19.232574,20.799866,13.303619,21.54602,15.287598
1997-06-15,23.53537,16.410553,20.057404,18.678528,20.855621,16.381256,21.982483,15.07132
1997-06-16,24.35434,17.53653,16.626862,21.788544,22.770905,18.53653,22.022125,17.920258
1997-06-17,25.217896,17.710907,16.18985,20.678864,16.5065,20.819489,20.261444,16.809235
1997-06-18,24.028961,17.855194,20.300018,21.758636,20.476135,24.437897,16.160675,21.699615
1997-06-19,20.552704,18.097534,20.232544,22.232574,22.912872,22.147125,15.346344,19.568268
1997-06-20,20.069458,17.869843,19.188477,19.962982,22.759705,19.8461,15.489929,15.477234
1997-06-21,20.163086,18.775726,19.249023,17.295258,21.75888,17.77066,18.672913,15.5538025
1997-06-22,21.800507,18.95343,20.374115,18.612335,22.811523,21.3107,21.138062,18.771667
1997-06-23,23.997894,17.219513,20.836304,23.069733,23.7388,19.39151,22.034943,16.225647
1997-06-24,22.27359,16.358002,20.851257,21.70581,23.208374,16.033844,19.190216,17.550629
1997-06-25,22.742462,16.506744,21.112091,20.562012,22.848663,14.69278,15.713257,23.043121
1997-06-26,22.175018,17.843353,22.755066,21.356232,23.322662,15.50528,18.485596,24.152283
1997-06-27,25.276276,19.781036,24.386902,20.494843,22.88385,16.983795,20.715057,20.602448
1997-06-28,28.231476,20.18164,21.892487,20.937897,21.666382,20.808746,24.177032,22.168
1997-06-29,29.77945,19.446686,21.891602,22.932251,22.246735,23.032623,24.19693,22.445679
1997-06-30,28.838623,19.285187,22.305603,22.719574,23.772491,21.254547,21.00534,19.227234
1997-07-01,25.845703,19.358429,23.0737,24.120056,23.167725,22.652008,17.190308,16.536926
1997-07-02,24.439575,19.739868,21.091095,24.02716,21.28244,20.40982,18.229797,17.011902
1997-07-03,22.458313,20.374725,22.509003,23.168488,23.434814,19.507477,18.750793,17.37973
1997-07-04,20.043915,21.47641,26.773834,24.265747,24.851288,19.801422,21.415497,17.708313
1997-07-05,18.75534,20.681732,21.888336,23.812836,26.101227,19.790192,20.445587,21.228973
1997-07-06,20.324097,21.288666,21.311523,22.61493,26.65335,19.007233,18.597504,23.08081
1997-07-07,22.450653,22.658356,22.75,21.773651,25.333435,18.229889,18.346924,17.87439
1997-07-08,23.71872,21.35147,25.967285,21.586517,24.761108,20.141266,18.999512,18.05243
1997-07-09,25.855927,21.741608,24.661682,21.86026,21.201294,20.925201,19.163483,20.417175
1997-07-10,24.925568,22.04898,24.523865,22.246246,21.92453,19.35025,19.7919,20.31131
1997-07-11,22.009857,21.36737,25.578705,22.096252,23.147095,19.116852,14.865295,25.52417
1997-07-12,22.931732,20.407654,26.02008,23.426727,22.883575,20.578522,19.510315,26.213928
1997-07-13,24.606598,22.091583,25.442444,23.373444,25.901825,21.382477,21.92517,25.498291
1997-07-14,24.06137,21.987518,23.796143,20.714874,29.157135,21.609772,23.855682,22.485199
1997-07-15,22.47287,22.152649,23.322845,22.193115,29.119324,21.130768,22.524933,23.118164
1997-07-16,23.156769,22.103607,23.891083,22.771637,27.802979,19.409332,19.30832,24.273804
1997-07-17,24.26883,22.55252,23.789276,24.256104,25.005768,19.030426,18.234863,25.791412
1997-07-18,27.35794,22.566895,24.989197,24.694733,23.084076,18.575592,18.178955,23.946625
1997-07-19,25.906342,22.405426,25.483124,25.708069,22.567352,19.660553,19.456848,19.612518
1997-07-20,24.163605,23.00351,25.27356,25.035675,22.4505,21.870026,21.30252,18.176117
1997-07-21,24.421356,23.801971,25.068085,26.798645,21.728668,23.239166,22.50879,15.528809
1997-07-22,23.551361,23.723816,24.795868,24.124146,20.96637,23.809235,22.708374,17.85962
1997-07-23,24.30661,24.068024,25.42389,21.990723,22.506317,23.44278,23.577759,19.453949
1997-07-24,24.807465,24.09494,26.481354,22.03833,25.532288,20.488678,26.732635,23.207825
1997-07-25,24.100555,24.266144,26.666168,22.04892,24.792816,21.057037,28.270355,22.615448
1997-07-26,24.410217,23.647034,26.10669,20.2872,24.919159,20.708649,25.125488,21.281189
1997-07-27,22.644318,24.404022,25.314331,20.0542,24.131805,23.948395,24.059448,18.63919
1997-07-28,23.328583,25.092987,25.113586,21.995758,24.056885,23.037994,21.2677,19.776093
1997-07-29,22.515656,25.481964,25.340149,22.909546,24.867218,26.922028,21.425629,20.792084
1997-07-30,24.162994,24.2247,26.665436,21.19165,25.645294,25.62564,22.617126,21.119476
1997-07-31,25.220184,23.302765,27.088013,21.739868,25.521057,24.026764,23.967041,24.18637
1997-08-01,25.37857,23.750519,27.216644,23.095612,25.012207,24.563873,24.796051,21.905884
1997-08-02,25.693512,23.508179,29.119751,24.30243,25.424072,27.538727,24.851227,22.100433
1997-08-03,24.294159,23.988617,26.773895,23.983887,26.132843,27.767242,23.874725,23.03653
1997-08-04,22.49643,24.866821,25.275116,24.135925,27.237122,25.213776,24.56018,22.753845
1997-08-05,26.528717,25.67334,24.665497,22.656433,27.370483,24.637604,25.514923,22.230133
1997-08-06,22.352844,25.513794,25.872284,20.96521,27.537659,21.143463,26.320282,24.67868
1997-08-07,19.940704,22.123291,26.450409,21.99707,28.011292,19.450348,26.259705,25.030182
1997-08-08,19.79599,22.562164,26.145172,22.278595,26.819366,19.86441,26.932281,25.01648
1997-08-09,20.666107,22.893585,25.99292,22.342194,23.883331,19.778229,27.049683,19.744629
1997-08-10,21.662567,23.389618,27.087067,22.756561,25.10025,21.223053,26.982147,22.70996
1997-08-11,22.736328,24.83902,27.608307,21.619171,25.39804,22.32315,27.25177,21.944763
1997-08-12,25.059326,25.778595,27.753143,21.617615,23.474304,20.316559,26.557098,15.661377
1997-08-13,26.265106,25.264435,27.503174,20.388062,25.406189,20.686676,23.749695,13.732849
1997-08-14,26.993378,24.32846,28.333496,20.013763,27.043701,19.769684,24.464142,18.211395
1997-08-15,27.19925,24.941315,29.048462,21.031525,25.95874,18.398102,25.838074,20.829163
1997-08-16,25.618988,24.975677,26.579071,19.706635,25.020111,18.555328,26.430603,23.79654
1997-08-17,25.073395,25.496216,28.565826,19.401672,19.948975,18.660797,27.28003,17.324524
1997-08-18,25.66391,25.982697,26.69394,20.772339,20.531921,19.584625,27.821045,16.142944
1997-08-19,26.299774,25.504486,26.612366,17.39862,20.738281,22.069244,26.602936,16.589966
1997-08-20,27.331146,26.357574,27.422363,20.903381,24.747131,25.20987,27.191895,19.503204
1997-08-21,27.606018,24.734161,27.045776,25.031128,24.550781,26.193268,24.509552,18.942596
1997-08-22,27.66446,22.395294,25.924469,21.934265,23.928284,26.542633,18.26715,22.824982
1997-08-23,27.067902,20.77536,25.22522,19.98761,23.691376,25.497467,18.747314,16.431732
1997-08-24,24.00534,21.986969,25.998016,20.251465,23.799225,20.698395,19.838318,15.905121
1997-08-25,24.237122,23.151764,25.802246,21.12619,22.319794,19.234283,21.359802,15.54129
1997-08-26,24.985626,22.166168,25.455658,21.558594,22.959686,19.565826,22.909607,14.727173
1997-08-27,23.93747,22.782043,25.529694,22.652008,25.211823,19.899323,24.556519,14.976837
1997-08-28,28.347504,23.44577,25.91565,24.021942,27.00467,20.967682,25.216125,17.447754
1997-08-29,21.27591,25.424713,27.319305,23.439087,23.943817,20.979889,25.285614,18.644562
1997-08-30,16.011353,23.047821,26.500214,23.687408,23.892883,18.985748,24.581146,17.950714
1997-08-31,18.868317,22.67868,24.59671,22.353912,26.089233,18.932281,25.72763,17.10495
1997-09-01,19.534912,22.727814,23.799591,23.148468,25.740143,20.25821,23.29358,15.902649
1997-09-02,18.83139,23.331879,24.385681,23.9516,23.014313,24.105377,21.88327,15.958252
1997-09-03,20.066437,23.17215,25.416748,20.593323,22.761536,21.433746,24.469116,16.994415
1997-09-04,21.424438,21.825714,26.7146,22.850494,23.260773,19.58316,25.93396,18.381104
1997-09-05,23.337158,21.540497,24.822784,22.614655,23.825378,22.355865,23.932098,19.93509
1997-09-06,24.688263,21.75885,20.467651,20.789276,25.07782,25.136139,18.555176,20.660034
1997-09-07,23.959717,23.854767,20.659271,20.656586,25.47052,25.319244,14.571686,20.735779
1997-09-08,19.04123,25.272797,23.103455,21.392242,21.331177,23.294586,14.889191,23.283875
1997-09-09,18.602325,25.17163,26.134827,23.70636,18.721588,25.222076,16.5755,22.377441
1997-09-10,20.207489,22.49527,27.276855,24.030182,14.773804,23.433502,18.978668,19.33432
1997-09-11,21.647552,23.650543,27.701294,25.23758,17.938538,21.872467,22.428986,15.424622
1997-09-12,22.294525,23.953918,28.3154,24.361572,19.600555,20.457184,23.082489,20.595459
1997-09-13,21.56134,22.058197,24.94162,23.958801,19.03418,16.675446,21.064972,22.054535
1997-09-14,20.492798,23.073456,22.456787,22.420532,17.091461,14.07608,20.093536,15.940094
1997-09-15,17.96048,23.134308,21.545135,22.580505,18.822327,15.264801,25.289368,13.910889
1997-09-16,19.70987,23.935791,26.807892,23.097626,18.90921,15.14859,26.137085,15.234253
1997-09-17,21.55542,22.738556,22.847656,23.041718,17.446503,19.430084,19.625977,14.309479
1997-09-18,23.589203,24.075592,19.638336,20.679504,18.81009,16.619293,15.232269,19.632568
1997-09-19,24.240387,25.255615,20.547028,19.83252,18.532318,17.150787,17.392914,15.554382
1997-09-20,24.4357,25.101715,22.45642,21.201324,19.802582,14.792877,20.239899,12.920197
1997-09-21,14.081604,24.765991,21.54477,21.727692,18.957092,13.188629,18.368744,11.842407
1997-09-22,12.906586,22.71402,19.13034,22.384521,20.87378,13.438629,21.325348,11.098907
1997-09-23,15.39978,17.709991,20.196045,20.677063,19.566254,15.039459,22.320007,11.563263
1997-09-24,18.831879,17.25708,23.068146,21.192719,18.069946,17.335846,19.181366,12.529633
1997-09-25,20.26831,20.082,19.534332,18.917297,21.673126,15.895416,17.687988,12.329651
1997-09-26,22.865662,22.749298,19.755707,16.900665,14.919617,14.694489,15.773163,14.041779
1997-09-27,18.148193,23.83902,20.41977,14.737671,11.101776,14.527008,16.013397,18.139832
1997-09-28,18.341064,21.848785,19.854095,13.525391,14.138245,16.069489,17.266998,15.21814
1997-09-29,18.496552,23.318604,21.138275,13.5486145,16.751984,14.605133,18.471283,10.40332
1997-09-30,18.958893,23.451721,22.182434,13.075348,18.659027,10.599274,20.907166,9.27713
1997-10-01,14.454559,24.2211,22.364044,13.8688965,21.21756,8.199371,19.742096,10.896576
1997-10-02,10.990265,22.693756,22.414917,15.041046,23.092468,7.8683167,9.700562,5.917755
1997-10-03,13.780457,17.893158,23.323364,16.733154,23.241852,7.3399963,7.529846,7.661072
1997-10-04,15.318878,17.30899,20.196869,16.583374,22.009186,7.8609924,10.108978,12.086487
1997-10-05,18.384674,21.463776,18.828217,15.318817,20.298645,8.591949,13.090057,13.119446
1997-10-06,21.315826,19.632965,20.277191,15.147186,16.183167,9.235504,15.531189,17.583893
1997-10-07,19.09964,15.905548,20.622253,16.540466,8.175537,12.357819,15.405243,13.998016
1997-10-08,16.014679,17.02713,21.975067,17.692719,10.825104,14.204987,15.709259,11.392975
1997-10-09,15.864502,14.024353,21.191254,16.65274,15.540192,15.111969,9.553619,10.765808
1997-10-10,14.044037,16.497223,18.252014,13.859924,17.365204,15.544586,8.444366,15.128784
1997-10-11,15.27536,15.982269,19.483246,12.64798,19.162567,16.133942,13.320618,14.650024
1997-10-12,14.640717,16.56424,20.31424,16.233917,21.108398,19.008698,14.144012,12.775391
1997-10-13,12.061096,17.957733,18.961548,14.806824,21.897766,14.798981,7.0851135,15.203583
1997-10-14,11.89917,17.29956,19.991272,14.698425,16.183533,12.072662,3.6871948,14.433289
1997-10-15,15.756378,17.345612,21.730743,14.728088,7.390259,10.397369,5.43869,8.07724
1997-10-16,16.380463,18.863556,22.658386,16.273407,8.853668,11.236481,9.166016,13.56781
1997-10-17,16.90744,19.56784,18.196533,12.5555725,11.031342,15.021637,13.250366,11.309143
1997-10-18,17.980682,18.897125,17.424408,9.273865,12.603821,11.223785,14.274353,8.411224
1997-10-19,19.756042,17.524567,20.17102,7.7315063,15.743378,9.071442,15.970734,10.367004
1997-10-20,16.337067,16.936188,12.861176,15.935608,10.866852,10.078033,13.043884,9.743011
1997-10-21,10.628082,19.475616,13.947693,15.173828,10.442444,8.683746,9.546387,6.7808228
1997-10-22,12.491211,19.848328,15.617432,12.349762,11.6779175,5.521637,9.4921875,9.246063
1997-10-23,13.683685,20.651398,16.69522,12.391968,12.102753,4.8451233,9.895172,7.397583
1997-10-24,15.505127,15.866852,14.688019,12.511963,10.118469,4.861725,10.878906,4.2690125
1997-10-25,18.387543,14.062592,18.668152,17.020782,10.5877075,5.1959534,10.944275,8.847931
1997-10-26,19.666504,15.7621155,15.561401,15.871246,10.304596,6.1080627,11.201935,7.9937134
1997-10-27,20.707,18.694458,13.228363,11.560883,1.2505798,8.994049,11.083801,8.38147
1997-10-28,17.316742,17.686066,16.04245,11.137421,0.5949402,11.587555,11.350616,8.801514
1997-10-29,16.007751,17.942078,14.152588,12.098297,2.9373474,17.447906,12.364868,5.524475
1997-10-30,13.631622,14.749512,12.751221,12.614685,7.110077,16.043365,14.50885,7.7190247
1997-10-31,8.43808,16.486237,13.951447,13.069,9.170593,14.220123,15.543854,10.660034
1997-11-01,9.593597,13.856476,17.154327,13.3013,10.773773,11.679108,12.181946,5.4830933
1997-11-02,11.951752,12.602997,18.662598,13.4522705,6.0844116,7.606842,9.172974,11.060516
1997-11-03,9.326447,8.877472,14.04953,12.235596,1.9813232,7.504059,12.352631,5.5539246
1997-11-04,7.211853,8.482819,12.550751,15.143799,3.6592407,7.613922,14.80423,3.3735962
1997-11-05,8.022308,10.26178,12.159821,17.03067,2.1187134,3.6507874,12.485138,4.9834595
1997-11-06,6.3607483,11.711517,11.897125,17.260803,3.3961792,4.2965393,12.680389,4.3852844
1997-11-07,0.7835388,11.993561,13.140564,9.17627,8.063385,2.7367249,3.9043274,5.620819
1997-11-08,2.2105408,14.0885315,15.945984,4.5339355,10.375061,2.2657776,2.9442139,1.6742859
1997-11-09,3.36557,19.373932,14.95224,4.398285,17.571655,0.64663696,3.6868896,1.1953125
1997-11-10,3.0968933,10.733917,11.90744,1.7859192,12.656891,0.28530884,6.4469604,4.046753
1997-11-11,4.24765,6.9672546,13.227844,3.91922,7.334503,0.1078186,9.79483,9.451782
1997-11-12,5.7087708,7.0972595,17.1391,4.6606445,2.1483765,-0.12606812,9.584839,14.191925
1997-11-13,8.167297,5.812622,15.3576355,5.8379517,3.1250305,-0.39486694,9.10614,8.808502
1997-11-14,12.113556,5.383728,11.762207,6.5358276,7.3193054,0.41983032,8.254974,13.944214
1997-11-15,4.157898,2.9821777,12.625458,6.949402,10.452972,1.132721,0.8867798,7.289734
1997-11-16,3.2471924,6.73114,10.959503,7.6526184,9.815186,0.9642639,7.2138977,2.083191
1997-11-17,0.8731079,2.8015442,9.724609,5.8523254,5.671875,0.7286682,8.705597,-0.306427
1997-11-18,0.02420044,4.624878,13.1492,4.474701,4.0786743,0.7635803,0.42300415,4.0288696
1997-11-19,0.10861206,8.293152,11.600708,4.3283997,5.4281006,-0.1878357,1.6877136,3.4992065
1997-11-20,-1.1028137,7.781311,8.602234,5.976715,7.0068054,-1.3448181,3.6961365,5.254883
1997-11-21,-3.1490784,6.315399,11.37439,7.6950073,6.8628845,-0.57724,0.22097778,4.9684753
1997-11-22,-2.6774597,5.282196,11.124451,12.644165,10.040619,-1.4341736,0.61343384,3.6606445
1997-11-23,-0.6984558,13.725647,14.287872,8.134003,5.937042,-3.3016052,5.310425,1.98526
1997-11-24,2.8631287,11.379059,9.354736,6.02713,-5.3981323,-2.8440857,8.139954,0.9099121
1997-11-25,6.251465,11.056122,10.020111,8.144867,-7.11615,-0.087249756,6.757538,5.443634
1997-11-26,7.4026794,14.405853,13.38031,9.746887,-7.3894653,2.7862854,12.342804,4.735382
1997-11-27,4.4735107,14.860016,13.135803,7.1283875,-7.490753,1.9042053,14.506989,0.7575989
1997-11-28,4.766876,16.843231,16.146698,12.014709,0.44525146,0.33120728,12.6562195,-0.97891235
1997-11-29,1.2160339,12.509613,13.945862,14.883606,0.69311523,0.4083557,11.916473,4.6557617
1997-11-30,-0.09844971,5.231476,18.434692,6.497223,-0.45669556,2.497467,5.1260376,2.8849487
1997-12-01,1.0915833,4.8425293,7.692932,7.0553894,-2.3251343,1.3519592,1.7522278,3.618805
1997-12-02,0.90444946,4.5638733,4.501343,9.417725,-1.4047546,-1.5594177,4.320465,1.4419861
1997-12-03,4.662201,7.276825,6.154419,10.782166,2.2204895,-2.617035,7.0431213,5.281372
1997-12-04,-1.1681824,4.137787,11.595642,7.447998,0.4716797,-1.7481384,1.5603638,3.6557312
1997-12-05,-3.8963318,-0.45388794,17.241943,9.790253,0.28527832,2.9776917,6.215332,0.7409668
1997-12-06,-1.6781311,2.3330383,13.999329,7.910614,3.423523,4.9671936,8.341248,0.8229675
1997-12-07,-1.8386841,1.3356934,8.685059,2.5283203,-4.5816345,9.361481,10.085632,0.602417
1997-12-08,-3.372467,2.651947,7.227783,1.4436646,-7.5541687,7.597809,13.352936,0.34973145
1997-12-09,-3.7652283,2.4372864,8.497772,0.77563477,-7.6539307,3.6700745,3.9933472,-1.0918884
1997-12-10,-1.9154358,3.6246033,14.039795,2.5142822,-4.6907654,2.888092,-0.40112305,1.1646729
1997-12-11,6.4989014,8.218475,3.2180786,1.4702148,-6.5178223,6.3334045,1.8520203,-1.6074829
1997-12-12,0.6857605,5.869629,4.1347046,2.150879,-6.7842407,10.335114,0.029052734,-1.3193665
1997-12-13,-1.9719543,2.2812805,12.710022,5.0762634,-7.4043274,2.686676,-0.8458557,0.44180298
1997-12-14,-2.0733032,7.792816,13.919861,7.0556946,-7.343994,-4.3423767,-0.004180908,-3.537262
1997-12-15,-6.030548,9.677277,4.1146545,9.307587,-6.444336,-5.9983826,1.3349915,-1.8260803
1997-12-16,-8.347748,3.5087585,3.4873047,3.0803528,0.7943115,-4.832367,1.4075317,-1.0194702
1997-12-17,-6.596222,0.4621277,2.3520508,0.8533325,-12.649475,-3.7359314,3.6290588,-2.3698425
1997-12-18,-6.9794617,-1.2536316,1.9141846,1.6494141,-12.55484,-2.5074158,8.316437,5.6051636
1997-12-19,-7.733307,-4.4711914,3.3191223,0.02407837,-11.115326,3.3346252,1.5039368,-0.5196228
1997-12-20,-6.7099915,-5.957245,6.5709534,-1.467804,-8.445099,10.601471,0.7809448,-2.1152039
1997-12-21,-8.462067,-1.598114,6.384186,-0.37353516,-5.1059875,1.9969788,2.409851,0.7807007
1997-12-22,-6.8109436,-0.14553833,6.3666077,-1.7252502,-2.4022522,-0.42807007,0.46002197,0.2970581
1997-12-23,-1.6560364,4.316223,6.558563,-1.9875488,-5.1180725,-0.94833374,3.5016174,4.7980957
1997-12-24,-4.5975037,2.2218323,10.263977,1.5176392,-4.4175415,-1.0115662,9.665283,1.406311
1997-12-25,-7.058563,0.7888794,8.7934265,8.190887,-5.556671,7.2062073,10.418304,-1.5234375
1997-12-26,-7.6020203,2.3868713,5.1879883,-0.5036316,-5.0513306,-1.4519958,5.240448,-2.8816223
1997-12-27,-10.585724,2.2630615,0.47329712,-0.6904297,-1.7755737,-3.9236755,2.3242493,-2.0738525
1997-12-28,-7.179535,1.3232727,0.4944458,-1.4457092,-2.8678894,-4.177826,-0.9786072,-1.1111145
1997-12-29,-4.766144,-3.7721863,2.891327,-1.5096436,-9.3385315,4.190338,-1.5746765,-1.6798401
1997-12-30,7.668396,-2.7774353,5.4344788,-2.314911,-9.466827,11.253326,-2.1193542,-0.8835144
1997-12-31,-1.3921509,2.7241516,3.1054382,-4.5395813,-7.4642334,5.586334,-0.68270874,-1.6773376
1998-01-01,0.075653076,3.3717957,3.217682,-3.7922363,-6.558197,-3.1116638,0.23535156,-1.1791077
1998-01-02,5.863556,-0.838562,5.6603394,-4.396057,-3.8102417,-2.1739197,0.22207642,-1.8103333
1998-01-03,-1.3788757,-2.707306,11.865753,-4.7641296,-6.2674866,-2.8997498,0.7888489,-9.68692
1998-01-04,-2.9514465,-2.9364624,14.981415,-5.900177,-7.6004333,2.462555,0.31027222,-12.547913
1998-01-05,-2.0775452,7.393158,12.2508545,-1.0176697,-7.897461,5.3351135,-0.576416,-4.7979126
1998-01-06,-6.5526123,11.432831,6.5353394,-7.346283,-6.3655396,-4.0159607,-1.615509,-1.2044983
1998-01-07,-4.7851257,8.538422,3.5338745,-7.1466064,-7.7358704,-8.033051,1.587677,-3.5158386
1998-01-08,0.37283325,0.31332397,2.25766,-4.6835938,-8.072327,-8.244232,1.9998474,-8.913544
1998-01-09,-3.7782898,-0.7815857,5.222687,-5.0596924,-7.490448,-4.3592224,5.1333923,-7.8408813
1998-01-10,2.5810242,-2.084076,7.2655334,-6.221039,-12.621429,-3.2605896,8.832336,-6.1644897
1998-01-11,-6.4958496,-3.8647766,4.919342,-6.2284546,-12.578033,-12.79306,15.723236,-1.7654114
1998-01-12,-14.084076,-2.8788452,6.1647034,-3.5783691,-8.973572,-12.425873,5.444916,-3.7105408
1998-01-13,-11.781586,-1.473053,9.174683,1.5347595,-11.619171,-10.61557,2.868164,-8.117645
1998-01-14,-2.1963196,-4.2535095,8.6657715,2.5530396,-12.686615,-1.1602478,3.5419922,-5.934082
1998-01-15,5.101532,-2.0421143,-0.26275635,1.8871765,-11.370056,-1.8130798,12.691193,-0.15576172
1998-01-16,9.422852,-0.27734375,-3.5305176,1.2977295,-10.987518,-11.836517,8.444397,-1.3172302
1998-01-17,1.3022766,-3.0852966,2.1514587,-1.1531372,-5.3200684,1.6820374,1.5559387,0.68240356
1998-01-18,-9.362061,-5.530365,4.3213806,-2.6644287,-8.225739,0.8363342,3.0805664,-0.39074707
1998-01-19,-6.4106445,-5.344452,7.5395813,-4.186798,-11.995392,6.3331604,4.9052124,-2.6305847
1998-01-20,-0.710083,-6.1488647,14.185913,-4.83136,-12.761017,1.098053,9.313385,-6.4981384
1998-01-21,-4.642914,-1.000885,2.1710205,-4.9200134,-0.31982422,-7.5655212,5.936493,-9.516998
1998-01-22,-7.535858,-1.8183899,-1.5802307,-7.5911865,-4.340027,-8.316986,1.1070251,-13.463348
1998-01-23,-10.397736,-4.1629944,-0.7454834,-9.994507,-4.3410034,-4.898529,0.5380249,-12.187103
1998-01-24,-13.767731,0.90060425,4.061798,-8.466644,-18.402267,-0.19320679,0.9472351,-3.2846375
1998-01-25,-11.736908,6.874756,8.328278,-0.19921875,-17.148987,-1.186615,1.2215576,-5.0608215
1998-01-26,-7.230896,6.6309814,5.048767,0.075042725,-10.478943,-5.8526306,5.019165,-5.776245
1998-01-27,1.920105,-1.2323303,4.226532,-4.161743,-6.6394043,-2.257904,1.1545715,-8.7691345
1998-01-28,-11.672028,-4.4864807,9.490234,-8.61026,2.7416992,-0.41244507,-2.2834473,-2.3945618
1998-01-29,-6.7721252,-3.8430786,6.4562073,-8.46814,-16.950867,1.6752014,-2.7424316,-6.3707886
1998-01-30,-4.2506104,-1.4238586,-0.9883728,-5.595886,-17.146515,3.7530823,-0.8623657,-10.227356
1998-01-31,-11.964325,1.0483398,3.8635254,-12.187988,-14.647247,4.3021545,-2.2420044,-10.28241
1998-02-01,-8.466614,-1.322052,6.2745056,-9.060211,-6.7328186,5.1913147,-5.820343,-10.626709
1998-02-02,-4.33078,-0.26382446,2.46875,-8.177429,-1.64505,2.023346,-1.4212341,-6.3328247
1998-02-03,-0.4125061,-4.4930115,-3.9519653,-10.811127,-7.849823,6.330719,-3.8973694,-1.7232361
1998-02-04,-3.0822449,-7.3348694,3.572235,-7.321747,0.50857544,-1.8594666,-4.8685913,-4.007324
1998-02-05,-8.16098,3.7209778,5.3609924,-2.485962,-5.991028,-3.8858337,-2.1322327,-11.9758
1998-02-06,-8.757965,-1.3456421,-1.6630859,1.3105774,-11.347687,0.024810791,-3.869049,-3.9632263
1998-02-07,-8.167816,-3.973053,7.490692,3.8044434,-3.0548096,0.1937561,-2.0690918,-9.8211975
1998-02-08,-8.011566,0.45733643,13.24057,-0.7573242,5.273773,-3.7662048,-9.516541,-10.885742
1998-02-09,-5.0520325,1.467926,5.4341736,-4.862976,2.706543,0.73843384,-4.3196106,-13.276764
1998-02-10,-7.1871033,4.49942,0.0034484863,-5.678711,-6.220581,3.816803,0.08807373,-12.331787
1998-02-11,-1.4673767,3.6560974,2.1262817,-4.3375244,-0.5467529,1.3026428,-0.14752197,-3.9612732
1998-02-12,-1.2494812,2.4250183,5.285675,1.7094727,-5.918274,-2.665863,3.4404907,-10.458435
1998-02-13,-7.365448,-4.9239197,9.448578,-1.3302917,0.10079956,-10.024506,7.9023743,-12.740906
1998-02-14,-9.22821,-1.5091248,9.870361,4.475525,-5.776123,2.0751038,6.740906,-9.781769
1998-02-15,-1.7580261,5.6171875,9.726898,11.623596,-6.876892,-6.2080994,1.4124146,-7.648163
1998-02-16,-7.430481,7.4656677,10.615234,7.2590637,-8.976318,-13.606293,0.03729248,-3.8015442
1998-02-17,-12.603027,0.5760193,9.233704,3.8765259,-13.463745,-5.415619,11.212341,-1.7257385
1998-02-18,-12.493866,0.4451294,9.630188,2.1078796,-8.424744,-9.08139,9.28949,-2.4207153
1998-02-19,-9.963043,0.6705322,13.213348,0.9086304,-5.7840576,2.729889,10.735596,-3.6135254
1998-02-20,7.3354797,1.0684509,16.242188,5.2790833,-6.296051,8.26651,5.0166626,-3.8982239
1998-02-21,-4.051178,4.537903,15.960358,3.5981445,-5.87088,2.9440002,6.416504,2.53302
1998-02-22,2.0451355,-6.40329,10.584778,6.105377,-5.854889,0.22280884,8.540558,3.9085388
1998-02-23,-3.308136,-5.1301575,8.217682,1.7727966,-6.397217,9.2135315,1.7197266,4.19989
1998-02-24,2.995697,0.976593,11.095764,0.24551392,-1.7944946,5.547516,2.0924377,-1.175415
1998-02-25,-3.653595,2.5427246,12.042114,-1.1240845,-8.603241,-6.5262146,10.695374,-1.7964783
1998-02-26,-8.911133,1.9216614,6.434845,-3.379181,-0.89505005,-3.7669373,4.4815063,5.867279
1998-02-27,-1.7463989,4.7798767,7.637451,-6.712311,1.559906,-0.5352478,5.2325745,0.302063
1998-02-28,0.34350586,1.360321,12.404694,-6.231842,-5.609741,0.49526978,3.6538086,-1.4925842
1998-03-01,2.08786,2.8735046,8.191467,0.21557617,-1.4226379,-5.2085876,7.415558,1.9772339
1998-03-02,2.3572693,-0.04537964,6.6159363,1.1087646,-0.32946777,3.3876038,1.0563965,3.0630798
1998-03-03,-2.8556824,-3.318512,10.674225,-0.7038269,1.888794,13.667633,3.0193481,-3.4042969
1998-03-04,5.4444885,-2.0132751,10.381744,-2.882019,1.2789307,4.2218323,7.952362,-5.8884277
1998-03-05,-4.5335083,-0.29092407,8.417999,-3.1182861,-1.539917,-0.5274353,13.372864,-1.3223267
1998-03-06,-8.086578,1.0047913,6.692169,-2.844513,5.154724,-3.0625916,2.6490173,3.9003906
1998-03-07,1.846405,4.760895,6.0295105,1.0388184,0.8788452,1.6659241,5.524048,10.68457
1998-03-08,5.7675476,4.558197,6.3440247,3.6385498,-0.598114,3.3121643,14.291351,-2.8277893
1998-03-09,10.049805,4.833618,8.320709,-0.52838135,-8.255951,5.588043,15.463013,-2.1170044
1998-03-10,11.113342,7.3600464,0.15063477,-2.432434,-9.045715,0.6090393,19.368713,-0.54696655
1998-03-11,-4.1905212,0.837677,0.22592163,-2.4120178,-4.49881,1.4579163,16.803833,0.2647705
1998-03-12,-3.9775696,4.56662,8.515991,-0.72595215,-2.338501,1.3136292,13.166046,1.0519409
1998-03-13,1.9168091,7.091278,5.643036,-0.50372314,-2.529602,1.5084534,11.829468,2.0459595
1998-03-14,-2.1823425,-0.27560425,6.947632,0.022155762,-2.4804382,2.7799377,8.544098,4.0515747
1998-03-15,-6.003479,1.2489319,7.7478333,1.5412598,2.657318,3.5902405,11.384827,1.8382568
1998-03-16,0.20993042,4.6213684,1.3945007,3.575653,1.5845337,0.3163147,14.291199,1.4602661
1998-03-17,4.8502502,2.347931,2.7833862,5.9708557,-1.902771,-5.7657166,13.278503,-0.28375244
1998-03-18,5.8146057,2.2368164,8.612274,7.302582,-3.0285034,-0.8164978,5.634491,-0.7459717
1998-03-19,-2.5359802,7.5744324,9.60318,12.79364,-2.8857117,6.4388733,4.919525,-0.4647522
1998-03-20,-1.2783203,2.7326355,11.959076,7.8009033,-1.0020447,7.384674,8.188843,0.23675537
1998-03-21,5.846283,3.2869568,12.290558,5.2246704,5.5949707,4.3922424,18.143738,5.9632263
1998-03-22,-0.4109497,2.373932,12.21875,2.5237427,-0.28622437,4.385895,14.591034,-2.1308594
1998-03-23,0.10952759,3.2473145,11.3941345,2.416626,6.1544495,4.233795,11.511597,-4.346649
1998-03-24,2.3117065,6.865082,13.098999,3.8922424,13.151184,3.1244202,6.055084,-0.6792908
1998-03-25,5.205963,6.709564,9.291901,4.1792297,16.479156,3.7069397,3.094757,-2.3457947
1998-03-26,1.2991638,7.477417,10.171631,-0.591095,4.3569946,3.5028381,5.445526,2.5083923
1998-03-27,2.368988,7.631073,13.4930725,1.4371338,-0.34875488,5.1976624,14.513245,9.736572
1998-03-28,-1.3427429,7.2192993,17.826935,4.9878235,7.1727295,8.373688,12.646515,8.700287
1998-03-29,-1.6628723,4.8015747,17.4617,6.583618,-0.21490479,0.7401428,8.374237,-0.6869812
1998-03-30,-6.8092346,5.7816467,17.417206,4.6980286,7.4025574,1.4669495,5.957733,-1.6131287
1998-03-31,0.06021118,-0.30838013,11.477661,3.699585,8.907501,2.5091858,5.974701,1.2450562
1998-04-01,2.6699524,-1.9385376,6.8606873,6.5399475,0.8110657,4.1214905,12.938629,8.537994
1998-04-02,2.5589905,2.0671082,10.199921,7.1075134,1.5503845,4.6297913,8.13858,7.444214
1998-04-03,4.1513367,4.573456,15.521057,7.2665405,2.7165833,6.5624084,0.96969604,8.126068
1998-04-04,7.33609,4.7612,11.015961,6.967865,3.541504,7.269684,1.8027039,3.2806091
1998-04-05,10.590057,10.410645,8.695007,9.293793,4.616211,6.754303,6.1996765,2.5691833
1998-04-06,12.751373,6.639984,13.939484,10.327484,4.5165405,8.718658,12.328461,3.0411377
1998-04-07,8.4001465,5.1597595,13.002197,10.076263,8.298737,13.829498,15.322968,3.2480164
1998-04-08,7.305237,4.539276,14.291901,11.06604,5.43573,14.124176,15.763275,2.594574
1998-04-09,5.4303284,4.970581,15.275757,9.991394,11.484558,3.486969,9.302002,3.5384827
1998-04-10,1.7826843,6.456848,15.772522,7.0315857,6.4017334,6.624176,8.44223,3.7325134
1998-04-11,3.6753845,9.256256,18.404846,8.550079,3.2352295,14.171539,9.243713,4.2544556
1998-04-12,5.9425964,8.589569,18.782104,10.347168,0.040893555,11.818756,13.772949,7.7087708
1998-04-13,11.300293,5.7476196,15.249908,12.02478,1.1765747,4.049469,12.988007,12.964325
1998-04-14,12.810028,6.2049255,14.273865,11.584015,1.567688,4.7501526,9.748077,6.0272217
1998-04-15,8.856506,9.522736,13.205994,12.646759,0.32806396,8.44693,12.874329,6.6589355
1998-04-16,-1.1498413,9.947815,11.477295,8.480621,0.23675537,9.7933655,14.27536,8.169403
1998-04-17,2.0566711,7.7767334,12.7221985,12.450073,-0.4873352,9.35318,9.235748,14.335785
1998-04-18,9.05777,6.1824036,15.680664,14.701569,0.037902832,10.368561,8.822998,9.897675
1998-04-19,13.839844,7.036743,17.497253,12.84729,2.0072021,9.758942,10.675446,9.546356
1998-04-20,14.956757,7.366638,15.675873,13.150177,5.566101,10.569733,14.585114,8.648102
1998-04-21,7.801178,8.99704,12.920288,10.664185,7.215515,11.846832,14.421539,11.687317
1998-04-22,8.71347,9.431091,10.916809,7.816925,2.181549,10.427399,11.798401,14.190979
1998-04-23,6.536957,9.73584,11.1315,11.18161,0.63397217,9.759674,5.750122,8.377472
1998-04-24,5.250885,11.601044,11.677216,11.515045,1.210907,10.612946,8.482086,11.807159
1998-04-25,9.741791,11.711243,15.086639,14.270172,1.7640991,12.564606,15.717651,10.6250305
1998-04-26,12.622894,12.91333,18.600616,12.161133,3.589508,13.408844,12.838379,9.8689575
1998-04-27,2.3019714,12.074554,17.693329,12.902435,5.3187866,5.857086,11.846527,11.95105
1998-04-28,1.3390503,10.51236,16.586395,13.814484,8.148712,6.3893127,15.21167,13.918701
1998-04-29,5.471588,12.512604,15.546448,13.56012,10.9843445,8.525055,19.524628,14.892609
1998-04-30,7.7015686,11.783264,16.6763,10.937958,14.995392,10.74942,20.769318,14.656342
1998-05-01,11.34729,10.707977,17.627563,9.892059,15.01828,12.471588,13.816193,6.12323
1998-05-02,14.691803,11.259674,18.46457,11.482147,7.614258,12.714996,12.119446,8.469116
1998-05-03,16.707916,9.698181,13.573425,11.362274,14.110138,9.937164,12.113007,12.282837
1998-05-04,17.830597,9.631744,12.440277,12.506836,18.45813,11.549469,13.747192,12.606689
1998-05-05,16.478912,9.796783,12.730164,12.557556,13.765259,14.184723,13.28244,15.203308
1998-05-06,17.069458,10.772125,15.388336,12.573547,7.6337585,15.316315,12.756897,8.981567
1998-05-07,17.15799,9.905304,23.725403,14.522705,13.172363,14.891754,18.984589,7.096344
1998-05-08,19.791534,9.121246,19.619446,15.5937195,17.956299,10.516266,19.63974,7.368103
1998-05-09,13.244446,8.9808655,16.162659,16.067566,20.001404,14.259186,15.898865,9.649017
1998-05-10,10.912598,11.627533,14.70285,10.974304,19.829193,16.986237,8.866821,9.644012
1998-05-11,13.937408,11.441711,16.177338,10.3703,21.904724,10.194733,9.900635,14.161896
1998-05-12,18.391144,12.639557,18.433289,11.067657,20.238617,11.64566,17.508606,16.467377
1998-05-13,23.337433,13.142609,21.400238,13.582092,14.550629,13.865631,21.735443,18.975952
1998-05-14,21.419983,12.947693,20.283356,13.890472,12.663818,15.174469,21.402618,15.242828
1998-05-15,19.302002,14.730103,19.264679,15.2951355,12.288208,9.657135,22.284271,9.198669
1998-05-16,20.293793,12.266724,18.004028,15.826965,18.640167,11.9774475,21.478424,8.213013
1998-05-17,19.028961,11.416229,17.398956,15.713776,17.016022,19.010162,22.88855,11.050537
1998-05-18,19.801544,12.724823,17.447723,16.332458,18.80365,21.928375,23.294739,12.934296
1998-05-19,18.737213,14.2335205,17.56009,18.21759,21.06662,21.69986,20.635223,13.008179
1998-05-20,19.143341,12.6788025,16.637878,16.598083,23.220062,21.531403,17.409729,13.335815
1998-05-21,18.459808,12.693359,16.814178,15.406403,22.400726,20.739166,18.195618,15.576721
1998-05-22,12.6521,12.985779,20.356842,14.409729,25.013641,15.656158,12.258362,21.221313
1998-05-23,12.508423,14.585022,21.389862,15.469025,23.74002,13.552155,15.071167,16.61026
1998-05-24,15.103058,14.364563,21.692017,13.656372,17.702057,14.255768,17.980774,12.928497
1998-05-25,15.768463,14.326691,21.861908,14.222015,15.179901,20.506989,18.304901,13.112457
1998-05-26,16.66391,13.558289,21.703156,15.958984,18.02481,20.250153,12.241394,13.829926
1998-05-27,14.327057,14.342987,19.654419,13.252899,17.460144,16.11148,11.23349,13.389191
1998-05-28,15.276825,14.400482,21.295929,13.788147,21.581177,17.35147,10.83606,12.577393
1998-05-29,14.641266,15.33786,21.015228,17.139343,19.423645,18.165436,12.191589,13.534424
1998-05-30,17.468842,15.063232,20.28836,16.419922,17.015717,16.19278,12.447296,13.825134
1998-05-31,16.943634,14.785675,20.860779,17.816254,19.753448,21.254059,14.230286,15.174377
1998-06-01,14.738129,15.932037,21.103394,19.572296,20.396576,22.510162,20.109344,19.241455
1998-06-02,16.197113,16.93689,22.242188,17.863129,12.642181,19.390045,21.27182,20.727173
1998-06-03,14.707123,17.578949,20.847992,14.417664,11.061279,18.266998,21.533508,20.65747
1998-06-04,15.3992,15.484711,20.525604,15.442291,14.14447,18.97818,18.815094,20.969818
1998-06-05,17.762817,16.175507,21.259125,16.263947,15.625122,19.951569,17.952606,21.462982
1998-06-06,17.552063,15.953278,22.230988,17.771423,15.168213,19.471832,20.140778,19.89795
1998-06-07,19.595917,17.126984,21.068817,18.72992,12.475952,17.162018,22.24405,15.969818
1998-06-08,23.359772,17.314117,21.108368,18.048584,13.322815,16.365875,21.534607,16.328918
1998-06-09,23.823303,17.419342,20.499878,15.986908,16.239532,17.341461,21.812805,21.67453
1998-06-10,21.491608,17.081512,22.76419,16.756622,19.764801,13.575348,12.776703,20.071686
1998-06-11,17.682678,17.757355,24.385284,17.790924,20.427643,14.879059,13.6145935,21.073486
1998-06-12,16.676666,18.374298,24.226715,19.153656,22.922638,16.042389,16.675476,19.264252
1998-06-13,19.165558,20.150482,25.158783,19.073334,19.675354,17.38028,21.415863,14.972687
1998-06-14,20.37323,18.659698,24.413544,20.489777,20.913055,18.149567,14.86264,18.98944
1998-06-15,20.356537,18.232208,23.27652,18.506012,21.39087,18.624664,15.648499,14.431671
1998-06-16,19.269012,18.377716,20.679718,18.324677,22.40567,19.76358,15.0000305,16.61676
1998-06-17,17.949738,18.356384,20.06363,19.79599,22.563599,20.318512,19.518799,19.085114
1998-06-18,20.782074,18.619354,20.880127,19.364197,22.704956,20.824371,17.773651,18.266663
1998-06-19,21.691956,16.839355,21.34143,18.12616,25.973907,18.239655,17.600708,18.385223
1998-06-20,15.153717,16.29419,25.13919,17.175262,26.112823,18.519684,16.619537,19.122223
1998-06-21,13.894623,18.441467,23.879913,19.395233,24.264801,18.997711,13.93634,18.76477
1998-06-22,15.236542,18.736847,20.727448,20.3497,23.888733,20.755524,14.409637,19.303802
1998-06-23,15.899048,18.558502,20.316437,19.634521,23.289062,18.126373,18.161163,22.120483
1998-06-24,17.121155,19.617798,19.955994,19.913849,21.84439,15.04483,12.166199,19.589203
1998-06-25,17.901611,20.698456,21.847656,20.942322,22.852356,17.348297,11.137329,20.862366
1998-06-26,18.69577,19.538177,23.400787,21.476227,22.186737,18.395416,17.654358,25.39795
1998-06-27,19.396088,19.806976,22.905914,22.55017,22.462036,21.88443,24.151398,26.602875
1998-06-28,17.960114,19.78714,23.043823,22.338043,21.526794,21.80191,22.546906,25.731903
1998-06-29,17.224823,20.203705,21.598206,19.254364,21.158875,18.690094,22.979767,22.45343
1998-06-30,16.216156,20.51651,21.565094,19.575592,21.350006,17.396881,24.237823,18.507385
1998-07-01,16.421295,20.996918,24.604095,20.827972,25.230835,17.684479,21.68454,17.654877
1998-07-02,16.575043,21.765106,23.563904,22.790283,26.098907,19.997955,17.107666,16.930298
1998-07-03,18.768463,21.932343,23.072693,24.125336,24.966522,20.529205,17.346619,20.571777
1998-07-04,21.575195,21.310333,22.93451,23.455475,23.733368,20.09195,21.976898,24.306396
1998-07-05,24.448456,19.338165,22.415802,21.959686,23.63266,22.899567,20.568573,21.312836
1998-07-06,26.315002,20.824066,22.944977,22.314026,25.100739,24.891022,23.605835,17.261414
1998-07-07,25.216675,20.456024,25.459412,23.38269,27.263123,22.68399,24.735931,17.529327
1998-07-08,25.43222,20.366974,26.292847,23.458557,27.129242,22.542145,22.780487,17.5495
1998-07-09,23.675262,21.42685,26.202332,22.485504,25.055634,22.885895,23.10028,19.82248
1998-07-10,25.177826,22.898956,25.713837,22.4628,24.724792,25.855621,18.46051,24.04422
1998-07-11,22.266449,21.97116,24.825623,25.047821,24.184753,26.947418,17.010895,22.7164
1998-07-12,23.599457,22.09372,24.745056,24.70279,24.738464,26.43692,21.03534,22.962158
1998-07-13,24.945648,22.838898,24.122711,24.827362,25.04779,21.781158,24.979675,21.868744
1998-07-14,26.551392,23.346832,23.977875,24.913452,26.23108,19.462555,23.937164,19.33258
1998-07-15,23.451813,23.050507,23.437134,25.28415,22.540924,19.557526,18.671112,20.214966
1998-07-16,22.430511,23.706573,24.205994,22.505554,24.557709,18.275055,16.567719,24.69809
1998-07-17,22.871796,23.482086,25.098022,22.590057,27.410675,19.830475,20.424011,26.032837
1998-07-18,21.721222,24.191528,24.68274,24.09436,27.681,19.927155,23.465057,22.138397
1998-07-19,20.470306,23.589264,24.632477,24.401184,27.352448,19.916412,23.584778,17.041138
1998-07-20,21.890228,23.767792,24.76767,25.59842,23.85727,20.519196,23.203491,17.671661
1998-07-21,18.289581,23.861267,24.538544,26.128845,28.265167,20.732086,19.045105,17.129456
1998-07-22,18.114044,23.42279,25.205383,21.623138,29.40805,19.696442,20.426178,18.44043
1998-07-23,19.510834,22.02481,25.008179,22.106934,26.837006,19.252838,24.518707,18.697052
1998-07-24,20.758331,21.499634,24.517914,21.692719,23.941925,18.348541,26.136627,19.305481
1998-07-25,20.084015,22.900055,24.604492,23.054749,22.082886,19.721832,26.841217,19.244324
1998-07-26,22.004791,23.801758,25.175476,23.160004,23.95288,21.462067,25.67752,20.44696
1998-07-27,19.563019,22.375946,26.757385,25.083954,23.458344,22.593903,23.483826,20.976898
1998-07-28,19.835632,21.93338,27.233917,28.23056,22.598999,23.100739,20.016876,22.453644
1998-07-29,21.380829,24.367249,26.984863,26.460632,22.722198,23.776764,21.967377,23.134308
1998-07-30,20.737122,22.108734,25.770874,23.122833,23.703796,24.064362,24.6044,19.278381
1998-07-31,21.210785,21.838348,25.115723,21.757904,25.522278,23.809967,24.63382,19.177795
1998-08-01,22.739471,23.309723,25.939117,23.074127,29.90979,24.106354,26.726166,19.054108
1998-08-02,24.20224,24.957,25.822693,24.009796,30.029999,23.199615,25.98999,20.33435
1998-08-03,24.49759,24.36789,25.843689,24.4375,28.299286,24.255768,25.1008,20.967773
1998-08-04,24.399384,22.480347,25.324097,24.125153,29.934906,23.767975,22.265686,23.019928
1998-08-05,22.81009,22.22641,25.619781,23.874939,30.357117,24.192291,22.709076,25.077545
1998-08-06,22.297272,23.100739,26.687836,23.020264,28.74939,25.173004,25.027771,17.915283
1998-08-07,22.779846,22.519073,27.871857,23.175415,26.746185,25.336334,26.196686,16.726135
1998-08-08,24.997223,22.463531,27.149658,24.088593,24.949646,25.99527,26.951141,17.423859
1998-08-09,23.415192,22.131989,27.434326,24.23639,26.46579,24.36734,26.286377,16.220917
1998-08-10,22.259186,21.955322,28.447205,23.653809,25.890045,19.949127,25.939087,17.963837
1998-08-11,22.322418,23.444,26.66034,24.930054,23.752777,18.128082,25.778076,18.971191
1998-08-12,22.184967,25.30252,25.698517,23.47876,22.851807,18.692047,26.436768,19.034119
1998-08-13,22.641449,24.701202,26.518707,21.335968,25.311707,18.898834,26.975616,19.839111
1998-08-14,22.10965,23.306915,26.35785,24.528503,23.107788,18.865631,24.624817,20.113037
1998-08-15,22.166534,24.465607,26.276184,22.8909,25.30719,21.407623,24.619995,20.401764
1998-08-16,20.363983,25.65448,25.833618,22.015656,26.282501,23.14273,24.57608,22.176056
1998-08-17,19.458344,22.36496,27.268799,20.252258,24.754913,24.511871,23.295654,22.226776
1998-08-18,22.755096,20.385834,26.710022,20.143005,24.120544,22.444244,19.99585,22.22528
1998-08-19,22.961517,21.263702,25.835388,21.590454,24.42157,21.535553,17.03241,22.1716
1998-08-20,25.886993,21.934967,25.482178,22.625183,20.218323,21.868317,17.211395,23.060638
1998-08-21,22.153595,20.501556,26.239502,21.666779,20.437378,23.501373,18.618164,20.447418
1998-08-22,22.961761,23.122223,26.378662,18.885162,22.284393,23.420563,20.77768,19.298248
1998-08-23,22.99997,25.414948,26.461914,16.530243,21.911621,24.377106,22.68222,18.958374
1998-08-24,23.91861,23.190521,26.790192,17.451385,21.261444,23.514557,24.49704,22.924652
1998-08-25,23.245148,20.276276,27.04602,19.077545,21.055725,21.495514,24.294067,25.013031
1998-08-26,21.92868,24.114166,26.690674,16.463837,21.742523,24.164215,25.564636,25.249542
1998-08-27,25.495392,23.908813,25.544037,18.057495,22.749664,23.325592,25.251953,25.477844
1998-08-28,21.186554,19.397919,25.389435,18.996338,24.18805,22.590973,23.656372,24.518677
1998-08-29,22.044586,20.43222,25.724304,19.761902,23.890747,25.85147,22.915771,18.493103
1998-08-30,24.577301,21.69339,24.519592,19.968048,23.516449,25.602936,23.754456,20.098602
1998-08-31,24.039948,23.393585,23.761932,19.745697,21.864777,25.445465,25.044525,16.928986
1998-09-01,21.52771,23.317596,23.903656,19.46759,21.494843,23.639801,25.093414,21.501343
1998-09-02,16.239471,24.32425,25.149323,20.198914,18.253235,23.65274,21.998322,23.719543
1998-09-03,17.760895,24.559113,24.561432,21.970337,18.580414,21.497223,20.833984,19.483154
1998-09-04,18.876434,26.110687,24.796326,23.271912,22.310547,19.482086,22.27893,16.646484
1998-09-05,20.106049,26.264679,24.661224,20.037537,25.89035,17.024567,23.816742,14.07605
1998-09-06,21.857025,22.047058,24.599182,18.082367,27.338684,17.064117,24.580505,14.416443
1998-09-07,22.074432,19.218597,25.202179,17.495026,26.104706,19.298248,25.545074,16.909058
1998-09-08,24.962341,17.837616,25.059631,17.630096,21.231354,20.892242,26.820679,19.203735
1998-09-09,21.421173,19.330688,23.126373,18.445679,15.350647,22.142242,27.167603,20.129242
1998-09-10,18.1539,21.904022,25.330597,18.746094,15.362762,19.389069,27.109467,22.066864
1998-09-11,21.555756,19.8508,24.554962,18.069244,17.964752,15.877106,25.38977,20.551392
1998-09-12,23.036072,18.861969,24.334076,16.356995,19.306335,11.318512,24.805084,22.524902
1998-09-13,20.878204,17.39737,25.845886,15.995605,20.634766,10.61319,25.337524,24.02658
1998-09-14,17.786255,18.826141,24.25174,14.795319,22.853882,18.383698,24.336609,22.803772
1998-09-15,18.30307,22.78415,22.25476,17.844177,22.308167,21.424713,23.361938,16.315582
1998-09-16,20.501862,21.04895,23.436462,17.556,20.554077,15.770905,19.80716,14.364838
1998-09-17,21.1622,17.97879,24.211182,16.135742,23.347107,14.635895,17.774933,14.708954
1998-09-18,22.860321,20.618164,22.6055,16.569153,20.097687,18.192291,17.677979,16.417358
1998-09-19,20.693207,19.015594,20.133575,18.38321,14.391632,20.404938,18.066437,18.209473
1998-09-20,23.020172,15.590027,20.116364,18.901184,16.60553,17.345367,22.362274,15.123505
1998-09-21,24.443817,15.7812805,21.654022,18.747894,20.332489,16.861237,23.036652,17.309052
1998-09-22,25.785828,14.873199,23.483276,18.700165,16.131805,14.954254,22.75647,17.979187
1998-09-23,24.702911,13.9739685,21.283234,19.486115,14.428436,17.246979,21.29361,14.366516
1998-09-24,18.326141,14.753876,19.71051,16.93573,13.804169,20.380524,24.430939,13.736664
1998-09-25,12.992645,16.959381,20.28061,15.469452,15.011932,21.640533,25.612701,11.712311
1998-09-26,13.756622,15.561951,20.628387,14.764832,14.911865,21.71402,18.99054,13.546265
1998-09-27,22.174347,16.090302,17.649384,13.316406,15.811371,20.130035,13.820496,17.81131
1998-09-28,19.747772,18.306915,17.3497,15.915466,18.628326,21.101715,12.961395,13.213013
1998-09-29,16.899994,20.366547,19.090973,16.503113,18.482452,22.59488,17.13324,9.070374
1998-09-30,17.379486,21.559906,21.377869,12.931,19.154785,22.044098,20.902435,11.330017
1998-10-01,18.012054,21.764008,22.733917,12.43222,19.946136,21.70816,22.001465,16.435059
1998-10-02,16.024597,21.571869,19.200623,10.71463,20.23108,18.829742,21.677582,15.563477
1998-10-03,15.481079,19.416931,17.032959,9.373535,19.422943,11.225494,19.521698,11.3125305
1998-10-04,19.54129,16.716309,16.061218,9.853546,17.374115,9.406647,21.600555,9.898132
1998-10-05,18.4086,14.651642,19.086761,11.926819,18.625336,8.1666565,22.698273,10.279968
1998-10-06,9.124542,14.956757,22.34497,13.771515,16.14038,7.8822327,22.981598,15.321777
1998-10-07,9.959686,17.33554,22.825806,13.299133,7.1828003,5.82901,22.997406,17.31195
1998-10-08,14.858398,17.778748,22.02539,16.981201,9.041321,5.0431213,23.397278,18.424591
1998-10-09,14.947693,18.944244,16.344116,18.018524,9.784302,8.6961975,15.653351,19.549194
1998-10-10,10.261566,18.02887,15.767456,18.93808,13.609436,7.3334045,13.539856,12.455994
1998-10-11,11.214966,16.562836,17.106842,18.151978,18.578033,5.104645,16.159668,6.0553284
1998-10-12,16.620514,14.927185,18.245941,17.681427,18.377167,6.537018,9.534393,6.5920105
1998-10-13,16.807129,17.29187,20.758118,15.282257,19.235443,10.640533,5.6934814,5.0786743
1998-10-14,13.704254,20.56424,20.30307,15.883423,18.934296,12.126373,6.125519,5.157593
1998-10-15,14.655731,21.28244,20.740448,17.116638,19.975464,8.4305725,10.200989,3.4359436
1998-10-16,17.920197,21.090912,20.724579,17.99234,18.191345,4.801178,15.946564,4.118164
1998-10-17,11.278656,18.68869,18.978027,18.883514,13.911713,4.2652893,15.947784,8.359711
1998-10-18,11.741669,20.650116,18.135925,17.353394,14.269104,4.268463,17.215424,10.853058
1998-10-19,15.205353,21.205841,15.57077,16.079071,17.564941,4.2794495,18.073242,15.440765
1998-10-20,11.864136,19.329102,16.818176,18.25003,16.69513,4.347809,15.0199585,15.765839
1998-10-21,13.912201,15.147614,15.327026,17.489014,9.607208,5.4825745,10.906738,14.836273
1998-10-22,12.026398,18.680695,14.285278,18.86502,12.352997,6.986725,10.330475,13.516846
1998-10-23,8.175934,10.227875,16.789429,19.90271,8.784607,7.5072327,6.551819,16.268616
1998-10-24,9.027161,7.756256,19.064453,19.262634,11.293091,7.3695374,5.6500854,13.121124
1998-10-25,13.740692,12.998901,19.733093,18.813293,18.244263,9.227692,7.5972595,6.0101624
1998-10-26,12.837585,12.77243,20.091797,18.519684,13.802582,11.376373,15.157898,3.218628
1998-10-27,9.61673,13.500702,16.192139,18.237518,9.544952,16.099762,17.66336,6.2431335
1998-10-28,10.012299,10.6698,16.42398,17.424042,11.580872,8.259674,19.7359,6.7637024
1998-10-29,9.641022,9.914032,17.466583,18.010864,6.9545593,9.457672,20.146484,6.7835083
1998-10-30,10.42865,12.046265,14.158203,15.550354,7.051544,8.906158,18.662354,9.045197
1998-10-31,9.194702,12.517639,15.489777,16.973267,7.266388,8.37027,7.2974243,13.750641
1998-11-01,10.407837,13.95163,18.209656,17.274658,7.23291,9.806305,7.018982,7.652466
1998-11-02,9.364655,9.303162,17.811005,10.223602,8.274567,11.227203,15.702728,6.999695
1998-11-03,4.8955383,7.259857,18.41977,8.256714,11.458893,5.5438538,14.539307,10.224701
1998-11-04,4.035431,9.0902405,18.367218,9.64624,13.353668,4.271881,11.792725,5.6816406
1998-11-05,5.345703,10.774719,20.163788,10.276001,13.535217,3.4032288,18.885529,6.4309387
1998-11-06,9.935944,12.620697,21.1268,10.903778,13.661743,10.253815,16.007019,5.8959045
1998-11-07,9.31073,13.47998,21.037659,9.939758,12.077393,17.105621,18.87445,9.718384
1998-11-08,10.949249,12.295441,19.913086,7.174011,7.4213867,8.53653,10.425476,15.561157
1998-11-09,9.208832,11.066132,14.960297,8.021057,5.6188965,4.4234924,8.162537,9.042084
1998-11-10,9.507965,12.098907,16.312286,11.827911,10.801666,3.9564514,16.613342,6.510193
1998-11-11,10.1058655,13.888184,15.464661,7.752014,11.401459,2.2884827,19.2247,11.041534
1998-11-12,4.1170044,10.2742,13.750824,7.3374023,4.362915,2.0484924,20.950653,12.472443
1998-11-13,2.098236,11.496124,16.601105,8.437225,4.501068,1.834137,19.21347,5.7254944
1998-11-14,3.3013916,7.90271,16.778717,6.8404236,3.0878296,2.2840881,18.00476,0.8993225
1998-11-15,3.7798157,9.759338,14.868134,6.4263306,4.633301,2.1058655,7.7923584,8.015137
1998-11-16,6.5522156,10.414337,16.475922,7.296173,4.99704,2.994049,4.7449036,12.3255005
1998-11-17,2.0437927,10.326324,18.443604,7.086609,6.791382,1.3334045,6.153839,3.1062927
1998-11-18,1.2252197,11.085358,18.657501,5.591858,2.4269714,4.5157776,6.317047,1.2218933
1998-11-19,3.313324,12.083832,18.64569,8.384277,-1.8441772,6.427643,12.58078,7.3065796
1998-11-20,3.0621643,8.921539,20.490112,9.125885,-1.9717712,8.016022,5.953766,13.915985
1998-11-21,5.3648376,6.9482727,12.675842,2.9302979,-1.0828857,8.542877,6.337799,12.668793
1998-11-22,3.2280273,9.652679,9.832306,-1.148529,-0.51226807,4.710602,18.294403,4.105316
1998-11-23,2.7442932,10.55191,12.506165,-0.3798523,-3.0245361,5.066559,11.543091,4.166046
1998-11-24,7.2237854,6.42865,10.664673,0.93377686,-1.7893372,3.7616272,8.024048,6.672699
1998-11-25,7.254486,6.1388855,10.480469,8.669952,1.2655029,2.8282776,17.34729,5.06781
1998-11-26,3.9257202,4.460083,12.010101,12.946625,4.4618225,3.0006409,6.746216,3.0575256
1998-11-27,3.139557,4.145172,11.500275,10.900665,4.662384,5.8717346,5.4328613,4.3644714
1998-11-28,5.3426514,8.167358,9.383148,13.810455,4.7709656,12.14859,12.07132,4.516083
1998-11-29,9.172577,6.101349,12.550873,4.364502,6.4699097,4.3736877,4.8704224,0.5434265
1998-11-30,5.2171326,5.3069763,9.712494,1.5573425,9.112335,2.2391663,12.712433,1.4854736
1998-12-01,3.502777,8.291687,8.443451,2.166748,8.991394,1.1813049,9.500519,5.254883
1998-12-02,1.2658997,5.85672,11.744171,1.1106567,0.9209595,0.9371643,3.5813904,10.444122
1998-12-03,10.986359,2.4831543,11.343628,0.12921143,-0.11871338,0.3710022,5.430237,10.376923
1998-12-04,4.763275,10.195099,11.819397,1.2079773,0.9179077,-0.72836304,7.8300476,0.64852905
1998-12-05,2.6555176,8.627136,12.81897,1.0486755,0.47753906,-2.8069763,9.324005,1.8413391
1998-12-06,-2.171173,6.4134216,11.068146,2.3236084,7.863739,-2.6167908,14.211304,2.7424316
1998-12-07,-2.4405823,5.7358704,11.287933,0.7390442,2.8372498,-3.523529,10.144775,3.460785
1998-12-08,-0.09732056,4.592804,7.2903137,-2.4839172,-2.024292,-3.8851013,2.3833008,5.4154663
1998-12-09,0.056762695,4.6841125,4.822632,-5.0092773,-2.884552,3.3836975,2.0476074,2.2454224
1998-12-10,2.698822,3.8530579,4.298462,-3.983673,-3.0476685,-1.8421326,5.832489,2.1724243
1998-12-11,7.206238,5.9185486,4.92157,-3.5950012,-0.42218018,-6.7225037,11.671112,3.511383
1998-12-12,1.1761475,4.981415,7.6492615,-3.2902832,-0.31707764,-6.127777,9.006653,5.505432
1998-12-13,-0.21749878,3.9690857,8.227753,-1.0187683,-1.9995728,-5.9688416,1.6541748,9.842651
1998-12-14,-2.3657532,5.4355164,7.5946655,-0.45370483,-2.382782,-7.502777,9.736176,3.1904907
1998-12-15,-3.828888,6.8088074,2.5237122,0.90756226,-0.97875977,-13.280609,11.497772,-0.14846802
1998-12-16,-4.125824,2.2615051,2.8360596,-1.8765869,5.657074,-13.655609,-0.94485474,0.23049927
1998-12-17,-2.420929,3.4490051,9.381287,-4.952179,-2.1930542,-11.166351,-1.2312927,3.936493
1998-12-18,1.6290588,4.3597107,8.414398,-3.885376,0.84820557,-9.023773,3.3231506,-1.5519714
1998-12-19,-0.11651611,10.774078,12.463257,-1.2763367,0.29937744,-4.8731384,11.990662,-1.6495056
1998-12-20,2.849762,5.298004,6.9969482,0.43551636,-2.0653992,0.10708618,1.147583,-0.14898682
1998-12-21,2.688202,3.1889954,3.8099976,-0.91607666,-6.877136,1.0509338,-5.673889,0.035064697
1998-12-22,1.51297,3.749176,5.1898193,1.0962524,2.4572449,1.8380432,-1.4437866,-1.5151978
1998-12-23,-2.7001648,-0.99728394,4.473175,-2.2329407,9.529266,2.8712463,0.5717163,-4.91156
1998-12-24,-5.155365,-1.1061096,5.016266,-2.6624756,2.3060608,1.226471,-0.81851196,-2.7132874
1998-12-25,-3.71286,1.3296204,5.3200073,-2.502655,2.4683533,2.842926,-0.95822144,-1.638794
1998-12-26,-5.680298,2.6978455,4.6789246,-3.5258484,6.084259,3.3753967,-0.7579651,-6.2690735
1998-12-27,-6.6251526,2.5162964,7.1877136,-4.4697876,12.639313,3.3353577,-1.5454712,-2.1918335
1998-12-28,-2.9941711,3.5312805,7.2800903,-4.1688232,16.544739,7.3434143,2.0326843,-0.5787964
1998-12-29,-9.967499,3.6853333,4.2173767,-2.460907,10.991241,5.070709,-0.16809082,-2.3477478
1998-12-30,-10.513336,7.7065735,7.3644714,-0.2672119,2.981903,-0.8746033,7.9249573,-4.179138
1998-12-31,-7.3489075,11.965851,5.273407,1.6124573,-2.9128418,-4.38974,9.4592285,0.029174805
1999-01-01,-2.9132996,12.149567,-2.1358032,-2.0698242,-3.9606934,-4.8975525,-2.9821167,-5.875
1999-01-02,-0.2892151,4.240204,3.8562317,-1.6390686,0.21310425,-6.309906,-3.8400574,-3.1417542
1999-01-03,0.7030945,2.2097168,10.326691,-0.21832275,-0.111450195,-9.207367,2.621399,-10.85376
1999-01-04,-0.43670654,1.600769,2.9690857,-1.3199768,-5.8974,-8.745697,-1.3475647,-13.300629
1999-01-05,7.2636414,1.355072,-1.6542969,-1.6238708,-5.2246094,-7.8528748,-5.6734924,-14.15506
1999-01-06,2.66391,1.9950256,7.9638367,1.2562256,-5.178711,-6.886566,-7.8013916,-8.463623
1999-01-07,-12.709015,4.1586304,6.1305237,1.4134827,-3.6393127,-7.6631775,-6.961548,-2.312683
1999-01-08,-12.453491,0.17330933,-0.940979,0.4197693,0.6034241,-7.7207947,-4.6330566,-2.4971924
1999-01-09,-16.227692,3.195984,1.2055664,0.8479309,-8.118408,-4.2207947,2.8134155,-0.32183838
1999-01-10,-10.533325,7.360626,-1.5444336,1.8405762,-11.558807,-1.1014099,-0.10644531,-3.7185059
1999-01-11,-7.79599,9.404205,-0.23324585,0.10946655,-8.729065,0.096588135,-7.8204956,-0.63931274
1999-01-12,-5.7797546,5.543335,2.6174011,0.6088562,-0.92645264,1.7499084,-5.2598267,1.6073608
1999-01-13,-9.337677,2.8437195,3.5437927,1.1640625,-2.9445496,1.3702698,-2.5153198,-1.1672668
1999-01-14,-8.372314,1.2997131,2.9510803,2.6163635,-10.569244,-0.13265991,-11.821289,0.13641357
1999-01-15,-5.8240967,1.7629089,3.366333,0.4819641,-6.5310974,-1.761322,-14.022461,0.046447754
1999-01-16,-2.933258,2.3980713,-1.2100525,2.567749,-7.001465,-4.8438416,-8.699188,1.8409119
1999-01-17,1.178009,1.6993713,7.103363,2.2237244,-14.736237,-0.5076599,-1.2189331,2.704132
1999-01-18,6.397064,2.0333557,6.8548584,0.42211914,-18.826141,-4.416107,1.5132751,2.9139404
1999-01-19,-2.895111,1.8412476,4.463867,-0.15408325,-7.6906433,-2.9876404,-0.84384155,3.2490845
1999-01-20,0.87438965,-2.7769165,8.525787,-1.6531372,-13.322388,6.0626526,1.4472656,7.6131287
1999-01-21,-3.8255615,-3.2422485,7.849823,-1.0906677,-12.543091,-3.9080505,-4.7597046,12.717529
1999-01-22,-10.869659,2.0431519,5.7667236,-2.5690002,-6.1489563,-7.6983337,-2.5226135,2.3869324
1999-01-23,-7.095276,2.8246155,5.230835,-5.142578,-11.981842,-9.670013,6.7191772,0.9298096
1999-01-24,-7.9275208,2.511139,7.0570984,-5.685486,-11.3237,-5.8382263,8.38916,1.7783813
1999-01-25,-6.119049,-2.1611633,9.051178,-7.072174,-9.050293,1.934967,10.512909,-0.416687
1999-01-26,-9.178009,-6.4243774,6.3591614,-5.692383,-5.11322,2.0934143,5.748932,0.715271
1999-01-27,-1.1626587,-4.9860535,4.322754,-9.143402,1.8511353,3.5782776,0.018737793,-2.47641
1999-01-28,-5.023407,-2.7323914,-1.0246887,-9.502747,1.713623,1.3360901,0.25524902,-2.8925476
1999-01-29,-10.858856,-3.0250244,-3.3079224,-7.5845337,1.2305603,5.230377,-1.8552551,-2.4898987
1999-01-30,-3.313568,0.5086975,2.7681274,-10.541565,0.06384277,10.361481,0.47808838,0.49197388
1999-01-31,-5.964203,-3.551361,1.0005188,-10.931274,1.498291,7.346588,0.8569946,-2.1976013
1999-02-01,-3.1107483,-3.7167053,-0.6950073,-6.8074646,0.3572693,0.96572876,-5.198059,-3.9370422
1999-02-02,-10.49704,-0.012969971,0.12020874,-1.9875183,1.4797974,0.1534729,-8.920013,-1.2111511
1999-02-03,-5.412689,-0.17538452,6.2122803,-0.44586182,2.9715881,5.414459,-3.849945,-4.266083
1999-02-04,-18.417557,1.414978,-0.2967224,-1.4347534,6.0068054,2.9103088,-6.6145935,-11.558441
1999-02-05,-19.122192,3.868927,1.848999,-5.227539,2.0550537,-8.045013,-0.57055664,-3.2326355
1999-02-06,-13.87558,3.5957031,0.26400757,-7.5898743,-1.1101074,-16.309662,0.6972656,-3.871704
1999-02-07,-9.67514,6.250183,3.9545898,-4.0970764,-2.3040466,-14.605316,-1.3694458,-7.147156
1999-02-08,-6.2537537,9.765625,10.127106,2.6819763,-7.59964,-17.883392,4.5849304,4.730652
1999-02-09,-5.7109985,10.163849,7.968567,1.7774048,-5.322418,-4.6372986,3.121643,10.031128
1999-02-10,6.312683,1.6289368,9.2326355,-5.567047,-2.0021667,1.9664612,-3.9111938,3.6412048
1999-02-11,0.51797485,-0.80844116,11.634094,1.6827393,-3.3960571,1.6156311,1.6041565,-1.739563
1999-02-12,2.700348,4.73999,6.654022,10.046448,-4.483551,-2.5855408,-1.4849854,-3.3373413
1999-02-13,-3.31781,-0.12387085,2.6457825,3.8604126,-5.17511,6.2276917,1.9390259,-10.516022
1999-02-14,-3.068512,-1.257843,6.0940247,-0.22372437,-1.6260071,8.639069,-0.4949646,-11.113678
1999-02-15,-7.4092712,3.867981,8.250153,-4.6400757,0.87997437,5.056793,8.417053,-6.3526
1999-02-16,-11.132904,3.6312256,10.973602,-3.0603638,1.7495422,12.773834,4.7144165,-5.7654114
1999-02-17,-14.397247,8.362305,3.1279297,-5.1975403,4.5432434,2.212799,-0.85513306,-1.9225769
1999-02-18,-11.465271,9.261444,5.317383,-4.442932,-2.8550415,-1.8797302,0.27059937,-0.87731934
1999-02-19,-8.20224,3.9327087,6.8837585,-4.123352,-5.2390747,-1.8746033,2.7020874,-0.022247314
1999-02-20,-3.642395,1.0978699,8.964172,-1.8848267,-6.0509644,-0.098968506,0.4348755,1.444397
1999-02-21,-0.243927,2.830719,9.796539,2.1941528,-6.8325806,2.7311096,-0.9423828,-0.44866943
1999-02-22,1.7016907,2.8542786,4.652832,-1.1471863,-5.424774,0.7320862,-0.043701172,-2.4032898
1999-02-23,4.282593,8.789001,1.0916443,0.88009644,-1.5738525,0.084869385,-1.526947,-7.711334
1999-02-24,4.3736267,10.60318,1.3062744,-0.29760742,-7.8469543,7.9042053,0.693573,-5.2659607
1999-02-25,8.215393,4.570038,4.4080505,-2.8127747,-9.692871,13.2118225,2.395111,-0.857605
1999-02-26,8.829926,7.388794,7.4990845,1.6990051,-6.3002014,12.978912,6.0603943,3.74234
1999-02-27,3.085968,9.639679,5.202301,3.9533386,-7.77536,11.452789,9.733978,9.468842
1999-02-28,-5.539093,8.596527,3.3807068,5.873108,-12.392212,6.233795,9.317413,4.350525
1999-03-01,-9.593964,3.612793,7.8098755,2.2382507,-4.516632,2.5799866,10.651947,0.81817627
1999-03-02,-6.600067,0.16381836,5.979828,3.0783386,-1.4121094,2.9476624,11.589569,-0.1027832
1999-03-03,-7.766205,-1.1661682,9.504059,-0.9025879,-8.797333,6.2606506,4.235443,1.5159607
1999-03-04,-4.956085,3.322113,13.723145,-1.0635681,-6.6280823,10.4305725,3.0512695,2.3449402
1999-03-05,-2.427002,8.525574,16.47168,-3.6594543,-2.7297363,4.4337463,6.3543396,1.4519043
1999-03-06,1.4996033,2.4848938,14.069763,-4.2356873,-4.4104004,1.1869202,9.393097,0.7142334
1999-03-07,0.44760132,4.2929077,10.77243,-3.931305,-3.495636,1.0953674,6.4214478,2.938568
1999-03-08,-0.02557373,9.203888,9.123322,-3.1330872,-3.4971924,-3.2024841,2.1143188,4.642273
1999-03-09,-7.9492493,9.392609,4.5245056,-3.2988586,-3.89328,-3.8489685,1.7921448,5.8194885
1999-03-10,-6.470978,9.604218,5.1121216,-2.4227905,-2.2124023,-9.271576,-2.0437317,-1.3806458
1999-03-11,5.031769,10.635071,5.9293823,-0.7861328,-0.8985901,-5.8208923,-1.729065,1.0483093
1999-03-12,-1.1329346,8.04776,4.9036865,-1.4940491,0.022460938,-3.9620056,2.8583374,2.9848938
1999-03-13,-1.3804321,5.1438904,9.854034,-0.2567749,0.80596924,3.6861877,6.6481323,3.8448792
1999-03-14,-1.6161194,5.431488,14.83902,-3.1759949,-0.22772217,3.2450256,8.731506,4.6634216
1999-03-15,-5.410797,2.1319275,10.02121,-4.598816,1.641571,6.2013245,10.234467,5.9454956
1999-03-16,-3.3580017,5.998474,6.3950806,-3.8647766,8.130249,10.876373,1.1213989,3.695984
1999-03-17,2.4936218,8.409729,6.546631,-1.9072876,9.364563,5.502594,-3.4597778,2.0076294
1999-03-18,8.223053,10.735443,11.028229,-2.5144958,6.2380066,4.358551,4.781494,2.5880127
1999-03-19,6.976715,11.591827,11.24585,-2.765625,1.324585,5.7152405,8.9175415,1.4649658
1999-03-20,1.2436218,6.927429,9.901855,-1.0718384,-2.5981445,6.34317,8.665161,2.104065
1999-03-21,11.623718,5.191223,8.017334,-2.9106445,-2.2172852,1.474762,-2.6402588,9.183624
1999-03-22,8.00061,7.668274,10.665283,-2.6222534,-1.0961304,0.19277954,-6.2506104,10.1528015
1999-03-23,6.494171,4.9204407,12.639648,2.395752,-0.37960815,0.565094,-2.0013428,-0.10964966
1999-03-24,9.19339,2.6765137,8.656952,3.6854553,2.2200928,-0.5057068,6.749542,-2.9591675
1999-03-25,-1.466217,10.5954895,7.474457,2.1333923,0.664917,-3.8492126,10.489166,-0.99038696
1999-03-26,-4.118866,11.444305,14.337585,3.2851562,1.3099365,-2.2679138,12.46875,0.95599365
1999-03-27,0.77282715,12.361786,11.564819,3.4353943,1.8274536,-0.24081421,15.598877,2.5126038
1999-03-28,7.043915,6.3598022,7.121277,6.0017395,2.2817688,3.941803,13.63739,0.72875977
1999-03-29,5.2597656,4.5177917,9.350769,11.753693,1.9205933,3.167633,3.516632,0.1789856
1999-03-30,10.1138,7.8056335,11.74472,7.064911,2.33313,-0.05770874,0.835022,3.2644348
1999-03-31,3.8113708,5.3074646,6.4007263,5.330261,4.3871155,3.3243713,6.042511,4.583252
1999-04-01,3.067749,8.042572,6.2112427,4.3003235,9.949829,9.353424,10.938843,0.87176514
1999-04-02,11.201202,10.490997,10.020996,9.075531,12.361694,12.182526,14.441162,-0.9547119
1999-04-03,5.334015,9.620087,13.505646,10.515778,11.936249,14.891266,14.550446,0.14572144
1999-04-04,0.35125732,8.924957,14.918121,10.852966,0.70443726,10.526764,17.282288,2.9000244
1999-04-05,3.0437012,8.108917,10.966156,11.871368,-3.5587769,11.323395,7.5697937,3.3268738
1999-04-06,2.5662537,6.322357,11.116913,11.313629,-3.8822632,6.3417053,12.246735,3.679657
1999-04-07,4.7519226,7.138153,15.316742,10.820099,-3.1415405,4.5951233,15.226868,3.7044067
1999-04-08,7.4963074,7.40802,14.983978,3.5486145,-2.5350037,5.6856995,8.289124,4.4926147
1999-04-09,9.502106,9.310364,10.223389,1.6716003,-3.6502075,7.462555,6.4058533,4.821533
1999-04-10,6.4257812,8.754059,13.506714,5.418396,-0.47149658,9.949127,6.733917,7.75708
1999-04-11,8.007111,8.125458,15.725739,8.366272,-0.74420166,10.900543,12.329468,3.2233276
1999-04-12,9.36438,9.084442,17.175232,9.98349,0.56381226,10.804596,16.612396,3.3939514
1999-04-13,6.85318,8.434296,14.004822,10.444214,1.6390991,12.816803,16.97293,6.144348
1999-04-14,3.7887878,8.853149,12.938995,10.157501,0.12435913,10.504547,10.579132,6.851532
1999-04-15,4.790924,10.212433,15.361176,11.116821,-0.11166382,10.339264,12.025055,7.2862854
1999-04-16,6.2903748,9.1094055,17.941406,12.002319,0.815979,12.07608,18.591553,2.463684
1999-04-17,8.38913,9.494263,18.296326,8.615784,2.0481567,10.964508,22.628357,0.26815796
1999-04-18,9.508453,11.380402,16.51062,11.506744,4.7293396,12.826569,21.975159,1.6301575
1999-04-19,4.764984,5.892151,17.322693,10.549805,6.055664,16.170563,20.440521,4.308197
1999-04-20,4.480011,7.183441,17.281982,12.004974,7.55542,12.46817,18.394623,6.8008423
1999-04-21,5.013733,6.3823547,15.088562,10.646271,9.282715,8.658112,20.964752,4.355591
1999-04-22,6.330261,6.9983826,14.365356,5.955658,10.78183,6.994049,15.282471,4.4321594
1999-04-23,7.3272705,9.24295,14.640503,3.1839294,14.529785,7.0797424,9.235046,4.881256
1999-04-24,7.072357,10.204376,13.358063,8.153748,5.9430237,9.54068,6.0186157,5.983734
1999-04-25,8.764984,9.061859,14.085815,11.064758,3.6838074,10.789703,6.456024,7.458008
1999-04-26,10.985809,10.115448,18.520325,11.245331,8.684082,10.240387,10.252869,10.127319
1999-04-27,11.717316,11.259186,17.942139,13.65564,1.5137634,8.527985,12.512878,15.23172
1999-04-28,14.20285,8.307709,16.629883,15.197723,1.927124,8.143463,12.726471,11.775574
1999-04-29,14.084259,8.9808655,16.841644,13.522797,2.1315613,8.879059,13.9539795,7.6983337
1999-04-30,16.91098,9.565063,15.333923,13.418732,6.1587524,10.178131,9.101135,7.2716064
1999-05-01,12.760956,9.375458,13.53653,12.996399,5.41214,10.283844,16.228943,8.493103
1999-05-02,9.817047,8.538971,12.522034,9.8172,5.4821167,16.60733,15.217316,13.1024475
1999-05-03,14.803986,9.1249695,13.869354,6.1497803,9.513824,10.470856,8.927429,17.133636
1999-05-04,10.194397,10.883636,15.946259,9.918213,12.690735,10.763824,12.894318,14.99295
1999-05-05,7.2965393,12.657379,14.638916,12.9557495,15.08902,15.312897,14.138733,18.816345
1999-05-06,7.7452087,11.067291,14.554993,10.996124,17.719086,8.985992,9.6041565,14.584991
1999-05-07,11.829987,12.320831,14.089203,12.769409,16.755615,10.157135,10.8185425,12.206879
1999-05-08,11.753876,11.142914,15.846619,13.572662,19.823395,10.36441,13.692169,9.857239
1999-05-09,15.732147,10.794769,20.946014,15.316589,20.776093,12.631744,16.441345,10.078613
1999-05-10,18.123688,11.270599,21.737,13.927795,20.14038,11.0243225,20.53653,13.3376465
1999-05-11,12.736481,11.336761,18.321167,15.396973,13.791565,8.709625,14.865448,15.942108
1999-05-12,9.877197,9.822601,15.126312,14.962311,12.4653015,9.748688,16.657196,12.597931
1999-05-13,12.731659,11.398132,15.493317,15.4166565,12.64093,10.088776,23.313507,10.064087
1999-05-14,11.8785095,10.416473,15.019562,17.56781,11.984711,9.934723,22.547058,9.047028
1999-05-15,14.935211,11.091583,14.859589,20.794006,9.656799,12.073151,21.788269,9.007874
1999-05-16,18.511292,10.544861,16.860352,19.19461,10.960083,15.999664,21.19757,8.182037
1999-05-17,19.8349,10.886566,19.343475,16.866547,12.926941,19.719635,21.354706,9.660004
1999-05-18,19.385162,10.871674,20.175262,17.481262,17.584503,13.714752,20.840637,9.782623
1999-05-19,16.958344,11.198578,19.32846,20.173859,14.570282,14.2836,15.468506,9.712769
1999-05-20,15.250916,11.701508,17.778015,22.778809,11.960236,13.63736,15.348389,12.654602
1999-05-21,12.985199,13.068054,21.11023,18.60492,12.888245,12.472565,14.982147,13.308838
1999-05-22,16.462646,13.003754,20.33554,16.30658,16.74765,12.277496,15.1475525,11.694183
1999-05-23,20.143768,12.347656,16.464539,15.771332,17.305847,12.454254,17.472107,13.021301
1999-05-24,17.446991,12.983978,17.632141,19.306366,15.758667,14.670563,19.572723,18.57608
1999-05-25,16.437042,12.173401,20.499268,21.156952,14.265625,16.88858,20.37738,19.626312
1999-05-26,16.986176,10.994873,20.113708,21.73938,14.807251,16.548248,14.371368,12.134003
1999-05-27,17.817139,12.963715,16.47519,16.743774,12.544342,15.732819,15.743591,11.36911
1999-05-28,20.267944,13.463562,16.76825,17.477722,13.180298,15.719635,19.6268,12.454224
1999-05-29,22.4581,13.344208,23.48465,18.835358,17.001038,12.187408,20.554016,13.576721
1999-05-30,22.407501,14.768829,25.016174,19.660797,16.698639,12.947662,21.44043,18.092499
1999-05-31,17.888214,16.531036,22.096222,18.579285,16.78238,13.934235,20.837463,18.96701
1999-06-01,15.102875,16.36969,21.471497,17.886475,19.669373,13.747467,20.539734,17.132019
1999-06-02,12.898346,14.944916,23.302307,17.661133,20.519073,14.104401,21.736237,16.035492
1999-06-03,14.429718,15.580414,24.438568,17.835632,22.05368,15.27652,22.093567,16.106903
1999-06-04,17.36792,15.491547,24.825165,19.521454,17.01529,14.620026,21.531616,16.37973
1999-06-05,19.36728,17.291107,20.731201,18.551819,13.69574,15.016754,23.656769,16.371063
1999-06-06,22.940826,16.53592,20.107483,18.715912,16.256927,13.230377,24.056396,16.940033
1999-06-07,23.073944,16.34488,20.19925,20.963867,17.769745,12.849762,25.0484,17.24646
1999-06-08,20.194366,16.050049,23.208862,21.783386,19.6156,12.969879,25.35556,18.92685
1999-06-09,17.37387,16.474152,25.733276,22.398804,20.090576,14.068756,23.869843,19.11792
1999-06-10,18.994751,17.542328,22.410492,21.26892,19.998535,13.631744,23.441864,21.527039
1999-06-11,18.62918,17.829315,19.77591,22.6333,17.390564,15.798981,21.784546,19.059052
1999-06-12,22.37259,17.639008,19.085846,23.62201,18.679535,16.974518,21.568054,16.012726
1999-06-13,22.273224,17.570679,21.355408,23.232758,16.312347,20.669586,23.321045,18.633606
1999-06-14,22.87912,18.094208,19.20578,20.753937,16.69394,22.77359,24.65747,17.92099
1999-06-15,21.268127,18.555145,19.568634,19.109436,21.298767,21.095856,24.868103,18.295197
1999-06-16,21.051788,17.833313,19.98758,20.357117,19.974915,22.142975,24.23767,17.693207
1999-06-17,22.17862,17.836517,19.87674,22.0047,20.079865,20.76773,24.272491,18.757843
1999-06-18,21.452362,17.566711,20.8479,23.21759,20.12677,16.887848,24.446564,18.557922
1999-06-19,23.27121,18.018707,22.56137,23.320038,20.201141,18.91153,24.50122,14.735443
1999-06-20,23.322296,18.652008,20.766449,21.81192,21.799286,24.781403,25.342896,15.470856
1999-06-21,20.32373,18.287811,22.01419,20.843292,22.24118,25.436676,26.241913,16.285309
1999-06-22,19.863098,18.600525,25.491638,20.90332,23.96408,20.226227,24.384247,18.454376
1999-06-23,20.437714,19.070251,27.103119,22.57962,22.825012,17.128082,23.063843,18.751251
1999-06-24,21.533783,19.224915,27.534973,23.63382,21.558716,19.683502,19.53305,18.464691
1999-06-25,24.30774,19.70877,23.531616,23.946808,22.121857,18.370514,21.251465,22.499054
1999-06-26,24.7435,20.110077,21.781433,21.720367,24.115845,19.680573,20.813293,22.840118
1999-06-27,23.480988,20.167786,21.577972,23.453735,26.949524,16.757477,22.306305,19.428406
1999-06-28,22.884277,20.554108,23.021942,21.947815,25.688934,17.756989,22.413208,17.742859
1999-06-29,22.826263,20.421844,24.441833,22.59314,25.05423,18.288727,22.584747,15.757355
1999-06-30,22.350677,20.947388,24.332489,21.915588,23.101135,21.74356,23.150696,16.261658
1999-07-01,21.90741,21.061005,24.400177,22.33609,22.29654,18.255035,26.224396,16.924225
1999-07-02,20.347504,21.549103,24.240295,22.287231,22.971558,18.831696,26.481873,18.174194
1999-07-03,20.74472,21.885254,23.88205,23.178009,23.109161,21.817291,25.651184,18.97519
1999-07-04,24.41214,22.174896,25.48941,21.93283,23.056183,18.763092,26.111206,21.90393
1999-07-05,24.11264,22.624908,26.102997,21.918488,22.791687,17.88321,26.443817,23.56723
1999-07-06,26.780914,23.107452,27.184387,22.42395,22.769135,18.44278,27.6604,22.78241
1999-07-07,25.564606,22.628448,27.380585,25.875092,25.063263,19.060211,27.864777,23.121704
1999-07-08,24.790009,23.093384,27.243195,24.888397,27.41452,19.86905,28.441528,22.05899
1999-07-09,22.384735,23.659332,25.579865,22.906464,28.782959,15.878571,28.352936,23.690216
1999-07-10,21.410614,23.791779,25.201447,22.862274,29.530243,15.977203,27.325226,23.658539
1999-07-11,21.46466,23.130585,27.317932,22.458038,26.11673,17.507233,27.299866,20.89032
1999-07-12,21.225616,23.851532,25.125702,23.149902,25.444397,19.335846,27.131042,18.846619
1999-07-13,20.136414,23.23648,24.204285,23.815735,22.712677,23.115875,26.59436,16.448273
1999-07-14,21.139801,23.16867,25.194153,27.2529,25.009155,23.533356,26.39795,18.614899
1999-07-15,20.38559,24.811554,28.629395,25.73526,28.1622,23.142487,27.121887,20.520813
1999-07-16,19.98999,22.224213,29.172516,25.162659,27.41156,24.473785,27.160553,18.410797
1999-07-17,20.332794,22.119385,27.60321,25.293854,25.206543,24.554352,27.529358,17.83841
1999-07-18,21.350311,24.113312,26.108582,23.61258,26.367615,23.285309,27.803345,20.279083
1999-07-19,22.345428,23.2258,26.665985,24.955322,25.73288,23.447418,25.449738,23.273193
1999-07-20,23.130646,21.472748,27.314331,25.076569,25.783783,21.303864,26.005096,23.41397
1999-07-21,24.039764,23.151367,28.454224,22.4021,27.782684,19.450104,25.975098,20.553864
1999-07-22,25.66742,23.354095,28.200287,20.179108,27.4776,22.973297,26.413513,20.883423
1999-07-23,25.526276,23.799408,27.496094,23.589752,26.418121,26.216217,26.786224,22.676758
1999-07-24,26.57312,23.96817,29.582245,22.493866,25.409454,24.997711,28.167877,24.945923
1999-07-25,26.386353,23.840302,27.93283,24.313416,24.18454,23.215485,30.276215,24.875732
1999-07-26,24.439484,22.776459,26.327972,23.986725,24.693848,23.33316,31.067291,23.289886
1999-07-27,22.892548,24.087067,26.501251,21.508728,24.571533,26.296783,31.073273,23.305145
1999-07-28,22.379547,24.59201,26.617767,21.494171,20.969788,27.353668,30.610413,20.0159
1999-07-29,22.571869,24.939697,28.101776,22.108307,26.101929,22.697174,30.595306,18.94873
1999-07-30,24.360321,25.365875,29.624878,20.792328,27.267822,22.126617,27.924286,21.260284
1999-07-31,25.675262,24.877075,28.545502,18.538208,25.467224,24.527008,26.304565,19.377838
1999-08-01,25.037476,23.092163,27.00946,20.940125,24.257843,22.848053,26.685242,18.219452
1999-08-02,24.230621,20.579132,26.890198,23.791626,23.212341,23.93985,29.113647,19.484314
1999-08-03,23.793365,22.5643,28.637604,25.04245,22.402466,24.150543,31.523804,20.837494
1999-08-04,23.657562,24.03482,29.937622,25.591522,23.63208,25.243317,33.261078,20.679413
1999-08-05,24.263641,25.166962,29.19342,26.093262,25.50418,24.385895,33.745453,22.22583
1999-08-06,25.499115,24.068634,28.035065,25.804443,26.234924,20.929352,34.006653,22.26117
1999-08-07,26.176483,23.09018,26.915222,26.629791,27.69226,20.610992,33.308228,23.165375
1999-08-08,27.118134,23.613342,26.1875,27.486633,27.418152,22.792877,32.483154,23.352783
1999-08-09,29.226837,24.30014,26.278076,27.14148,27.52005,24.760895,30.651276,22.452515
1999-08-10,29.305084,24.762848,26.359894,24.568878,27.099915,21.001862,29.513855,22.021301
1999-08-11,28.126556,24.66629,26.194977,24.863647,25.217407,20.43863,30.059967,19.633575
1999-08-12,27.253174,25.161957,27.162415,23.96048,24.378967,20.34439,27.236633,22.145996
1999-08-13,27.57193,24.87918,27.487427,20.879456,24.555054,18.92569,28.687744,21.818268
1999-08-14,27.108795,25.278046,27.212006,20.969208,23.592896,20.462555,28.510284,23.003967
1999-08-15,25.277496,25.40033,27.93396,24.535187,23.404236,17.94693,26.245117,23.888916
1999-08-16,20.33603,26.083588,26.487427,23.625732,23.122864,17.904205,26.731903,19.50708
1999-08-17,18.92868,25.66925,25.274353,21.96106,24.365906,18.179352,28.238007,17.223572
1999-08-18,19.182098,25.79306,25.50055,21.727814,23.930267,21.39859,29.18869,19.272034
1999-08-19,20.216156,25.825958,25.823364,23.148132,22.894043,17.01529,29.84787,22.12561
1999-08-20,21.013763,25.311981,25.726166,23.720825,23.955627,14.953766,27.913513,20.626312
1999-08-21,23.307922,23.692444,26.197266,21.780518,24.21762,16.480865,26.957123,16.643402
1999-08-22,24.453247,25.00177,26.232422,22.117981,22.97705,18.457916,26.556,15.757416
1999-08-23,23.123383,25.509338,26.892517,23.650696,22.359741,17.752106,26.841095,16.441406
1999-08-24,22.050568,26.326569,27.58487,23.716492,23.28714,16.156647,27.94873,15.261078
1999-08-25,22.227753,26.393341,27.636566,24.701477,23.331635,16.627838,26.148804,22.521088
1999-08-26,21.329437,23.075714,27.363434,21.785706,23.506653,16.73819,26.384583,23.097961
1999-08-27,20.835999,21.903412,27.21347,19.641296,23.160889,21.333893,27.128876,17.704926
1999-08-28,22.104095,22.77829,27.786896,19.194733,22.45456,20.273102,26.697235,16.110046
1999-08-29,24.230194,24.792603,27.354279,21.132843,21.870697,20.002594,26.06134,18.841705
1999-08-30,24.82962,22.88504,26.596008,21.292755,21.66449,18.129303,27.872223,20.710419
1999-08-31,25.535309,22.170166,26.640045,21.54956,22.101562,18.368805,27.91156,21.667816
1999-09-01,24.10733,25.088043,27.653473,23.216217,22.05075,18.968658,25.609497,20.10965
1999-09-02,24.975647,26.904968,29.049774,21.716766,21.64035,20.440826,24.588196,15.80368
1999-09-03,19.085266,27.202087,28.464478,19.116455,20.56015,21.55655,25.887695,17.347015
1999-09-04,19.378784,27.716705,27.799988,20.167664,21.84085,21.91446,21.957031,18.930939
1999-09-05,19.248566,27.613678,25.545929,21.203003,23.47879,23.168121,17.954346,15.997253
1999-09-06,19.54834,27.580902,23.299805,21.136322,22.94934,24.369293,20.514526,15.330841
1999-09-07,17.400055,23.561493,23.16626,19.128204,21.588928,23.670074,24.019653,17.22992
1999-09-08,17.426514,26.372375,22.599487,18.756409,22.759644,19.912018,25.349274,18.593384
1999-09-09,17.138641,27.216919,22.101593,19.286285,24.522675,20.739166,19.993652,20.136536
1999-09-10,19.234192,24.935425,23.691376,20.082275,24.306183,21.698883,18.144135,18.895782
1999-09-11,21.213837,22.118134,25.366425,20.987091,25.211914,21.106598,18.873505,19.10495
1999-09-12,19.71045,21.84616,24.332886,21.580475,20.583618,21.802399,12.999237,22.622223
1999-09-13,17.18393,22.97586,24.080566,20.953857,19.370544,24.166168,12.649963,22.615784
1999-09-14,16.888336,22.77597,23.489563,21.259949,18.641846,13.454742,20.266632,16.092743
1999-09-15,17.078003,23.102844,23.590881,21.44693,16.201172,12.68277,23.220825,12.111816
1999-09-16,14.469727,21.662537,23.286621,19.966034,19.19934,15.537506,22.739197,13.603638
1999-09-17,13.619843,22.363129,23.693756,19.536926,15.990295,19.591705,24.45758,16.218445
1999-09-18,13.038788,25.237854,24.207,19.570465,15.278198,21.489166,25.605957,17.118683
1999-09-19,13.282928,25.561401,24.134521,17.811554,20.300903,21.838531,26.768951,12.747528
1999-09-20,14.134491,24.635468,24.30014,20.001617,15.764069,20.054108,23.940857,11.192627
1999-09-21,15.349396,24.956512,24.644073,19.638977,14.571533,18.649323,16.418518,13.744476
1999-09-22,16.776276,25.497803,24.843689,20.197815,14.924469,20.889313,17.401825,15.326843
1999-09-23,17.676178,22.668182,24.539215,20.31363,15.133514,20.835358,20.601105,16.546844
1999-09-24,17.072205,18.500793,23.9404,20.927765,16.388428,13.822662,18.723175,22.520905
1999-09-25,15.751862,20.028229,24.184631,20.39447,16.720978,11.799225,19.793365,16.730957
1999-09-26,14.558441,21.141693,25.365753,18.530823,17.048248,15.887604,22.420532,11.151672
1999-09-27,15.697357,16.269684,23.642303,17.536896,19.529907,10.780182,23.364044,10.357849
1999-09-28,16.811615,16.583649,19.620758,18.155945,18.572174,9.854401,24.980103,13.626678
1999-09-29,18.71457,19.4581,18.926666,20.531738,17.104187,7.265045,21.989746,16.506897
1999-09-30,20.776428,23.653778,20.127563,18.781525,18.396576,8.590973,12.922607,16.798645
1999-10-01,21.392914,20.709259,22.217834,18.926636,15.019257,13.120026,12.815613,16.677979
1999-10-02,18.012543,15.66449,21.273407,17.13147,15.238739,15.614899,12.035797,17.870728
1999-10-03,14.373749,15.371216,19.955566,15.098114,11.380402,17.070465,12.073608,16.446045
1999-10-04,12.671692,16.143494,21.24176,14.861237,10.570038,18.349274,13.025513,15.783142
1999-10-05,14.462677,18.222504,19.56189,14.682404,13.22879,18.266266,14.59494,20.0
1999-10-06,20.116913,19.53305,17.05362,18.6156,16.693481,17.27237,12.427338,20.564392
1999-10-07,16.883942,21.51941,18.25357,20.218506,14.770935,18.767487,8.402893,21.408936
1999-10-08,11.631714,23.58017,16.63385,17.539368,12.437927,10.247467,9.561707,22.107391
1999-10-09,11.449921,21.409454,16.972626,16.65152,16.583435,5.93692,9.285736,16.755219
1999-10-10,8.739502,18.145477,18.509613,15.95694,16.99289,5.8277893,8.499268,9.552277
1999-10-11,9.655945,16.437836,19.328918,14.046448,15.778778,7.8268127,13.034058,12.915405
1999-10-12,9.2951355,16.654205,20.06836,12.184174,16.887238,11.41861,16.608337,6.98938
1999-10-13,9.389618,18.651642,21.088928,11.662994,15.198883,11.892487,15.082672,5.299988
1999-10-14,15.232452,20.654633,21.075806,9.067017,18.618225,12.667877,10.367249,5.1462708
1999-10-15,14.815826,21.792786,16.882141,9.407227,18.600311,12.262604,15.888092,5.553711
1999-10-16,14.364716,20.067078,16.719604,9.998108,11.102112,12.828522,18.309906,6.031555
1999-10-17,15.551666,20.535187,17.896057,11.886871,6.7566223,8.747711,19.353058,8.557587
1999-10-18,13.235199,20.148773,17.950012,12.276093,7.0096436,7.1437073,16.365967,10.631317
1999-10-19,11.006592,23.728302,18.271362,11.013275,7.2119446,8.522614,7.5551147,12.428528
1999-10-20,12.484039,19.350891,18.68457,9.405365,5.111786,11.589752,9.712311,9.477509
1999-10-21,12.179016,17.554535,19.360199,12.698151,7.7233887,12.738678,11.737671,11.717072
1999-10-22,8.861786,12.869476,21.161774,17.142944,5.8289795,11.486481,6.156708,6.839264
1999-10-23,7.844208,16.42163,21.705078,14.211487,8.060303,8.855377,5.5813293,8.055725
1999-10-24,7.297119,17.354706,20.813202,11.137421,8.998474,5.467926,8.205444,4.7073975
1999-10-25,8.012939,18.91925,19.849792,13.008453,9.036377,7.4598694,8.686615,6.292572
1999-10-26,12.9531555,19.255768,13.129211,14.375763,10.617004,3.421051,9.936279,4.901306
1999-10-27,14.414154,19.932129,13.897797,11.818207,14.452393,2.2831116,11.392822,5.63678
1999-10-28,9.945435,22.05307,12.905151,9.681976,11.012512,2.067047,13.202911,10.576172
1999-10-29,8.72641,18.616547,15.047882,5.4866943,6.618622,2.009674,11.996063,16.240112
1999-10-30,5.978546,17.332397,13.678436,4.71875,5.826721,1.6898499,6.190338,17.993073
1999-10-31,5.696228,16.725922,11.905243,5.4523315,4.3957825,4.148834,5.11615,12.34021
1999-11-01,7.4669495,17.21579,14.988129,7.9911804,2.9038696,7.1756897,7.1502686,6.033539
1999-11-02,14.31778,17.541931,15.398834,9.610626,5.0456543,2.7049866,7.349243,5.0971985
1999-11-03,15.36734,18.263763,13.756287,10.426483,6.6488647,1.910553,6.838928,6.873108
1999-11-04,7.7656555,20.410065,13.276764,11.554443,6.4989014,1.4493713,7.6459045,10.646637
1999-11-05,7.7270813,16.310394,12.37738,10.711334,1.7797546,3.638092,8.119934,10.831757
1999-11-06,10.299347,13.358368,12.782074,10.257294,8.957092,9.01651,13.097534,9.808838
1999-11-07,7.912323,9.247955,13.776459,15.997986,6.308899,12.565338,13.90567,7.440033
1999-11-08,8.969452,10.906433,15.058228,13.520905,4.384735,12.768707,8.849365,4.108734
1999-11-09,11.543121,13.148224,16.148407,11.408264,5.260376,14.219879,6.190613,2.4697266
1999-11-10,5.4607544,11.657867,14.638702,14.27243,3.5935364,9.73941,3.8251648,0.9996338
1999-11-11,6.4003906,10.7482605,15.084869,15.325317,3.5761414,3.0707092,4.017761,1.609375
1999-11-12,3.106018,14.3471985,17.61972,13.569153,6.2184753,2.3182678,2.6651917,0.0803833
1999-11-13,1.7503357,15.491791,16.39096,15.3526,7.1418457,4.2936096,8.693115,0.19702148
1999-11-14,0.36636353,10.124054,16.631409,17.06842,6.9770813,5.5482483,10.801697,-0.60375977
1999-11-15,1.3431091,8.280212,14.083618,12.897369,6.5629883,1.223053,3.543518,0.2480774
1999-11-16,-0.74472046,15.72876,16.341675,1.9017944,7.69281,6.3595276,11.374725,1.2174072
1999-11-17,0.48171997,15.301361,11.700165,1.0453796,7.791992,0.7870178,18.085785,4.3447876
1999-11-18,3.1808777,13.023499,9.204895,3.7720032,6.5866394,0.33340454,16.354828,-0.1083374
1999-11-19,12.195465,13.766876,9.9852295,10.326782,5.5717773,1.2079163,5.120056,-1.2270508
1999-11-20,7.7363586,15.277008,11.218506,16.677887,7.631012,1.2711487,1.7409363,-1.5048218
1999-11-21,7.400421,16.499481,10.471619,10.576874,5.1641235,-1.13974,-0.44717407,-2.197876
1999-11-22,13.270721,16.963531,12.773865,9.231262,6.5190735,2.1183167,1.0342102,-2.4851685
1999-11-23,17.696625,10.609222,12.003021,5.666626,1.4749756,-1.8140564,4.044739,-0.89553833
1999-11-24,10.311127,12.177643,12.305511,5.1802673,2.4238586,-6.426361,12.293213,-1.542633
1999-11-25,2.6463928,11.705078,17.322784,6.7080383,1.4692078,-7.634369,7.9312744,-1.517334
1999-11-26,4.680603,10.504669,12.633423,3.6734924,-0.51937866,-7.197113,0.6682129,-0.63565063
1999-11-27,9.581696,10.102295,7.967041,3.5255432,0.2975464,-4.2166443,0.86694336,0.8151245
1999-11-28,8.727936,13.72995,7.3029175,3.857788,1.0663452,-0.09970093,2.649292,-3.5906372
1999-11-29,4.2808533,10.585846,8.782837,5.946472,0.47109985,-1.214447,1.7394409,-2.495453
1999-11-30,4.534088,10.421051,11.217194,5.5389404,0.63323975,-1.9195251,3.0414429,-1.4936218
1999-12-01,1.9986267,9.686066,11.105164,4.1493225,0.14660645,-3.7010193,4.5431213,-2.444641
1999-12-02,0.9610901,6.80661,15.866913,8.968079,0.31967163,-4.1148376,5.858734,-3.722412
1999-12-03,4.4291687,6.4787292,11.490692,6.430969,-3.0305786,-2.57016,6.069458,-0.36068726
1999-12-04,4.84317,8.368683,8.132599,4.8110046,-0.2965088,-0.80844116,7.502075,-0.4996643
1999-12-05,3.8570251,11.829132,10.573456,4.0494385,1.4239197,4.673004,12.924408,-2.6297913
1999-12-06,5.810791,13.218414,13.967468,2.7852173,2.1098328,10.701569,9.140472,-1.5131226
1999-12-07,12.101837,9.451752,14.894012,2.8356628,-1.8170166,3.1505432,8.047119,1.8439941
1999-12-08,12.9305725,15.422943,16.028595,2.236969,-0.9439697,0.20596313,6.577942,-1.2136536
1999-12-09,1.7738342,12.734467,17.403198,0.4149475,-1.5843811,-0.26522827,4.7255554,-0.8097534
1999-12-10,0.51779175,6.934784,14.229034,-1.215332,-0.803833,0.940094,4.380066,-2.1025085
1999-12-11,-2.591034,5.7401123,11.744995,-0.2929077,10.790985,0.86880493,6.650177,1.5716553
1999-12-12,-3.11203,7.460724,11.385651,-1.1662903,1.7115173,2.0785217,5.998749,4.1956177
1999-12-13,-2.3284607,6.238861,11.44635,-1.90271,-0.9222412,5.7677307,2.9432678,1.9804993
1999-12-14,-4.2220154,6.3352966,12.553101,-2.8613281,-3.3644714,7.5282288,6.866852,2.290619
1999-12-15,-2.113556,6.55484,14.037933,-1.0198975,-3.7522583,-0.13095093,6.1420593,1.1487122
1999-12-16,1.4371643,6.7465515,14.390869,5.9315796,1.3119507,-7.117523,0.41125488,-0.76226807
1999-12-17,-2.0683289,6.746887,10.291199,7.3760986,0.12588501,-5.667816,-0.3230896,3.3301392
1999-12-18,-3.8773499,4.3157654,6.455658,4.3466797,1.4690857,-1.3016052,7.6737366,-1.5715637
1999-12-19,1.6921082,6.033722,6.7574463,5.1027527,8.06012,-4.1680603,9.425049,-2.2702637
1999-12-20,2.5351562,2.841278,7.2375793,3.046875,15.374023,1.2572327,-0.48571777,-2.3428345
1999-12-21,1.3036499,6.2898865,8.923309,0.38323975,8.008728,4.671295,-1.7065735,-2.937561
1999-12-22,4.2183533,2.562378,15.01358,-1.6117554,0.050048828,3.2098694,-1.7685852,-7.387024
1999-12-23,0.32052612,5.5281067,6.076416,-1.3777466,-1.7254639,0.8507385,1.2960815,-10.145569
1999-12-24,-2.2243958,8.3367,3.3050537,-1.5932922,1.6656494,0.66885376,4.075775,-7.480316
1999-12-25,-0.7881775,5.9724426,3.148529,0.10055542,-2.4585876,5.247711,8.779907,-8.957123
1999-12-26,-1.2907104,4.8107605,2.2178345,-0.21835327,-5.2684326,14.916168,11.635254,-10.066071
1999-12-27,-3.667633,5.1961975,6.6802673,1.5244751,-12.228607,7.7079163,14.723938,-9.115601
1999-12-28,-3.6203003,6.7965393,8.47583,3.08255,-4.8226624,2.2467346,14.958099,-6.3790283
1999-12-29,-2.0682983,6.881012,8.888641,-1.0671692,-10.853882,0.957428,6.08313,-7.0386353
1999-12-30,-2.3494568,4.872986,12.4557495,-0.28588867,-22.402008,-3.5906677,-0.028137207,-5.560211
1999-12-31,-2.5553284,4.1052856,12.983917,-0.40405273,-5.990753,-3.6226501,-0.1534729,-3.991455
2000-01-01,-3.13797,7.4215393,17.179077,-2.386078,-3.7627258,0.10122681,5.6927185,-1.8279114
2000-01-02,-4.0000305,1.6638489,17.930573,-0.020019531,-5.959839,1.6813049,1.754364,-1.5795898
2000-01-03,-4.4288025,9.34317,12.700073,-0.60253906,-8.383118,2.7523499,0.58444214,0.36001587
2000-01-04,-1.8690491,3.55307,6.0642395,-0.6873779,-22.177261,1.7826233,6.125824,0.9396057
2000-01-05,0.27401733,4.3053284,7.5959167,-1.2641602,-23.32602,-0.88119507,7.4380493,-1.2202759
2000-01-06,-0.5415344,2.538971,6.0298157,-2.6101685,-15.102417,1.0624084,2.706543,-1.7087402
2000-01-07,-0.62789917,1.1832275,5.613556,3.2306824,-9.712891,-3.7779236,10.467224,1.6712341
2000-01-08,2.6621094,4.3352356,5.162445,0.31628418,-1.380188,-12.667572,8.471558,-1.0043335
2000-01-09,-0.5340271,3.2104187,9.083313,0.16040039,-2.231842,-3.926117,3.4596252,-3.8363342
2000-01-10,-10.383209,10.237793,13.901123,0.85113525,-2.7373962,0.69937134,2.4902954,-9.841003
2000-01-11,-12.7030945,9.350952,11.656616,4.769745,-16.771393,2.1922913,4.7846985,-6.5521545
2000-01-12,-10.284088,4.50119,6.3035583,6.8277283,-11.78653,8.397858,6.6865234,-4.6992493
2000-01-13,-0.44448853,4.90448,6.665619,3.1864624,-9.66861,2.6227112,0.6738281,0.32662964
2000-01-14,0.5221863,2.3782654,12.858154,-0.2702942,-10.117004,6.4234924,6.5480957,-1.5241394
2000-01-15,-9.564789,7.321045,4.672119,-1.6222229,-6.16156,2.2738342,4.130432,-2.9804077
2000-01-16,-10.953674,5.150238,3.894165,2.5756836,2.4593506,1.1271057,10.377106,-3.2059326
2000-01-17,-8.111298,-0.105407715,-0.17129517,6.1547546,-8.576294,-1.4156189,5.161682,-6.238678
2000-01-18,-11.648407,4.6679993,-2.2167053,1.7485657,-6.3670044,-4.797943,-0.13320923,-9.489929
2000-01-19,-1.9348145,1.9239807,0.27590942,-0.381958,-6.260376,-9.348724,-1.7532349,-13.607758
2000-01-20,-0.013336182,2.8710632,2.5753784,2.9491882,-4.6757507,-10.450775,-1.7611694,-7.755951
2000-01-21,5.7377014,2.7591248,-0.28649902,3.392334,-12.557434,-5.4395447,-0.74282837,-7.0063477
2000-01-22,-2.4065247,7.640045,-1.3000793,-1.6242676,-6.2723083,-0.34335327,1.0271606,-14.135468
2000-01-23,-10.37381,8.206207,2.3945618,-2.488037,-3.0973816,-0.39559937,-1.6119385,-11.811584
2000-01-24,-12.306244,3.375885,5.7690735,0.3614502,-1.1796265,-0.8003845,-3.9120483,-9.90271
2000-01-25,-9.7258,2.2396545,2.109192,-0.5141907,-2.9058838,1.3353577,-5.7568054,-7.6951904
2000-01-26,-6.7293396,-3.4900208,6.1750793,-0.14419556,-0.20407104,6.199127,-1.788208,-10.883575
2000-01-27,-5.5811462,-1.2538757,2.9659424,2.341858,-6.0238037,4.482086,1.6881104,-10.269745
2000-01-28,0.5730896,2.948639,3.1050415,2.927826,-6.837677,10.585846,-0.09786987,-10.35022
2000-01-29,-5.0903015,2.4548645,-0.87701416,6.833191,-9.927643,12.415436,-0.8952637,-11.621429
2000-01-30,-2.1730652,-0.31887817,-4.188385,6.4355164,-14.061859,3.617096,0.06881714,-15.2258
2000-01-31,-10.117676,3.0017395,-6.0032654,1.0467224,-11.034973,2.0248108,-0.13717651,-14.188202
2000-02-01,-10.454163,2.101471,-3.721344,-0.2592163,-6.987335,0.24209595,0.49291992,-10.165405
2000-02-02,-11.662323,-1.7044983,-0.7921448,0.5017395,-8.465485,2.8441467,7.68515,1.1716614
2000-02-03,-11.47171,-3.5091858,0.8156433,3.6132507,-8.262451,3.2599182,11.909149,0.5093689
2000-02-04,-9.889465,3.30188,2.663971,8.491333,-4.5668945,4.02359,2.751587,-4.2030334
2000-02-05,-8.791168,3.9411316,6.3328857,-1.9885864,-3.7120667,1.9093323,-8.329102,-2.5115662
2000-02-06,-7.539398,2.0057068,-1.6062622,1.4039612,-1.2879944,0.58657837,-10.308502,0.6187744
2000-02-07,-5.5032654,1.1633911,-3.674652,2.8034363,-3.8173828,-0.32748413,-6.5400696,0.99282837
2000-02-08,-3.1296692,-1.1837463,-2.4707947,2.4703674,-5.83844,-0.33554077,-4.2744446,-3.1249695
2000-02-09,-0.929657,2.3070984,-0.78274536,7.2947083,-1.5939331,1.7118225,-5.07251,-2.9075317
2000-02-10,-10.807587,4.2355347,1.5291138,10.124481,-1.0437012,0.5096741,-7.3312073,-1.040741
2000-02-11,-11.564301,4.2398987,1.0999451,3.844574,-0.62057495,-5.929535,3.661621,0.8548279
2000-02-12,-5.873932,7.435486,0.3356018,1.7322693,3.5090942,-1.6451111,4.4210205,-1.4500732
2000-02-13,-1.7312927,6.5328674,1.6826172,2.1826172,-1.9275818,-3.13974,-3.3955994,-1.6072998
2000-02-14,-9.282196,5.6488037,1.3452148,-0.8199158,-6.6266174,0.3829651,5.1455994,-2.081482
2000-02-15,-6.9112244,2.929718,1.8518982,-2.6586304,1.8187561,2.4427795,3.7002869,0.121154785
2000-02-16,-3.6088867,2.381836,2.7527466,-2.5973816,3.2720337,-6.1038513,1.1647949,0.19534302
2000-02-17,6.780945,1.4203186,5.238922,-1.052887,-1.2648926,-7.5865173,1.4539185,-5.6109924
2000-02-18,8.547882,8.017731,7.1237183,-0.47018433,1.4045715,-6.2029724,2.0377808,-3.743103
2000-02-19,2.650238,1.7486267,5.283142,0.4083252,4.848694,1.4833069,7.6662292,-1.5297546
2000-02-20,0.24804688,-2.2550354,3.375183,1.1543274,6.4379883,-9.003021,-0.81240845,0.6816101
2000-02-21,0.10134888,-4.122772,2.0766907,2.1774597,1.0108337,-10.208099,-2.7192383,4.0125732
2000-02-22,-0.4986267,3.4984436,0.7701416,1.545929,-0.59713745,0.3146057,-6.326782,3.0889893
2000-02-23,3.7653809,0.78479004,1.6714783,0.9152527,1.8163452,-2.978363,-6.050354,-0.15148926
2000-02-24,7.4822693,-3.8317566,2.9703674,1.9088135,-0.5420227,-8.175873,0.21502686,0.14212036
2000-02-25,7.048828,7.3423157,-0.25476074,2.1842957,-8.609558,-7.6670837,4.8644104,3.2305603
2000-02-26,8.688568,2.9450989,-0.015533447,1.4981995,-2.9795837,-2.3143005,7.7125244,4.740967
2000-02-27,14.5961,3.139679,-0.02557373,3.1349487,-9.29071,1.3456116,-0.26193237,3.8005066
2000-02-28,11.371307,8.008514,2.327057,4.5503845,-8.810272,4.368561,2.1628113,8.298096
2000-02-29,7.0054016,1.9259949,,4.9894104,-2.8153076,1.5692444,,
2000-03-01,7.2261353,-0.9620056,3.2662048,5.479248,-4.4375916,0.052642822,2.1368713,0.9333496
2000-03-02,-4.0679626,5.4691467,2.2529297,4.9212036,-1.715271,1.5648499,0.804718,1.1873169
2000-03-03,-2.6686707,7.9252625,1.7885437,5.5200806,-0.11099243,4.4879456,-2.4620972,0.374115
2000-03-04,-2.7936707,4.4620667,-1.3674927,7.1975403,-1.8410339,6.0453186,-0.0036010742,2.5292358
2000-03-05,-5.291565,2.4201355,4.6662903,6.219696,-0.64053345,7.726959,-0.7454834,3.5419617
2000-03-06,-1.5231323,4.612488,9.492859,6.2550964,-2.227234,11.432526,-0.76297,0.90597534
2000-03-07,6.4474792,6.882599,1.7380066,4.894928,-2.7196045,12.192535,-1.3431702,1.5541687
2000-03-08,10.29483,7.38443,3.9545593,5.597809,0.24035645,13.068512,1.0956116,-0.30969238
2000-03-09,7.291931,8.016876,9.528351,8.513458,1.8737793,9.618561,6.5188293,-2.67807
2000-03-10,-1.2781677,6.5433655,7.5930176,8.929565,-1.8687439,8.628082,9.869629,-0.4052124
2000-03-11,4.733917,3.9909058,1.4815979,6.6664124,-6.3621216,4.95401,13.55014,3.2417603
2000-03-12,5.1025085,5.6863403,3.434967,6.0787964,-1.9442749,5.2311096,14.296509,4.651184
2000-03-13,-0.51156616,4.2342224,10.320099,6.1874084,-0.979187,6.302887,13.050903,4.304413
2000-03-14,-1.8169861,6.401428,10.048065,6.8423157,-5.602997,8.27066,12.42804,6.553467
2000-03-15,3.0545654,10.072845,12.723938,8.190552,0.5452881,7.9911194,7.985138,1.6018982
2000-03-16,-6.7595825,5.3523865,7.470764,5.686554,5.794403,7.5506897,8.31485,-1.8488464
2000-03-17,-2.495453,2.5576172,7.6187134,4.8470764,2.389923,6.9654846,11.4157715,-3.0274658
2000-03-18,7.3204956,2.2868347,5.237213,3.6166382,1.9533081,6.9064026,4.125885,-2.9038696
2000-03-19,12.297791,2.8703308,5.6073914,3.447815,2.7539978,-0.014007568,3.2367554,4.6307983
2000-03-20,0.49295044,3.3751526,7.129242,2.7669983,3.5546875,-1.0550232,6.4606323,2.3489075
2000-03-21,-1.3963928,6.2621765,3.6880798,-0.4274292,1.9625244,1.8246155,14.531036,-4.9650574
2000-03-22,-1.2276611,7.806732,3.5750427,3.7545166,0.73983765,2.1097717,16.412933,0.46984863
2000-03-23,1.6938171,9.899048,5.8610535,6.274658,2.027954,3.9410706,5.9517517,-0.9604492
2000-03-24,6.908783,5.6046753,6.9108887,6.848633,2.1011353,8.167389,3.605835,-0.6244507
2000-03-25,4.6230164,5.5267334,11.4133,7.6575317,1.9492188,11.846832,-1.0284119,-3.4407654
2000-03-26,-0.693573,5.2729187,4.976013,8.328766,2.906189,6.4339905,-1.4650574,-1.2517395
2000-03-27,-0.2939148,5.515106,5.977112,8.886475,0.74057007,2.1427307,3.087494,-0.767334
2000-03-28,3.8044128,2.8485413,3.1392212,9.123535,-1.3804626,1.7020569,3.829834,-1.4932251
2000-03-29,1.8207092,-0.29586792,8.343964,10.4183655,9.935272,2.7982483,4.7546387,-0.7138672
2000-03-30,6.852539,2.726471,15.172028,12.081726,9.44162,3.5907288,7.876251,0.716095
2000-03-31,6.287262,2.7302246,12.792114,12.231598,5.4056396,4.137848,11.851959,-2.3947449
2000-04-01,5.035431,0.16549683,13.215973,12.839111,0.15576172,3.913971,9.466614,-3.6246948
2000-04-02,3.3500977,1.6062927,16.99881,13.368256,0.7138672,2.9134827,5.454132,-2.8550415
2000-04-03,13.416779,0.33511353,17.360168,11.358673,1.570282,1.7130432,6.988617,2.6665344
2000-04-04,7.68808,1.1582336,17.455841,8.6406555,3.4616394,3.1087952,16.575897,6.4364624
2000-04-05,3.9491272,5.273773,19.614014,11.533173,4.9226685,4.6002502,7.3902893,0.9539795
2000-04-06,3.329132,9.945465,17.71582,8.9028015,7.56485,6.4266663,4.3046875,-1.0360413
2000-04-07,4.6527405,11.05722,18.32785,9.126221,7.6739807,6.653961,10.597748,0.83618164
2000-04-08,2.8634949,10.150574,14.65625,10.673096,8.847473,6.8038635,13.706757,1.0769958
2000-04-09,10.673798,8.173004,18.101654,10.541351,14.573547,7.8334045,15.278961,3.539978
2000-04-10,4.6315002,5.074768,11.5590515,8.675659,17.073853,7.4874573,10.278595,3.1987305
2000-04-11,3.3945007,7.5293884,13.16803,10.554749,15.718262,9.046783,6.08313,5.1064453
2000-04-12,4.7120056,9.173309,14.914459,9.796631,12.165619,10.253326,6.3757935,5.4040527
2000-04-13,2.0489197,6.587677,13.288116,11.020905,10.821747,11.096344,9.281647,3.9962463
2000-04-14,-0.36395264,5.6680603,16.98172,11.742645,11.041077,13.936188,8.441772,5.528137
2000-04-15,1.6663513,5.810272,12.516602,13.559662,7.617401,11.886871,7.872223,6.250183
2000-04-16,7.3984985,6.5743713,14.387054,12.524048,9.765259,4.4596252,14.660156,1.502655
2000-04-17,14.490509,6.801422,16.964874,14.288055,8.87027,5.5189514,18.107727,1.9039612
2000-04-18,9.864075,6.6702576,18.938477,12.986267,8.351593,8.378571,18.157227,3.7589417
2000-04-19,6.4548645,7.257721,15.049866,8.750641,8.671082,10.131012,20.553192,8.727966
2000-04-20,6.7201233,8.588257,11.454102,10.187225,7.1328735,13.585358,21.28366,3.2276917
2000-04-21,3.9728088,10.004059,9.534363,11.131256,9.053467,16.861969,16.264984,5.0359497
2000-04-22,4.6170044,10.85495,10.798737,12.022827,9.765564,9.721344,12.918091,10.79834
2000-04-23,2.8692017,9.186188,14.626617,15.767731,10.519836,9.498199,17.697235,12.268951
2000-04-24,4.532654,8.794403,18.938477,14.893036,11.503021,10.413971,16.921875,12.083801
2000-04-25,3.8510742,8.079132,18.11438,12.236053,9.959045,11.142242,12.371613,6.6845703
2000-04-26,3.7954407,8.810699,18.69049,13.270752,15.550659,11.876129,11.503998,5.7034607
2000-04-27,5.1368103,8.485626,15.871185,11.981415,16.66806,15.110992,11.184387,5.6966553
2000-04-28,5.245514,9.070465,12.559845,11.821411,9.01767,10.479889,11.83371,4.9904175
2000-04-29,6.7808228,11.637421,12.39798,12.598145,11.431549,9.184479,11.140625,3.30307
2000-04-30,11.596161,13.035767,16.198944,13.666412,12.607483,12.888336,17.415192,4.9553833
2000-05-01,14.846527,11.422668,16.409576,8.740356,7.1064453,15.332428,17.176544,6.3234253
2000-05-02,11.772858,11.666229,14.653595,7.8387146,8.788544,15.218414,13.027008,7.732025
2000-05-03,16.390686,12.904694,16.150696,9.965088,9.620117,15.757965,11.784485,8.351196
2000-05-04,9.874603,10.177765,17.210236,10.93158,11.563995,16.293854,13.419556,8.051117
2000-05-05,13.416321,12.312653,18.422821,13.483185,11.836395,10.95401,16.014526,8.947296
2000-05-06,11.976349,11.677765,14.503845,12.880188,7.946228,11.310455,18.654205,9.898956
2000-05-07,9.774933,11.348328,13.928955,17.575317,7.330902,13.10611,17.176636,8.757416
2000-05-08,11.581757,11.3246155,14.170837,18.883453,9.274994,11.6058655,9.637573,7.2357483
2000-05-09,15.572845,9.501434,14.815735,19.894104,12.251587,15.870514,9.821442,8.315582
2000-05-10,12.742096,8.716248,17.263916,19.77832,11.895935,16.26773,11.049133,9.302856
2000-05-11,7.671753,8.6562805,18.660217,16.737152,9.899994,16.864655,10.557068,13.308044
2000-05-12,8.933807,9.417572,19.360596,14.925751,8.862183,16.364655,13.455597,12.623901
2000-05-13,11.40329,9.710297,18.815948,16.157593,10.293335,15.382721,16.801575,11.320404
2000-05-14,11.41983,12.839203,19.101593,18.766266,12.290314,15.831207,17.379333,13.711182
2000-05-15,13.326141,11.6185,19.542664,22.089142,13.934326,16.145905,15.496674,13.446259
2000-05-16,12.005035,11.358826,19.698486,17.031647,13.312988,15.215485,17.35376,15.8585205
2000-05-17,12.178375,11.108612,20.646118,15.49588,11.176636,13.569489,18.51175,14.849396
2000-05-18,14.111084,10.784515,21.855072,14.768066,13.467468,14.525787,13.84137,13.30484
2000-05-19,18.770782,11.42923,22.204865,16.187378,9.336243,14.198151,11.224152,15.835205
2000-05-20,18.677948,10.8706665,22.955658,16.668457,11.848297,11.60611,15.389893,17.21936
2000-05-21,19.960968,11.95636,21.176392,15.075439,11.727631,10.729889,18.246796,13.652893
2000-05-22,17.533478,12.4288025,20.759644,15.713013,16.468353,11.883942,20.678528,15.184204
2000-05-23,19.032745,12.130035,21.546753,16.330322,18.138885,14.359039,20.146942,14.797455
2000-05-24,21.896149,12.974579,20.091736,16.866547,15.095337,16.60147,14.063385,11.617096
2000-05-25,17.491852,13.377655,20.299988,19.916931,7.935852,16.15689,14.397858,12.106628
2000-05-26,17.791656,14.823517,22.149689,20.139862,8.801514,13.5399475,17.574219,12.699646
2000-05-27,20.15451,15.257996,20.071106,18.851562,9.680206,16.519928,19.52185,14.918579
2000-05-28,20.001587,15.39035,18.989258,21.13089,10.655121,19.611237,20.910675,20.661224
2000-05-29,17.170197,14.243195,20.132172,20.54538,12.171143,16.774567,21.877716,21.56894
2000-05-30,18.49234,15.722015,21.950195,22.690643,12.581482,14.166412,20.749268,17.348816
2000-05-31,16.294159,16.849579,22.951477,20.894928,11.690735,15.872467,22.609497,15.841675
2000-06-01,16.518219,14.131683,22.804688,19.337585,15.433533,16.35147,15.712799,15.845551
2000-06-02,16.945953,13.683685,20.654785,18.213531,19.377289,19.395172,13.882202,14.539673
2000-06-03,17.110016,16.28482,24.556885,19.067932,20.985626,18.177155,17.127777,16.337585
2000-06-04,18.244995,17.272186,23.506866,19.595886,18.01355,17.655426,20.579254,18.095398
2000-06-05,18.821533,16.95404,22.298004,19.274231,12.35318,20.419342,16.402039,18.164856
2000-06-06,21.089508,16.56717,19.476318,18.688385,13.69046,21.335114,17.71872,15.408569
2000-06-07,22.52774,16.809784,19.280273,18.544708,17.970276,19.107086,21.39154,15.086151
2000-06-08,19.60147,17.60373,19.279907,19.777252,19.03949,14.919098,17.116364,17.898651
2000-06-09,20.54013,15.95401,21.248413,19.637238,21.18631,15.027985,12.280334,21.19162
2000-06-10,20.535065,18.169373,23.818848,19.861725,23.57782,16.805817,13.2213745,20.523254
2000-06-11,16.913788,17.036102,24.288391,20.759796,22.286224,16.840729,17.800537,17.151001
2000-06-12,15.405792,16.32956,21.38266,20.751465,23.691528,17.649567,20.795746,17.6622
2000-06-13,15.160797,17.659637,21.477142,23.205017,20.96579,21.858551,17.15564,20.282501
2000-06-14,17.418915,17.34024,23.5596,22.799103,17.79123,21.31192,16.4068,21.378693
2000-06-15,17.686188,16.102783,24.377075,21.116394,19.036652,17.102936,15.826538,21.336456
2000-06-16,18.092743,17.802582,24.513,20.255066,18.638672,16.510406,16.883606,23.628387
2000-06-17,16.541718,17.923279,25.891876,20.044617,20.903198,15.594391,17.19986,24.593292
2000-06-18,16.820587,18.317413,25.58957,21.575653,21.43396,15.048248,21.831818,23.619446
2000-06-19,15.006317,17.710724,25.136902,22.360443,21.702545,16.166656,24.878326,24.313812
2000-06-20,16.355743,18.539825,25.489075,22.917084,21.411865,17.36734,23.422974,24.743042
2000-06-21,17.899994,18.30014,23.703613,23.642792,20.818665,18.626617,24.153381,24.9245
2000-06-22,18.306122,18.131805,22.928833,23.05777,19.644836,18.831207,24.766174,24.433197
2000-06-23,19.222687,18.26889,22.649536,23.878998,21.460114,20.155182,24.107971,23.103851
2000-06-24,19.411713,19.21402,22.066162,23.558014,23.05072,20.869781,23.508911,23.760284
2000-06-25,19.124481,19.351288,21.63681,24.587372,23.99472,21.066315,23.621002,19.883636
2000-06-26,18.493439,19.003998,22.815125,26.633514,24.079102,20.673737,24.220093,19.194153
2000-06-27,18.104858,18.621765,23.24118,26.51297,23.060028,19.616608,25.008575,18.585419
2000-06-28,19.541718,19.73761,23.085632,25.92215,23.049011,16.532867,26.202484,19.22226
2000-06-29,19.793549,18.271088,23.506989,25.363922,24.21045,17.548737,25.861938,21.205597
2000-06-30,20.675354,19.657562,24.896423,19.003082,24.874695,19.386383,20.480743,22.01712
2000-07-01,20.108276,20.331818,23.682922,21.612213,23.767395,20.072174,19.875977,23.017456
2000-07-02,20.031952,20.801666,22.39331,22.7359,23.216583,20.604645,24.053589,23.20935
2000-07-03,19.960327,21.224274,24.38681,23.465057,20.18982,20.46524,25.974915,21.562622
2000-07-04,20.445099,21.26529,26.735443,23.745178,20.786072,20.611969,26.68869,18.637268
2000-07-05,20.583618,21.265533,26.999207,23.145508,20.213257,20.699615,20.563568,17.26413
2000-07-06,21.09262,20.69986,25.137177,22.779083,21.121094,20.235504,22.631073,18.217194
2000-07-07,22.660309,20.770905,23.862823,22.188263,22.970184,20.245026,24.619812,17.18628
2000-07-08,23.264313,21.750824,23.867462,22.994843,24.087616,19.684723,23.110565,19.415894
2000-07-09,23.124847,22.37616,24.727203,23.43341,24.210205,19.18399,23.38144,18.810242
2000-07-10,20.50592,22.562958,25.11847,23.71759,22.504242,20.715485,24.912659,15.443237
2000-07-11,18.187256,22.072418,25.642883,24.080597,22.246368,23.28482,23.31128,14.775024
2000-07-12,18.055817,21.48703,26.461548,25.032501,21.74408,18.471588,22.741852,17.044891
2000-07-13,22.134125,21.736237,23.83258,24.512543,24.506775,17.859528,23.393555,19.83554
2000-07-14,25.306976,22.479065,24.547272,23.825165,24.27237,21.552887,23.439636,21.917694
2000-07-15,21.946869,23.269806,29.013184,24.172974,25.318146,21.642487,25.916046,22.605927
2000-07-16,21.445038,24.562836,27.350952,24.030487,24.043793,26.355133,27.27826,19.942963
2000-07-17,23.755463,23.979584,26.070496,24.926575,24.01886,27.59903,26.034607,19.314728
2000-07-18,24.874542,23.278656,26.5419,25.738495,23.75058,28.622711,23.694,19.411438
2000-07-19,25.057343,23.638184,28.568146,26.33139,23.872864,23.302643,23.880829,20.12799
2000-07-20,25.13272,24.131897,28.091644,24.985962,24.05719,18.978912,25.754608,21.797577
2000-07-21,25.703827,21.227386,28.301483,24.400513,24.635223,18.54898,25.925781,22.937225
2000-07-22,26.074371,21.918457,26.816528,23.59906,25.373962,20.643707,25.327545,22.350769
2000-07-23,25.005737,21.511993,24.802948,23.639801,24.172363,22.516022,25.295624,23.188202
2000-07-24,21.812866,23.59198,24.857452,23.995605,23.04541,23.848053,25.869293,19.843323
2000-07-25,21.420929,22.570038,24.32904,26.583038,24.20694,19.017487,29.08255,21.024506
2000-07-26,21.892914,22.521484,26.518982,23.693909,23.356628,18.41861,28.141815,19.561798
2000-07-27,22.313446,21.596832,27.476898,25.140045,24.060638,21.324127,26.977722,19.53482
2000-07-28,22.727997,23.463654,27.325317,25.300262,23.68451,24.0253,25.708832,22.715729
2000-07-29,23.693329,24.292816,27.858154,23.456024,24.382141,21.703278,25.739319,21.362183
2000-07-30,23.550385,21.917267,27.289185,22.526093,23.40033,27.820465,26.916931,19.800507
2000-07-31,24.654388,22.12558,25.570343,24.004639,23.858826,20.911774,26.917908,20.193542
2000-08-01,23.630554,22.329254,26.744171,22.366302,25.091461,19.386383,23.895386,24.091187
2000-08-02,22.48056,23.553864,26.04242,23.02826,25.388031,17.827057,19.7435,28.516571
2000-08-03,23.45047,23.120453,26.043243,21.645874,24.631714,17.370026,21.945374,26.435547
2000-08-04,22.656494,23.498352,25.902832,22.786255,22.868713,17.708649,24.773682,26.066772
2000-08-05,23.449066,23.658081,25.913513,22.34674,24.817657,21.450836,25.061646,20.30362
2000-08-06,24.519989,25.214813,25.64737,21.914917,25.76471,23.556305,24.45932,19.167297
2000-08-07,24.012909,22.936066,24.576324,22.702759,24.450226,21.906403,23.797089,18.878296
2000-08-08,23.887177,23.716278,24.488007,23.085938,23.493835,24.52237,22.924591,18.681885
2000-08-09,24.966095,25.415588,25.21344,23.535309,22.780151,24.960846,24.728119,19.806458
2000-08-10,25.5383,23.699677,26.415863,23.611359,23.34491,24.446442,24.916107,21.186432
2000-08-11,25.897125,24.178314,25.223724,23.143494,23.492584,22.11856,21.99588,21.376099
2000-08-12,25.861237,24.273102,25.421722,23.898712,23.477875,16.585846,24.240448,21.331085
2000-08-13,25.86673,24.657135,25.895325,24.68512,25.797241,15.722076,25.149933,21.795837
2000-08-14,26.629547,24.897308,24.523285,25.909454,24.526154,16.699127,24.814728,21.29654
2000-08-15,26.128815,26.74527,24.403381,24.46695,22.246979,18.168854,25.872223,22.870117
2000-08-16,25.626984,24.514404,24.692108,23.981964,22.693604,19.661285,28.099579,25.597717
2000-08-17,22.499268,24.46634,24.31189,21.478943,23.296417,20.568512,27.967224,25.07251
2000-08-18,20.778168,23.539398,24.006592,23.234741,26.974854,21.112213,27.217865,20.381592
2000-08-19,20.37619,25.700043,24.366638,22.32547,27.194946,22.88272,28.245361,18.92514
2000-08-20,19.687836,24.70813,24.526276,20.59378,24.777435,23.398834,25.689545,20.016327
2000-08-21,17.76712,23.826996,25.376617,22.630432,24.16217,21.31314,18.088165,20.73816
2000-08-22,18.06839,24.491394,25.19397,23.144867,25.098633,21.436432,19.446106,19.289978
2000-08-23,19.27127,25.139984,24.773071,23.483948,24.76007,20.631012,20.28067,24.465485
2000-08-24,20.957855,26.254364,25.163574,23.03891,22.625671,19.303864,21.401459,23.792267
2000-08-25,23.8266,24.407745,25.302277,22.624298,24.1109,18.466217,21.218292,20.840485
2000-08-26,23.92038,22.995056,26.410461,20.893951,24.600494,19.202057,24.217377,16.103241
2000-08-27,22.533722,23.956573,27.020142,19.924896,26.502228,21.652496,22.843292,16.023804
2000-08-28,24.312408,19.802765,27.14389,19.803497,25.039093,24.368317,24.293732,18.877075
2000-08-29,25.291473,21.407806,26.484161,21.521606,24.74524,23.176666,24.044617,17.055664
2000-08-30,24.11081,24.723663,25.469635,20.501404,24.636139,21.683014,23.058136,16.00003
2000-08-31,19.769806,19.54126,25.391144,20.355103,23.859375,24.621979,17.234436,19.422699
2000-09-01,18.558563,23.987518,26.640594,19.267487,22.095581,23.768707,21.218262,18.550354
2000-09-02,18.171997,25.23587,26.058777,16.962036,22.351257,21.35733,25.184265,18.0383
2000-09-03,17.609894,25.968414,26.215607,17.642273,22.929718,18.861237,20.168396,19.360718
2000-09-04,18.842377,25.942871,25.083893,17.24115,22.914856,15.905914,17.949005,18.114594
2000-09-05,20.605133,24.666046,25.113556,16.247772,23.511505,10.843903,18.776001,17.465118
2000-09-06,23.107666,22.442017,25.192596,17.02118,23.274353,10.428131,20.641296,16.832245
2000-09-07,22.026886,22.021973,24.118408,18.679504,23.36557,12.566559,22.946014,21.118225
2000-09-08,17.043854,22.30478,23.907227,18.985199,23.938324,16.540192,23.880524,22.079895
2000-09-09,17.03061,24.088593,24.13742,19.087585,20.127014,18.608795,23.752533,16.029785
2000-09-10,18.243378,23.658936,24.310852,19.243805,17.567963,20.920074,23.3172,14.326019
2000-09-11,19.310791,25.33255,23.688538,20.229492,15.855438,17.079498,22.102814,13.768982
2000-09-12,17.918976,22.963226,23.441864,20.445923,16.732758,15.201813,18.051514,15.928955
2000-09-13,14.431,18.405487,24.72882,17.717773,18.551025,15.359528,21.007965,16.8779
2000-09-14,13.748199,24.177948,24.146637,16.86444,18.586578,17.734528,22.365204,18.324707
2000-09-15,14.773651,26.417145,23.154327,19.161804,19.155731,18.483795,20.831573,12.124329
2000-09-16,17.992523,25.631989,24.338348,18.754211,21.119843,19.12613,19.08783,10.78186
2000-09-17,21.182404,24.614227,23.162903,18.9422,21.86148,19.557281,20.774475,12.90033
2000-09-18,21.439117,22.89566,20.65207,19.314362,22.369812,19.585114,22.776031,15.170349
2000-09-19,16.893158,17.549286,21.37027,20.616394,22.518463,17.869537,23.363678,18.500305
2000-09-20,12.680634,19.8591,22.630829,17.526764,16.68747,17.45987,23.896881,19.957214
2000-09-21,14.251923,19.665619,22.26883,18.38858,17.945526,16.300201,23.433075,17.41211
2000-09-22,13.091522,20.680084,23.611237,16.607758,19.425995,15.389313,23.628845,16.131409
2000-09-23,15.764618,20.459137,23.6109,16.378784,20.52185,15.287262,18.082245,13.756073
2000-09-24,14.6250305,16.968658,24.311249,17.373505,21.792511,15.328522,15.871033,9.276886
2000-09-25,14.873901,15.470428,23.546417,18.513702,21.954132,15.039459,13.733795,9.32135
2000-09-26,14.574799,17.57251,19.055176,19.158478,21.333252,16.053864,16.20581,9.897339
2000-09-27,11.823822,15.364532,16.72705,18.344177,17.02182,17.2753,17.923218,12.241821
2000-09-28,12.274261,14.316498,20.228058,16.545715,15.065186,19.039948,20.632782,9.798859
2000-09-29,13.561859,17.276947,22.020996,19.254913,16.320923,14.723053,22.446655,9.462158
2000-09-30,16.115692,17.531525,18.40866,18.123413,16.168396,11.555817,22.415253,8.912018
2000-10-01,18.998383,15.557953,16.856445,14.22702,17.674988,14.295319,22.707642,9.02597
2000-10-02,21.46997,18.248444,16.9057,13.146332,18.5307,16.50113,22.448883,11.855591
2000-10-03,16.078247,19.539948,17.60913,13.068573,20.313232,10.130524,21.790558,10.858185
2000-10-04,10.77478,21.606323,18.854218,13.471893,17.610626,8.8854065,16.325317,9.4219055
2000-10-05,11.075714,17.3927,19.851776,13.358978,18.440704,9.0729065,13.032745,17.056274
2000-10-06,13.953705,13.556702,19.692627,14.536896,21.41452,10.815094,15.959778,10.646545
2000-10-07,19.000214,17.966156,18.670563,15.339478,21.541595,12.177399,18.47998,11.882172
2000-10-08,13.645447,16.802826,17.92035,15.708252,16.786407,14.760651,19.176605,11.564301
2000-10-09,12.442535,15.928741,18.442871,13.956451,11.128113,7.2103577,20.452057,12.028473
2000-10-10,14.155914,15.759491,19.789337,11.674774,9.838501,4.6214905,20.59555,16.16867
2000-10-11,13.089813,14.490143,20.025696,11.260742,5.8882446,6.1681213,15.052124,12.086609
2000-10-12,11.43454,19.221924,18.492584,9.768707,10.249237,7.459137,15.254547,10.433777
2000-10-13,12.097656,19.132843,20.437103,12.271332,9.558014,9.441071,17.51358,5.817871
2000-10-14,14.941895,14.386749,21.378845,11.47525,10.878693,9.194489,19.003876,5.3996887
2000-10-15,8.610992,17.252563,16.312042,16.145935,13.149475,10.361237,17.005432,4.612732
2000-10-16,10.4122925,19.660767,15.153229,18.33432,16.489685,19.065338,10.762604,8.4583435
2000-10-17,8.661499,20.449005,16.467987,14.525116,14.523254,8.845123,9.01416,13.636078
2000-10-18,7.301697,16.940765,20.111938,12.238068,12.16684,5.2931213,17.602386,8.730438
2000-10-19,8.015106,15.623749,16.768768,13.305237,13.097168,4.3504944,13.338989,8.296173
2000-10-20,6.769989,19.576324,13.529968,15.865112,14.186218,7.320709,11.485077,7.532135
2000-10-21,6.9272766,21.059845,13.441559,12.507599,14.414825,11.314606,10.308075,10.147339
2000-10-22,5.6150208,21.049103,10.489563,12.800568,8.4592285,10.35733,12.1171875,6.113373
2000-10-23,3.480774,17.938812,14.158173,13.2039795,5.723755,13.755035,8.335327,2.9283142
2000-10-24,4.2554016,21.634552,18.281158,15.907898,4.8071594,10.725006,8.052643,3.8203125
2000-10-25,4.894806,22.383759,19.453033,13.729095,8.811584,7.30484,9.999298,8.608093
2000-10-26,5.91098,16.864594,20.114532,10.260132,6.532196,10.806305,10.913696,14.38855
2000-10-27,9.727844,17.7984,20.558777,13.734314,2.6528015,13.687897,11.67514,6.3264465
2000-10-28,8.153107,16.676361,19.899658,12.369873,4.5473022,11.256256,13.118134,5.96463
2000-10-29,6.410309,13.244537,16.792145,12.329071,4.9263,6.8229065,10.26297,11.942261
2000-10-30,7.09021,10.391571,14.792297,13.291595,5.7140503,4.3504944,5.7331543,14.075439
2000-10-31,7.3728943,14.35849,17.214417,9.319,1.7042542,8.038727,3.2171936,5.2053833
2000-11-01,5.6998596,13.787659,15.182312,7.7929688,1.9102783,10.680817,10.687347,5.1615906
2000-11-02,4.4168396,13.693878,14.279999,6.762146,1.7125244,15.220612,13.97406,3.6054688
2000-11-03,4.41037,12.36673,10.513947,8.121033,3.967041,7.775299,15.05365,-0.56640625
2000-11-04,5.1763306,11.735596,12.384308,7.3908386,5.4661255,4.6127014,10.424652,0.53808594
2000-11-05,6.0262756,14.462372,13.006256,9.036774,6.8710327,4.3124084,8.703308,2.358368
2000-11-06,6.093048,15.030029,11.377838,9.306061,7.061493,11.617584,13.27005,2.9381104
2000-11-07,3.7119446,16.58609,11.616821,5.5360413,9.589081,16.138092,16.06601,14.168701
2000-11-08,5.613037,19.549683,11.380402,7.7158813,8.424805,16.953522,13.63028,7.4861145
2000-11-09,8.573395,14.956451,11.608948,12.655609,10.80481,7.882965,10.413727,1.929657
2000-11-10,13.508057,11.440704,12.020355,11.705872,9.870209,3.629303,10.807434,-0.30630493
2000-11-11,12.923157,10.431305,11.132935,10.516113,6.79657,9.296539,2.4329834,0.31506348
2000-11-12,7.0455017,11.70108,15.860016,8.359985,1.4472046,8.108795,2.8937988,2.1703491
2000-11-13,8.59317,10.49295,17.736847,7.4346313,7.2167664,2.1459045,5.225281,7.1373596
2000-11-14,13.050934,8.268036,18.09082,7.0967407,8.649384,1.106842,11.6102295,2.393158
2000-11-15,7.705536,6.9669495,16.858337,6.458069,5.8025208,1.8570862,12.519836,5.284729
2000-11-16,1.8242188,9.462677,14.77124,5.950165,5.0192566,5.051178,9.341553,4.446106
2000-11-17,0.59103394,14.105316,8.450836,5.8345947,8.223938,5.6773987,5.9237366,5.429535
2000-11-18,0.80770874,9.623657,7.457947,5.9599304,7.91626,4.269684,4.454773,9.981781
2000-11-19,3.2920837,11.223907,9.488129,5.4715576,4.9919434,10.273834,3.7018738,3.3800354
2000-11-20,3.2035828,10.365082,9.806885,5.2807617,8.589691,5.5919495,7.446411,0.21463013
2000-11-21,8.846832,5.3157654,12.484192,4.0364685,7.4951477,4.9515686,2.969757,0.9937134
2000-11-22,13.570251,4.6923523,7.282715,3.1862488,0.5179138,11.137604,0.720459,5.319824
2000-11-23,2.4513245,3.0209045,9.090881,4.2529297,0.21661377,3.243805,1.3398438,1.7867126
2000-11-24,2.2380676,2.7632751,10.680634,7.713928,1.0834961,0.9520569,6.707062,-1.2408447
2000-11-25,11.745148,3.2353516,11.520081,11.063782,0.1567688,0.56192017,11.11142,1.9360962
2000-11-26,2.4205017,4.05307,12.360535,7.871063,-1.0091248,8.155426,8.83728,0.37753296
2000-11-27,-2.4266052,6.7037354,7.927185,7.5560303,4.5111694,3.8456116,5.3179626,-2.5240784
2000-11-28,-2.8190613,5.1550903,5.8398438,5.125885,-1.4241638,1.247467,16.959656,0.46536255
2000-11-29,-3.9964905,8.511322,8.094147,3.506012,-0.35287476,0.9901428,6.5433655,3.331482
2000-11-30,2.4443054,4.8216248,10.888763,1.1842651,1.1671143,0.95425415,7.6033936,9.019745
2000-12-01,1.6756897,4.4613953,11.61908,1.3734436,-0.30941772,-0.098480225,12.161926,2.097229
2000-12-02,-0.026428223,5.4967957,15.784332,0.44854736,-0.5288391,-0.153656,4.11557,5.9425964
2000-12-03,4.7930603,7.1291504,13.671661,0.21517944,5.2665405,-0.9180603,-0.44210815,3.9379578
2000-12-04,2.294983,7.006012,7.0308533,-1.2674866,10.319855,0.5272522,3.3053894,0.5600891
2000-12-05,1.4726868,7.2166443,9.103943,-1.2145691,7.1840515,12.077301,14.969757,1.5966492
2000-12-06,1.7088318,11.531311,9.489197,-1.7406006,10.99057,6.4110413,4.1460266,1.2347717
2000-12-07,2.9761353,7.0138855,10.939972,-2.072815,4.244232,0.7430725,0.64260864,3.053711
2000-12-08,7.7275085,3.6438293,16.170532,-4.141388,14.873627,-3.2017517,-1.9356995,5.1617737
2000-12-09,10.849304,3.9342651,10.783752,-3.7910156,12.009888,-3.4812927,0.21865845,1.5914001
2000-12-10,-2.0803528,3.9932861,9.574188,-0.4116211,-5.4533386,0.8241272,10.386475,0.91104126
2000-12-11,-1.3809509,8.587921,12.773163,1.2408447,-1.2826843,-7.94516,8.51593,1.2591248
2000-12-12,-0.11050415,5.671295,18.697327,1.4335938,-3.5756836,-3.618988,3.8877258,8.7099
2000-12-13,-1.0624084,3.0449219,13.824829,1.6168518,0.415802,-3.26474,1.5117493,5.2476196
2000-12-14,14.172272,4.327606,11.883667,0.34970093,8.154724,-5.2068787,-0.3260498,0.5333252
2000-12-15,11.385651,4.1739807,11.375488,-2.0770264,1.1936646,-3.8118591,-5.043091,-1.2647095
2000-12-16,-0.8205261,7.10318,8.610016,-3.1106567,-0.6706543,-1.10849,-4.027069,-1.3280334
2000-12-17,2.4287415,3.0515442,9.411804,-3.713684,-0.71469116,-1.5567322,-3.35495,-0.9662781
2000-12-18,0.23086548,-0.96725464,10.053436,-2.9889832,0.5638428,-5.037201,-5.7380676,-2.0502014
2000-12-19,-10.0061035,-1.0939026,8.9219055,-2.246643,-1.4263916,-5.664154,-5.5013123,-2.650299
2000-12-20,-4.3931885,-0.4491272,5.440338,-3.117859,-8.72052,-3.040619,-5.0180664,-2.5118103
2000-12-21,-5.868561,1.651825,2.8371277,-1.3320007,-5.942169,1.6441956,-5.651642,-3.8457642
2000-12-22,-5.4256897,-0.3512268,3.199768,1.3347778,-2.5795593,-3.766693,2.6147156,-4.474884
2000-12-23,-1.9250183,2.0281372,5.8450623,1.5843506,-5.4468384,-8.391693,1.1724854,-2.441101
2000-12-24,0.06536865,1.1081238,9.89267,0.88757324,-2.636383,-7.8074646,-0.63742065,-1.1649475
2000-12-25,4.389679,1.6434631,18.197052,1.137146,1.9994507,-2.997406,-1.8867493,1.6838379
2000-12-26,8.579559,5.6871643,8.689087,2.4013672,-0.22302246,-0.45004272,-2.67453,-2.3959656
2000-12-27,8.88324,4.989746,5.6393127,7.2354126,3.714203,1.7965393,-3.3468018,-2.2103271
2000-12-28,4.091095,3.6611633,8.790894,2.4644775,5.2229614,-3.3177185,-4.2792053,-2.6653748
2000-12-29,-3.0556335,-4.011139,10.960571,-1.9025269,-10.342407,-7.587494,-3.2434082,-1.8159485
2000-12-30,-4.3132324,-5.0953674,7.2509766,-0.06793213,-8.668579,-13.207123,3.5112305,-1.629425
2000-12-31,2.052948,-3.1592102,9.056549,1.2434387,-3.6970215,-12.085541,5.857605,-2.7123413
2001-01-01,-8.91275,2.4354858,9.961426,-1.6886902,-2.7321167,-13.043793,1.2409973,-2.0393677
2001-01-02,-8.112762,5.122406,9.7074585,-6.72229,8.011841,-10.785004,-3.5864868,-1.180542
2001-01-03,-8.073242,4.4689636,9.2282715,-4.6412354,6.8821106,-7.5484314,-4.072693,-3.736847
2001-01-04,-1.9015198,-3.2460022,10.831116,-0.203125,-0.3146057,-1.0660095,-1.5194092,-5.7695007
2001-01-05,-3.3282166,-7.2412415,9.421082,0.31539917,-0.5903015,1.1424866,-3.920807,-3.2502441
2001-01-06,-5.37204,-5.5761414,4.404785,-8.694519,1.0235901,-2.9390564,-0.13708496,-2.2743225
2001-01-07,-9.863983,-1.7286072,1.7954102,-9.302307,-0.33065796,-1.35849,1.6273193,-4.8502502
2001-01-08,-14.795624,1.4832764,3.045288,-4.1968994,-2.3415222,2.3016663,1.078125,-3.9929504
2001-01-09,-7.2254333,-2.8902893,6.0191956,-3.3516235,-2.4280396,3.6495667,-0.5799866,-2.8368835
2001-01-10,-0.82922363,2.115326,3.0500183,-3.1138,-1.149353,3.0785217,-0.9924011,-1.6280212
2001-01-11,-1.8868103,-7.6808167,0.6984558,-0.5276489,0.12698364,2.2538147,5.8496094,-1.0868835
2001-01-12,-1.6740417,-6.140106,-1.6416321,-0.5540161,-2.4611816,8.573151,10.423553,-5.3623047
2001-01-13,-0.5560608,5.3332825,0.067871094,-0.22103882,-3.6226807,-1.3340759,3.215973,-11.589264
2001-01-14,-4.3501587,0.83480835,0.67071533,-1.7740784,-1.2321777,-3.7928162,-0.22271729,-14.527679
2001-01-15,0.73342896,2.8354492,-1.662323,-3.9745789,-1.5621948,0.2982483,-2.1825867,-7.5832825
2001-01-16,6.2810974,2.451416,-2.7494507,-1.8870544,-5.90979,-0.374115,-4.606476,-7.3519287
2001-01-17,-3.026764,0.3058777,-0.20568848,-4.381653,-7.3915405,-3.1197205,-4.5368347,-1.4346313
2001-01-18,-9.923126,-2.995758,1.347229,-6.0789185,-8.109558,1.6583557,3.5906372,2.2715454
2001-01-19,-3.8517761,-0.46359253,2.707611,-3.7400513,-7.652893,7.999176,3.3789673,0.60406494
2001-01-20,-12.5590515,0.428833,0.61502075,-3.8700256,-8.25354,2.5499573,1.97995,-1.8678894
2001-01-21,-11.512665,6.549469,1.2084656,2.3466187,-5.0964966,-0.9637146,0.3385315,-5.6027527
2001-01-22,-12.414459,5.5362244,0.4456482,0.43075562,-0.021148682,-1.7063904,-1.5653687,-6.9527893
2001-01-23,-12.7500305,0.07107544,-0.8864441,-1.9859924,-2.4355469,1.8380432,-3.4085388,-9.405151
2001-01-24,-6.688141,-6.8925476,2.386383,0.0050964355,-2.6796875,-4.3890076,-2.779541,-10.420288
2001-01-25,-3.0453796,-1.7797241,4.256775,0.03552246,6.2839355,-7.933197,0.74282837,-8.611725
2001-01-26,-5.2233276,-2.165985,4.931793,-0.76290894,-3.5175476,-4.3230896,0.67996216,-3.3161316
2001-01-27,2.3400574,-5.31015,6.600708,0.48098755,-17.928604,-2.528656,0.8223572,3.7918396
2001-01-28,0.6486206,-7.379822,8.208038,-2.9206238,-13.517975,-1.6394958,-0.36105347,6.755432
2001-01-29,-0.0031738281,1.904541,8.455231,-2.209198,-7.6858215,-2.8277283,-8.004059,-1.4075623
2001-01-30,2.1911926,4.6978455,4.1228027,-2.5319214,-1.076294,-5.6753845,-14.009369,-4.8539124
2001-01-31,3.122528,6.193634,-0.8617554,-5.714813,-4.9712524,-2.7913513,-7.435669,-3.2831726
2001-02-01,7.0433044,8.997284,0.10406494,-1.2554932,1.8776855,0.657135,-4.7774353,3.34906
2001-02-02,5.577667,7.6925354,6.5705566,0.987854,-1.7876587,5.0782776,-7.2692566,-6.037201
2001-02-03,0.14004517,8.522095,6.5238037,3.8251953,0.08932495,11.504303,-5.534912,-7.8259277
2001-02-04,-1.8752747,8.615692,1.7854614,1.7232361,-3.229889,8.143219,-1.3699341,-6.46167
2001-02-05,-2.051361,0.8192444,-1.2843018,1.0497437,-1.5892029,10.705475,3.8979797,0.8661194
2001-02-06,-1.4961548,-2.8983154,-2.066986,2.2111816,-5.479309,2.462555,1.3110352,4.436157
2001-02-07,-7.421173,-4.1974792,-2.640747,1.9384766,0.6717224,0.6251526,0.8144226,0.91970825
2001-02-08,-7.8642273,-0.8401184,2.9632263,0.29891968,2.1828003,-1.6907654,1.3363342,0.36254883
2001-02-09,-10.382721,2.1168518,5.4707336,3.6946106,-1.7253418,-4.2325134,-2.5423584,0.056854248
2001-02-10,-9.948517,-3.9889526,10.994446,8.308685,-1.6355591,-7.4151306,-6.851593,-4.970703
2001-02-11,-9.395477,-0.8556824,8.130402,10.05426,2.659668,-7.2657166,-7.579376,-3.0214844
2001-02-12,-6.8387146,3.1620483,5.1819153,7.1909485,-4.655487,-4.083832,-6.602936,-2.615631
2001-02-13,-0.4388733,6.2986755,12.224335,2.9719543,-1.432312,-2.4976501,-2.621338,0.42947388
2001-02-14,10.285065,0.7097473,5.7362976,2.42276,5.9966125,-0.63974,1.7518005,7.2590027
2001-02-15,-3.1588745,-4.098236,0.69625854,5.4603577,2.2951965,1.5470276,0.614624,3.2842712
2001-02-16,-11.147095,-0.9284973,-3.6849976,6.5908813,4.3246765,2.4010315,1.3338623,1.2321777
2001-02-17,-11.089935,0.32339478,-0.8138428,10.71521,2.816162,4.33902,2.6414795,-0.02154541
2001-02-18,-9.674683,-1.3695984,2.4599304,7.38089,15.382233,5.3624573,4.3898926,-1.3036499
2001-02-19,-5.693939,1.760498,9.25708,3.4429626,8.13736,1.1739807,1.1757202,-2.2457275
2001-02-20,-7.1490173,5.449005,14.937073,0.061645508,5.797699,1.723053,-3.3374023,-3.716858
2001-02-21,-8.794556,5.403473,9.818207,-0.7074585,-2.7350464,6.7982483,-2.6517944,-5.6296997
2001-02-22,-9.559296,4.180603,5.3784485,-1.4421692,4.9670105,4.2467346,1.5253906,-0.85427856
2001-02-23,-7.9995117,1.7458801,1.8478699,-3.7011414,-2.4240417,-5.975189,3.317047,6.443573
2001-02-24,-1.6171875,5.3027344,-0.6378784,-1.3217163,7.712738,-9.8685,5.3805847,10.982574
2001-02-25,-3.3995056,-0.015960693,-0.4590149,-0.43743896,7.194763,-9.504242,3.2383728,8.02298
2001-02-26,-3.6430664,-1.2189026,1.7038574,-0.46188354,1.3023071,-8.661957,2.398285,9.261993
2001-02-27,-4.650421,1.5015564,7.1145935,-1.8398743,7.8355103,-5.6844177,3.5110474,3.20047
2001-02-28,-14.319733,4.7489014,8.672211,-4.2588806,6.8862305,-3.724945,-0.825531,0.9373169
2001-03-01,-12.058319,4.0368347,6.8157654,-3.7220764,-2.3831787,-1.7625427,-2.102234,-0.47479248
2001-03-02,-8.842987,6.2496643,5.351898,-1.7001953,0.08547974,-1.407074,-1.4297485,-0.91989136
2001-03-03,-5.568817,9.779938,6.253479,-1.0171814,-11.888947,-0.9747009,-0.6011658,-1.0267639
2001-03-04,-5.7826233,-0.8904419,7.9642944,-0.9734192,-10.728119,-0.91708374,-0.40164185,0.5326843
2001-03-05,-8.133514,3.1268616,12.364075,0.24261475,0.7218628,-0.4114685,2.2930298,1.5364075
2001-03-06,-8.261322,-0.4078064,7.8597717,0.5417175,8.848694,1.2894592,5.7326355,-1.1600037
2001-03-07,-5.4252014,-1.5960388,8.216736,-0.6595459,12.35083,-4.0227966,5.676605,1.150116
2001-03-08,-9.920868,1.4607239,6.589264,-0.6234741,-0.9237671,-5.8089294,1.3348389,0.7513428
2001-03-09,-4.0320435,-0.05709839,3.5317993,1.2179565,-3.8224792,-9.168549,-0.68170166,3.585907
2001-03-10,-10.357269,1.0652161,4.881592,7.2590637,-1.5881042,-7.1236267,-2.5910645,2.5465393
2001-03-11,-10.935883,1.6201477,8.965576,9.756317,0.65148926,-3.9961853,1.1006775,2.1710205
2001-03-12,-9.48233,2.4355774,11.696777,10.742737,-1.7644043,-2.6287537,8.080292,1.542511
2001-03-13,-7.904785,2.671112,13.325836,9.654572,-1.3147888,-1.1724548,2.5644836,2.1801147
2001-03-14,-7.494507,6.280609,14.103516,4.544464,0.5963745,-0.40463257,1.7134094,4.0758667
2001-03-15,-7.0665283,2.6412048,5.203644,6.180298,-0.4136963,1.8575745,4.644104,10.481903
2001-03-16,-2.2773132,2.4516907,4.3480835,7.4854126,-1.892273,2.792633,13.287598,3.9313354
2001-03-17,-3.9611511,7.9544067,5.036621,9.658691,-1.9621887,2.853424,17.208069,-1.223877
2001-03-18,-3.186737,1.0677795,5.3961487,5.787567,-4.508423,1.67276,14.562042,-0.8221741
2001-03-19,0.09616089,-2.2130432,3.2803345,5.3515015,0.25650024,1.7650452,8.812347,3.4722595
2001-03-20,1.0947571,2.5001526,2.5518494,5.7724915,6.7772827,2.5675354,9.797455,4.7211914
2001-03-21,7.349243,8.139984,4.4172974,7.3128357,9.477173,4.9674377,14.02948,7.1769714
2001-03-22,4.9618835,9.383148,8.095795,6.920227,-4.4952393,9.612213,15.687134,13.71344
2001-03-23,3.1255798,7.8423157,13.913269,5.0404053,-0.6487732,6.491852,6.559601,9.816284
2001-03-24,6.0156555,10.356598,6.233856,5.007965,9.157074,2.2345276,4.9436646,3.1293335
2001-03-25,11.584747,9.973297,-1.4372559,5.807068,6.01297,0.61831665,7.6417236,4.094635
2001-03-26,4.3021545,7.6060486,0.05496216,7.019165,3.1597595,-1.0125427,14.953705,1.9317017
2001-03-27,11.768951,10.405701,4.0728455,10.716553,7.7964783,0.8258362,7.8812256,-1.1464539
2001-03-28,3.8103638,5.0521545,3.8588257,9.560944,12.060547,1.1615295,6.1983337,2.0220642
2001-03-29,3.3997192,5.5156555,5.981018,8.946747,14.082306,2.9359436,6.576477,6.040497
2001-03-30,11.868103,9.487335,5.976288,7.732849,9.432709,4.5121155,9.114777,5.9596863
2001-03-31,12.570465,9.052795,2.7231445,8.784637,3.4906006,4.947174,11.913879,0.2939453
2001-04-01,13.762451,6.2562866,3.8700867,7.753174,8.725586,7.4100647,16.493805,0.4066162
2001-04-02,10.594116,5.8529053,4.3139954,4.492523,6.2279053,11.9479065,15.749695,1.1972046
2001-04-03,8.115051,5.223236,6.085205,5.5870056,6.88974,9.69278,17.31314,11.348297
2001-04-04,7.623413,6.9875793,7.303589,9.019012,5.568756,4.5968323,14.228607,15.763123
2001-04-05,10.333099,7.5854187,8.031586,11.284119,3.8891296,2.6913147,11.263306,7.7798157
2001-04-06,5.73172,6.3661804,8.365906,12.292603,4.0849915,3.7220764,10.377716,2.9528809
2001-04-07,8.301239,6.6999817,12.670715,14.904816,4.3318176,4.8055725,11.050934,1.5415955
2001-04-08,8.827972,5.1683655,14.049011,16.243958,2.5327148,6.7347717,14.90448,1.7573242
2001-04-09,13.0243225,5.9620056,13.477753,14.118286,0.24325562,10.020416,18.62732,3.7998352
2001-04-10,11.445526,6.5924683,9.834442,13.700195,5.780243,6.420807,18.383118,6.8099365
2001-04-11,7.617523,6.83844,11.580994,8.600494,-0.59017944,12.827057,11.664307,10.140137
2001-04-12,6.856415,8.058014,10.490143,8.515045,-2.6591797,16.090729,7.8045044,10.436523
2001-04-13,5.4463196,9.083405,14.377197,7.2588806,-3.4669495,10.46402,9.971283,13.552765
2001-04-14,5.9967346,10.556335,15.102875,8.71347,-2.290039,3.6730042,11.900116,12.288452
2001-04-15,2.8049622,7.679535,12.478577,11.536652,-0.76467896,1.7687073,17.18628,8.795929
2001-04-16,6.0506287,10.935028,12.794525,12.211029,0.9020386,4.1236877,19.994507,8.19397
2001-04-17,7.3991394,8.679108,10.906525,15.175201,0.3317871,6.9584045,22.705078,9.862762
2001-04-18,10.024536,7.933655,12.7760315,11.296936,0.32763672,5.9689026,21.485352,13.705688
2001-04-19,12.853058,6.299408,17.551361,12.985138,1.3582764,5.636627,16.073547,5.95755
2001-04-20,5.952759,6.440857,18.546173,16.383728,0.9001465,6.2877502,18.439362,8.306122
2001-04-21,9.049683,9.427155,18.473206,19.561401,2.8396606,7.9447327,20.743713,6.743683
2001-04-22,12.108002,11.074249,18.090332,17.455902,4.0663757,4.813629,17.566437,8.148163
2001-04-23,11.046234,10.184235,14.541107,15.680511,4.993042,6.059967,17.90271,9.269165
2001-04-24,12.213104,8.169739,17.224396,13.745239,6.1091003,6.3893127,21.16275,7.792755
2001-04-25,10.034302,10.456238,15.534637,14.949524,2.3822632,5.940094,19.808472,8.22641
2001-04-26,6.6911316,11.71347,11.687744,9.206024,1.7399902,9.231842,15.651489,9.35495
2001-04-27,5.532196,10.440399,9.0269165,10.372101,5.125366,11.981598,21.982544,10.820801
2001-04-28,8.478363,12.580353,9.215912,12.097473,10.010071,12.891998,12.263184,11.580353
2001-04-29,5.063019,11.123138,9.244659,11.230621,13.953888,4.3021545,12.908691,11.692749
2001-04-30,9.752228,10.548981,9.723785,10.941406,6.674988,5.7154846,16.232697,12.478516
2001-05-01,13.4219055,10.302551,10.339081,10.269928,7.9351807,8.736969,19.80133,14.776245
2001-05-02,14.0954895,9.594452,12.086731,8.128113,12.405487,7.15567,20.1427,12.157501
2001-05-03,12.727631,11.275482,11.489288,11.617157,18.198853,6.099762,21.899109,14.036285
2001-05-04,11.093658,11.596161,10.197601,13.367981,13.745453,5.4859924,20.853516,15.223877
2001-05-05,12.113556,11.728302,11.133667,15.279083,9.622833,7.477936,15.618011,16.75418
2001-05-06,13.497864,9.930206,11.361359,16.494446,13.070221,8.203766,10.97229,18.154755
2001-05-07,11.423309,13.150055,13.929962,18.007538,9.977753,9.8815,10.702179,11.874756
2001-05-08,7.9020996,13.053955,14.2211,18.558105,14.765778,12.466705,14.437439,10.24527
2001-05-09,10.329529,11.827179,12.437836,18.890564,13.528595,17.204254,13.990875,14.403534
2001-05-10,14.978973,11.026794,12.594482,15.915253,7.8006287,10.610504,16.258942,10.916779
2001-05-11,16.855988,12.0191345,18.058838,16.275269,1.6013794,16.420319,18.55133,8.988831
2001-05-12,17.845612,12.664215,10.030823,15.051147,3.2372131,18.096832,19.496796,7.835327
2001-05-13,18.449188,12.617157,10.78598,13.579834,7.5906677,17.131256,18.75241,11.4401245
2001-05-14,16.533783,12.763763,12.763367,11.4947815,12.745361,16.600494,17.268219,12.959656
2001-05-15,14.45755,11.855988,12.463898,11.165283,10.647522,10.98941,12.2274475,15.96225
2001-05-16,12.990143,13.824921,10.927734,12.585114,12.781677,8.032867,14.1649475,16.487183
2001-05-17,10.899414,12.808258,10.08252,14.860107,17.83075,9.350006,19.921051,17.971344
2001-05-18,10.027374,14.000336,12.420654,14.354584,17.720795,11.670074,22.247192,17.942932
2001-05-19,13.579102,12.261444,12.58139,17.831482,12.905579,13.652008,22.662811,16.8833
2001-05-20,14.864349,12.721527,15.943939,21.062592,11.507904,13.158112,16.911499,18.075348
2001-05-21,16.651886,13.789093,18.6781,20.58133,12.474487,13.488434,14.646637,16.439758
2001-05-22,15.170013,12.764008,17.561798,15.25647,14.1848755,15.372711,19.783783,19.892883
2001-05-23,18.369995,13.3645935,16.16632,15.746002,16.265625,14.93277,20.26056,19.664612
2001-05-24,22.19516,13.44455,15.549774,16.443604,16.121857,15.490387,22.328796,19.613556
2001-05-25,24.820343,15.073761,14.99646,18.30191,17.36792,16.720856,20.753754,18.969482
2001-05-26,21.675018,15.241852,15.920746,15.2317505,18.65863,16.52652,14.715973,17.724915
2001-05-27,20.232086,14.46756,18.645844,15.429352,19.488129,13.777496,16.393219,18.790222
2001-05-28,22.359528,15.173309,19.809845,13.55304,19.744812,13.040192,18.90506,20.266754
2001-05-29,22.804138,13.888397,20.936768,15.382172,21.3909,12.5065,21.556946,18.172852
2001-05-30,20.233398,12.023346,16.353668,18.995453,22.867676,13.944733,15.330994,14.85257
2001-05-31,17.166656,11.777313,15.162842,19.437134,21.404053,16.643707,16.0466,15.310944
2001-06-01,17.577667,14.442963,18.613525,19.377136,21.029388,18.893219,17.891785,19.732391
2001-06-02,19.283905,13.324127,22.818024,18.558075,18.785583,17.607086,20.610748,17.164246
2001-06-03,18.556976,14.724518,19.743988,14.687042,22.602753,14.8368225,19.633057,16.835144
2001-06-04,20.324646,15.588806,17.006012,13.143982,24.267334,13.282379,17.930206,15.750122
2001-06-05,20.923248,15.327698,17.611908,16.718262,23.926208,13.9166565,18.5784,13.541168
2001-06-06,20.832245,16.230804,22.032745,18.87555,22.220703,14.591705,20.69986,13.8479
2001-06-07,20.72168,17.445679,18.718567,18.23346,18.931793,16.89859,22.16629,15.01828
2001-06-08,15.979218,17.198517,18.71872,20.60434,16.262665,19.718903,21.001495,15.877655
2001-06-09,18.334167,16.571411,20.438202,21.220093,20.375061,21.186676,21.073608,20.338531
2001-06-10,19.129791,16.377289,18.01471,21.635864,21.968262,21.799469,21.705353,21.601135
2001-06-11,17.995087,17.828522,16.226898,18.230988,21.930481,18.02652,23.060944,21.558075
2001-06-12,16.111053,16.585358,17.46811,18.058075,18.556763,17.54654,22.829742,20.8479
2001-06-13,16.759064,16.720367,18.995056,19.883667,14.096008,19.180817,15.162048,21.617737
2001-06-14,18.616669,17.922943,21.69162,20.292023,13.848572,21.457672,14.394287,23.902191
2001-06-15,17.351898,17.775574,22.449432,19.442596,18.880737,18.69693,20.682312,19.975403
2001-06-16,16.548859,17.509247,23.33905,18.823364,19.880402,17.42276,23.109863,18.472748
2001-06-17,17.921478,17.635345,23.881714,18.777008,21.253967,17.388824,21.58496,19.26825
2001-06-18,17.890106,18.733002,24.275726,18.87262,21.555817,16.42984,18.723175,20.816498
2001-06-19,16.331696,18.193878,23.192078,20.345123,22.503967,17.506989,15.69339,18.632477
2001-06-20,16.049194,18.497345,21.416779,20.629944,22.461426,17.68399,21.62323,20.333282
2001-06-21,16.957703,19.52658,21.947906,21.41986,24.06189,16.644928,24.079376,23.119781
2001-06-22,19.42395,18.322998,22.315613,20.472534,24.300568,18.323395,20.532684,19.615936
2001-06-23,20.36087,18.980743,22.72879,20.371094,23.196106,18.868073,16.803497,16.26596
2001-06-24,21.241241,18.59555,22.295319,20.520721,22.580078,21.017242,17.024231,17.49533
2001-06-25,21.803314,19.400482,22.696533,20.884552,22.79129,17.264557,20.955963,17.270203
2001-06-26,21.39386,20.032257,23.002289,20.780182,22.61792,15.91861,22.18515,14.614166
2001-06-27,19.122345,20.231598,23.482178,20.836456,24.034851,17.26065,25.852814,14.201294
2001-06-28,19.493256,20.898438,24.180817,21.641388,23.933441,16.05362,28.081879,18.05777
2001-06-29,20.315247,21.683502,23.56897,22.87024,21.61618,16.129059,26.89206,21.564331
2001-06-30,20.340454,22.169708,22.49942,22.531311,19.980865,19.51944,25.839447,20.691315
2001-07-01,22.319489,21.324738,23.304077,20.212372,22.157288,20.71988,20.251923,18.434692
2001-07-02,21.154266,21.695648,21.968658,21.950073,23.67096,19.251862,16.704681,21.901794
2001-07-03,19.221405,21.851166,21.637482,21.995575,21.27774,19.159576,19.215393,23.990692
2001-07-04,18.851715,22.47757,21.880005,20.697083,21.619446,20.834137,21.80951,24.179321
2001-07-05,19.864563,22.446014,22.807861,22.159515,26.08963,19.655914,23.86734,20.817108
2001-07-06,21.097626,22.677338,23.127533,20.286041,24.617859,21.855621,22.834015,19.807037
2001-07-07,22.286224,22.815643,24.442963,23.676605,24.587982,21.795807,21.52768,19.055511
2001-07-08,21.790344,23.780304,25.59732,23.673065,24.564545,21.723541,25.067444,20.00467
2001-07-09,21.58371,23.475311,25.578522,21.363129,26.413696,21.151764,26.085876,22.393097
2001-07-10,21.254913,23.548248,25.406128,21.279724,26.80069,21.22647,26.67987,24.12677
2001-07-11,19.630646,23.038177,24.255127,19.56366,24.716278,20.9711,27.014801,23.422852
2001-07-12,19.682281,22.812225,22.647705,21.959229,24.955353,21.56485,27.950867,20.302643
2001-07-13,19.266266,22.507965,23.511322,23.411835,27.440369,23.890778,28.612305,23.316284
2001-07-14,20.42102,23.544403,24.58841,22.40982,24.822449,25.11856,26.15857,20.529999
2001-07-15,20.106049,24.991272,23.757996,23.504852,24.694122,24.892975,23.736084,19.24649
2001-07-16,20.451935,25.35727,22.4693,23.837616,24.319366,22.74942,23.863892,20.38327
2001-07-17,20.378143,24.743439,21.75766,22.07425,23.786652,19.1044,23.470978,18.818573
2001-07-18,20.949188,21.670837,22.503723,21.616882,23.739471,17.069977,25.62268,20.10846
2001-07-19,23.026459,21.857208,24.339691,23.91095,23.41983,17.875885,25.463379,20.796082
2001-07-20,23.41684,23.111328,25.818207,21.319122,23.406372,20.182037,26.53891,20.03415
2001-07-21,23.413239,22.938965,25.689178,22.464142,23.11676,20.902985,26.459839,21.46054
2001-07-22,22.205292,23.740326,26.042023,22.547516,23.467773,21.997711,25.456879,20.115845
2001-07-23,22.94632,23.61081,24.703613,22.516144,24.720001,20.233551,24.890228,21.897095
2001-07-24,22.752716,24.210815,24.367065,22.722076,24.88324,21.491364,26.721924,23.321503
2001-07-25,21.353577,25.526123,24.694916,22.843384,24.055664,19.380768,28.818268,24.476105
2001-07-26,19.01242,24.72116,24.608643,22.610535,24.336304,19.767487,28.606201,25.664307
2001-07-27,19.88556,23.762054,25.379211,22.12033,24.080658,22.46231,28.590454,27.362
2001-07-28,21.903595,25.350525,25.252106,22.180267,23.876312,21.716705,25.518951,26.640747
2001-07-29,21.999054,26.441986,26.335419,24.241089,24.865204,19.004303,22.403961,24.557861
2001-07-30,23.55191,25.502289,28.344574,21.95465,25.045532,20.823883,21.271912,24.767914
2001-07-31,24.109375,24.228546,27.095642,21.14972,25.08316,19.703522,21.949982,25.142853
2001-08-01,25.008698,24.793427,27.382294,23.027985,24.791138,19.060944,24.58725,25.180206
2001-08-02,22.273285,26.293427,28.345947,24.590485,24.218414,19.38858,25.596497,21.0094
2001-08-03,21.247833,26.98294,27.670776,25.40805,24.470581,19.943268,27.096588,22.205597
2001-08-04,20.198639,24.987,27.15094,24.26123,25.79129,19.171783,27.597076,22.662628
2001-08-05,19.950775,23.992401,27.306824,23.711151,25.90561,17.957672,26.073822,23.422943
2001-08-06,20.036957,24.786713,26.56131,22.30371,26.065338,21.996979,26.884094,21.72107
2001-08-07,21.306,25.758514,27.004608,20.786285,25.295776,20.866364,28.17334,23.346558
2001-08-08,21.63205,26.137817,27.649475,21.4758,24.465424,19.17398,24.945953,25.196045
2001-08-09,22.589142,26.169159,26.872314,23.276062,23.272736,19.93277,23.986725,25.190826
2001-08-10,23.284363,21.859222,28.141907,23.434723,24.70691,21.900055,27.774567,25.278107
2001-08-11,22.624786,22.313263,28.40216,23.978241,23.261414,20.990631,26.799835,24.350769
2001-08-12,22.63504,22.241425,27.371185,23.815369,22.886383,22.821686,26.736938,26.947327
2001-08-13,23.27362,20.376434,27.59259,23.287628,23.479187,26.16153,26.777954,25.205719
2001-08-14,23.117584,20.561462,26.435883,21.886353,25.212341,23.782623,29.474915,22.429688
2001-08-15,23.478607,22.325012,21.881592,21.163239,26.488007,19.873932,25.22287,20.05716
2001-08-16,23.915192,24.274445,21.644684,19.496979,26.534485,21.492828,22.740814,18.656982
2001-08-17,20.56784,23.671204,23.985443,20.92691,25.62088,22.252594,21.10373,21.550354
2001-08-18,21.559906,24.191437,23.204285,20.438232,24.931366,24.175201,21.408936,24.110443
2001-08-19,23.64502,24.944366,22.863586,19.34256,25.128357,25.518463,23.491669,24.496063
2001-08-20,23.923798,25.537354,27.273132,21.955292,23.676056,21.939362,23.603271,19.300507
2001-08-21,23.305878,24.254852,27.274231,23.023743,23.593445,20.009674,23.107788,17.803131
2001-08-22,26.250519,22.68399,24.503265,22.732147,22.903107,20.511871,23.44931,16.51178
2001-08-23,20.728973,22.215973,27.109558,21.028229,24.384827,23.981598,24.658813,19.740143
2001-08-24,19.11258,22.86377,24.875397,21.69342,23.619751,12.743561,25.769836,22.560669
2001-08-25,21.067963,20.876556,23.421722,21.91388,24.245514,12.91153,25.071655,21.87082
2001-08-26,21.973236,21.4906,24.25476,22.67749,24.732697,15.366608,22.29953,18.502869
2001-08-27,24.437042,20.455536,26.85791,22.233307,24.798767,16.633453,23.557922,16.34848
2001-08-28,27.171356,23.783203,27.078552,22.15567,24.23764,17.881989,26.177917,14.401703
2001-08-29,26.02591,23.045685,26.056335,22.751526,24.264313,19.416168,29.124115,14.519531
2001-08-30,19.680908,21.09317,27.214996,22.98407,24.26474,20.361725,29.914429,12.277588
2001-08-31,18.389038,20.038727,24.639984,23.011414,23.758636,21.559723,29.80841,14.2117
2001-09-01,18.192993,19.3721,22.267792,22.589478,22.374817,23.575592,29.179657,13.959778
2001-09-02,23.429108,19.257965,21.509186,21.154266,21.490753,24.318756,28.405548,14.041779
2001-09-03,23.51297,18.949768,21.683594,20.46518,21.4198,23.301666,28.091797,16.847687
2001-09-04,20.911255,22.067902,22.252563,20.819855,22.096039,22.034332,25.55719,19.506104
2001-09-05,19.620178,23.022552,21.874054,21.449463,22.57257,22.310211,23.895386,14.3611145
2001-09-06,18.754395,22.368378,22.849426,22.341644,23.153595,22.662018,24.516754,12.452209
2001-09-07,22.220276,21.592957,21.701324,22.223846,22.059021,23.568024,23.41507,13.424377
2001-09-08,20.801117,21.087921,21.859558,19.631042,21.48291,24.53653,20.34555,16.679016
2001-09-09,18.6026,20.851776,21.17334,17.212616,18.52417,25.120514,19.264587,18.247498
2001-09-10,17.68814,22.705902,20.683075,18.03711,19.249512,23.589996,21.43982,15.717804
2001-09-11,16.135498,23.843262,20.730347,19.522675,20.713928,24.176422,22.032867,14.928986
2001-09-12,16.796356,23.192657,21.390015,19.43042,21.22873,17.978424,22.5542,17.25177
2001-09-13,20.854645,24.054596,24.471436,18.851257,24.723022,17.675201,18.584229,19.218933
2001-09-14,18.703613,21.464752,26.229797,17.480255,21.516998,18.300934,16.912964,18.985626
2001-09-15,16.640625,18.703033,24.72403,18.886658,18.521332,20.56607,19.366455,18.744446
2001-09-16,18.082428,21.47818,22.758331,19.18924,19.485321,21.953278,21.108246,19.595825
2001-09-17,17.820892,20.285797,24.191345,19.936005,16.05658,22.24234,16.312592,19.683075
2001-09-18,20.483093,19.437592,23.846466,21.916199,14.607025,19.317047,15.842377,18.594208
2001-09-19,15.850189,19.272064,21.822998,21.927765,15.175995,17.650787,17.308502,14.174896
2001-09-20,13.362091,19.170135,21.061096,18.374664,14.356781,17.381012,18.221954,11.065643
2001-09-21,14.267181,18.103455,20.207703,16.549316,15.906189,18.174225,18.619446,12.414856
2001-09-22,17.473541,20.408875,19.966156,15.832642,16.232697,22.56607,18.542145,13.218384
2001-09-23,19.64389,22.619537,19.6185,16.253479,18.186127,23.903961,19.368683,15.087341
2001-09-24,20.508942,23.812958,20.917328,16.949615,20.08258,13.389801,20.729156,16.377472
2001-09-25,21.248688,24.058533,22.552032,17.620148,18.706055,10.791901,21.41681,11.681183
2001-09-26,22.243622,23.434937,22.321808,17.845947,19.234955,12.833405,21.155914,12.717773
2001-09-27,18.022247,23.56424,23.03186,16.10785,20.111084,16.052643,19.428223,14.972778
2001-09-28,18.344696,22.241364,23.065369,16.027618,22.970154,18.638092,20.434784,12.322205
2001-09-29,23.139557,18.825714,23.040955,14.726898,19.359985,17.388092,20.85965,13.557495
2001-09-30,23.401703,19.349884,23.21753,14.68219,24.27295,20.246002,23.17517,15.61142
2001-10-01,24.139282,16.220917,23.209442,16.454498,24.127289,18.591461,19.151245,15.630951
2001-10-02,21.885345,14.603638,22.872467,18.553284,18.55133,21.875885,14.439667,15.9557495
2001-10-03,15.423981,20.38794,22.605438,16.9292,12.428284,19.613922,11.530365,15.373535
2001-10-04,17.42688,17.251709,22.315308,18.70108,10.293243,14.945953,11.497253,15.668335
2001-10-05,14.178711,19.361877,22.051483,17.03238,13.36554,18.812164,11.975861,13.2161255
2001-10-06,11.355896,22.121918,22.036224,13.238922,16.141144,21.39273,13.181885,11.898621
2001-10-07,12.062286,21.970734,22.168549,13.442291,11.773926,21.919098,13.034424,16.707123
2001-10-08,15.068695,18.77005,22.187439,15.156708,13.3992,14.376129,10.19693,19.1716
2001-10-09,15.880646,15.583221,21.754028,11.518127,19.036987,9.830719,10.6409,19.52768
2001-10-10,9.519867,15.140198,22.242249,9.795624,9.309998,13.250153,12.145721,19.813568
2001-10-11,9.096466,18.17276,21.858337,9.120331,12.653534,15.573639,6.3742065,19.905823
2001-10-12,11.949066,18.052887,23.40689,10.507568,15.579346,17.115143,6.245575,17.182098
2001-10-13,12.331604,20.921356,22.997772,10.3593445,9.119873,18.84903,12.149048,14.507324
2001-10-14,13.430786,20.236572,23.456512,9.725159,6.1251526,20.151764,13.867218,13.3802185
2001-10-15,20.544464,14.09903,23.307678,10.520081,11.940552,20.393951,12.373352,11.329559
2001-10-16,18.528473,12.901215,23.493744,11.422668,12.447388,20.225494,12.039642,8.058685
2001-10-17,9.151367,11.111511,23.883026,10.302155,9.848724,12.218658,16.156342,13.257172
2001-10-18,7.650177,12.623718,21.000275,12.001129,14.008453,12.179108,8.897522,8.794159
2001-10-19,13.917389,14.041412,16.825256,14.97525,5.9346924,13.988678,8.914093,8.991058
2001-10-20,20.575104,16.219147,17.366943,13.723328,5.6090393,17.283844,15.533417,10.204956
2001-10-21,13.712189,18.768219,19.795166,15.351257,8.548157,18.493805,9.116608,9.950714
2001-10-22,5.570099,11.512268,21.873627,17.678528,7.0554504,18.62735,6.968231,13.407043
2001-10-23,10.8414,12.20285,21.403229,17.741608,14.929962,18.812164,9.871704,9.689484
2001-10-24,17.701813,13.91626,18.84314,12.574921,15.165314,19.182037,10.676575,3.6026611
2001-10-25,12.471649,14.626373,18.857635,7.9586487,5.345093,17.56778,5.6343994,2.2042847
2001-10-26,3.9006653,18.353668,19.829407,7.8394165,7.918335,8.999664,4.304779,5.4288635
2001-10-27,2.4421692,15.802521,19.05072,7.4815063,10.533508,10.658844,7.626892,11.751465
2001-10-28,6.7964783,18.65866,17.706696,9.396576,8.526123,16.412018,12.022095,8.164856
2001-10-29,9.412201,20.588226,17.024658,10.654327,6.8141785,10.823639,12.670227,6.5384827
2001-10-30,18.27005,17.644928,17.005676,8.683502,3.4167786,5.339508,11.379303,5.5286865
2001-10-31,13.836761,15.060883,17.275848,6.6815186,7.160492,8.365143,11.527374,8.069977
2001-11-01,5.59848,10.549133,17.61325,3.5828247,2.9977112,14.650299,6.2599487,4.8365173
2001-11-02,7.6805725,9.598907,18.571472,4.9870605,3.7749329,15.251862,8.535645,5.477722
2001-11-03,9.255524,9.516632,15.668213,4.846527,4.7286377,10.679352,8.820709,14.25647
2001-11-04,11.056061,11.205719,14.536316,5.150177,1.1885071,6.613922,6.0086975,11.734131
2001-11-05,6.367401,10.584991,16.444855,4.590149,1.9249268,4.5553284,11.535767,14.045258
2001-11-06,1.89151,8.414032,18.01059,5.0997925,4.7998657,8.321686,7.688385,12.707916
2001-11-07,2.7322693,5.9826965,19.834229,6.7693176,1.4942627,9.758942,3.8855896,6.72406
2001-11-08,4.787689,8.694305,17.942902,6.2032776,3.2267761,12.364655,6.9470825,9.333984
2001-11-09,12.161133,8.528839,14.659821,7.6242676,7.593567,9.552887,8.051941,12.345764
2001-11-10,8.757111,11.116852,14.015289,10.463715,13.288483,6.386383,7.8607483,15.881226
2001-11-11,8.403992,9.714905,13.233398,12.804993,16.785248,3.627594,13.711975,17.259094
2001-11-12,4.774872,12.016998,13.418701,12.938934,13.542572,8.062408,5.929474,9.490295
2001-11-13,13.001251,11.599152,17.656525,10.026642,4.792511,13.228668,5.3096313,8.112366
2001-11-14,18.12085,8.152069,20.279938,5.945465,7.569336,13.857086,7.5880127,5.3768005
2001-11-15,13.433685,10.349731,17.185852,6.05188,12.666168,3.537262,6.1726074,4.860321
2001-11-16,2.5708923,8.720306,12.364227,6.4403076,14.005463,0.8241272,5.81308,2.7200012
2001-11-17,1.6329651,9.0017395,13.441986,4.506653,16.145538,1.5543518,8.54248,9.484619
2001-11-18,2.9119873,13.024567,11.436249,4.066162,15.655151,3.4171448,9.384186,12.941986
2001-11-19,2.0577087,8.198822,10.660614,3.105774,5.0054626,10.234772,4.0109253,4.196991
2001-11-20,3.268158,12.401398,10.778687,2.299286,4.6660767,13.309723,1.2681885,2.1841736
2001-11-21,4.848053,8.661835,9.139404,3.4015198,7.80838,3.7550354,0.46987915,2.809082
2001-11-22,6.711029,5.8058777,9.934479,3.895752,0.49682617,3.3658752,0.97595215,2.6178894
2001-11-23,5.6008606,6.460327,9.350098,1.8495483,0.8284302,3.8683167,1.1104736,4.5672913
2001-11-24,3.6446838,7.924286,12.423401,1.6557617,4.0557556,4.559723,0.75427246,3.487915
2001-11-25,-2.4378967,12.970978,12.292786,0.92803955,-1.0138245,4.361725,3.2161865,6.356537
2001-11-26,-5.077881,9.448578,10.3350525,0.96798706,-3.0209656,-0.6932068,5.570526,8.088928
2001-11-27,-2.2547302,6.907013,11.125214,0.91308594,6.6950684,1.4562073,8.323395,5.1369324
2001-11-28,0.75857544,7.9446106,15.580658,5.2690735,12.394104,8.00943,9.511169,2.4846802
2001-11-29,-1.1537476,12.756622,11.830933,4.3075256,4.6690063,15.568512,12.396027,2.5714111
2001-11-30,-1.4099426,8.69754,8.018402,-0.10681152,4.126404,16.650787,1.0135498,2.6408997
2001-12-01,0.38909912,11.670166,8.10965,-0.49121094,4.5808105,14.802399,0.3053589,1.5357056
2001-12-02,3.7015076,9.119049,8.4184265,-0.9206848,6.153778,7.5416565,4.553772,3.7531433
2001-12-03,-0.74942017,9.387756,7.7929077,-0.44277954,-0.6713562,5.8580627,8.112762,1.4883423
2001-12-04,-1.6585388,15.369324,7.0097046,1.9737244,4.8227844,10.237946,14.004547,0.9467163
2001-12-05,-3.193695,11.248413,5.828491,9.241821,2.9045105,14.944733,10.705322,0.019195557
2001-12-06,-1.9674377,4.165161,6.4190063,5.217743,1.5651245,9.772614,4.763336,11.008118
2001-12-07,-2.3146667,9.860504,8.641266,4.8118896,3.1565247,-0.0496521,4.252411,7.100891
2001-12-08,3.2149353,12.485962,14.4340515,4.581085,10.107208,-0.090667725,1.936615,3.1269531
2001-12-09,11.544708,3.6822815,11.375824,3.523346,-0.96118164,8.027008,4.4164734,4.1767883
2001-12-10,8.302765,1.8542786,9.437561,3.269287,1.714508,11.41568,8.673431,8.558502
2001-12-11,2.9961243,2.1141052,7.2204895,2.5951538,-6.451874,4.9393616,3.4629211,-1.0081177
2001-12-12,8.608307,1.5988464,5.7143555,1.2874756,0.92840576,-1.5955505,1.7380676,-1.4558716
2001-12-13,-1.1155396,11.941589,6.286438,2.155304,-1.827179,-2.0035095,0.38702393,-2.0717468
2001-12-14,-2.750763,12.354828,6.5563965,3.3276062,-3.0181885,3.0074768,0.118774414,0.5270996
2001-12-15,-0.70269775,2.681549,4.999878,3.8717346,7.134369,4.4237366,1.2279968,2.699646
2001-12-16,1.3312073,2.2088928,5.501465,1.9862671,10.196533,4.881012,2.9222412,0.21331787
2001-12-17,-2.8191528,4.8143616,5.199341,-0.40563965,15.044586,1.1905823,-0.2156372,-2.1843262
2001-12-18,-6.3888245,6.1111755,3.7525024,-1.856842,14.043304,4.2027893,-2.1239624,-0.13400269
2001-12-19,-1.9569397,0.47488403,7.5460815,3.1652527,11.650177,0.70913696,0.17697144,0.042419434
2001-12-20,-4.361969,1.3872986,10.04187,3.0489502,7.239319,1.8321838,0.7786255,10.104828
2001-12-21,-6.40921,8.296234,2.8391113,-0.42132568,3.608551,-2.0618591,0.83132935,5.666382
2001-12-22,-1.2636414,9.001068,2.4633179,-0.2355957,7.0813293,-9.250336,-3.9725037,2.2975159
2001-12-23,-1.8493958,6.4772034,2.139618,-1.4593506,0.25543213,-6.5169373,-3.3025208,1.2706299
2001-12-24,0.14630127,8.616058,3.4447327,0.38830566,-0.3392334,1.2472229,-1.717865,1.1356506
2001-12-25,-0.60998535,3.683136,3.2003174,0.13842773,0.3847351,-6.8404236,-5.0520325,-0.52349854
2001-12-26,-3.5958862,4.4477844,3.6350708,3.9518127,1.5672913,-12.222992,-4.226898,-1.4319153
2001-12-27,-7.268097,6.5952454,4.912384,6.155365,0.42294312,-4.4876404,-6.320709,2.6261902
2001-12-28,-6.6664734,8.961945,6.4437866,2.0497437,0.8861084,-6.1236267,-8.14566,5.4682007
2001-12-29,-4.4083557,13.561707,5.244751,-1.0267639,-2.3809814,2.1122131,1.2388916,-2.123993
2001-12-30,-4.787903,14.271027,-1.316742,-0.48718262,-2.3701782,-1.1238708,0.8130188,2.7728882
2001-12-31,-1.7493286,8.872437,-5.6746216,1.9588623,-3.792389,-2.124115,-2.8225403,10.372406
2002-01-01,-1.6177063,-4.505768,-5.2508545,2.7730713,-12.145752,5.5106506,-3.972107,12.579895
2002-01-02,0.60943604,-5.064026,-1.4145813,-0.25170898,-5.905182,-1.8540955,5.5456543,-1.6999817
2002-01-03,0.4371643,-4.691498,3.7253418,-0.27249146,-0.13586426,-0.1746521,-0.24191284,-3.791809
2002-01-04,1.1961365,6.141754,2.1682434,0.7559204,7.188843,-7.549164,-1.0577393,-0.692749
2002-01-05,-7.6928406,6.803131,-0.30978394,2.865448,1.2310791,-12.262054,1.5203247,-0.6654358
2002-01-06,-5.445526,6.6013184,2.9029846,5.101471,-2.3362122,-3.1802673,0.37017822,-4.522522
2002-01-07,-8.497772,5.270172,4.4482117,3.9952393,1.3277893,-13.478607,-3.8521423,-5.8937073
2002-01-08,-6.185211,0.80960083,8.666016,11.423401,4.692993,-11.343109,-8.700623,-0.045959473
2002-01-09,-3.8473816,0.88772583,6.4543457,0.11279297,1.2091064,4.792877,-7.9974976,-0.79104614
2002-01-10,2.8573914,1.0184937,-2.8903198,-0.04345703,-6.670288,1.988678,-10.579315,-1.9135132
2002-01-11,0.07748413,7.3440857,-1.8182678,3.0388794,-9.340973,-2.7991638,-7.83432,-0.96875
2002-01-12,-4.365265,1.3999329,4.0469666,1.2677002,-5.1961365,-4.075775,-0.13699341,-0.078308105
2002-01-13,-5.305786,-3.9830322,3.468933,-2.5344543,3.0838928,-4.6280212,-0.36749268,-1.905426
2002-01-14,-4.4679565,-1.2165833,5.088684,-1.7840881,-8.373993,-2.6585388,-13.748413,-1.1188965
2002-01-15,-4.1772156,7.0131226,13.038025,-1.0921631,-6.824707,-8.769623,-13.222046,-1.5212708
2002-01-16,-11.702362,1.347168,14.365814,-9.494659,-2.863678,-8.653656,-8.836639,-0.6555481
2002-01-17,-9.5399475,-1.9025269,13.158508,-10.64856,-0.26071167,0.82754517,-4.908783,-2.690918
2002-01-18,-2.254425,4.6234436,14.385193,-5.30542,1.5325928,-2.5708923,-8.598145,-2.011078
2002-01-19,1.1086121,10.10321,14.573212,-3.0126648,3.371521,-6.568939,-11.248657,-3.9022522
2002-01-20,-1.0760498,5.630768,14.136658,-1.3443604,2.3411865,-3.5020447,-6.292053,0.62402344
2002-01-21,-12.996735,1.7758789,9.760284,-1.9125671,1.6271973,-5.282074,1.5702515,-1.0402222
2002-01-22,-7.2152405,10.315887,14.378998,0.8425293,-1.2457886,-6.8990173,-4.553589,-4.6683044
2002-01-23,-1.6278381,6.240265,15.7795105,1.4943542,-2.5066833,-13.1475525,-7.7814026,-3.2843323
2002-01-24,-6.28006,5.093811,5.927246,-1.084259,0.255188,-9.7413025,-2.0391846,-2.2436218
2002-01-25,-3.830536,11.905548,3.00531,0.63974,-6.7449036,-11.108002,-3.0219727,-1.7691345
2002-01-26,0.8428345,4.224579,2.0598145,1.3153687,-6.5475464,-10.119965,-9.534882,-0.31134033
2002-01-27,2.6254578,-3.9682312,7.121887,3.0491333,-5.3006897,-16.31137,-3.9648438,-2.1401367
2002-01-28,-1.27005,2.0018005,11.899109,3.5301514,-4.22641,-13.099457,0.05206299,-3.0202637
2002-01-29,3.9494324,10.091217,15.746246,0.2628479,-3.138153,-9.163666,-1.7635193,3.3714905
2002-01-30,11.64444,8.58371,9.768372,-0.47543335,-5.050049,-12.228851,-14.582153,-1.8652649
2002-01-31,8.411163,11.664276,4.4488525,1.410614,-4.409973,-12.97348,-13.822052,-4.873047
2002-02-01,3.337799,9.527588,0.7161255,2.9134216,-5.2688904,-6.88266,-11.568024,-3.7647095
2002-02-02,0.6576233,3.2586365,-2.9500732,2.3488464,-6.2949524,-5.342865,-10.303436,-2.4421387
2002-02-03,-1.4844666,-0.74850464,-0.6583557,-0.051086426,-7.210663,-13.534515,-4.065796,-5.6726074
2002-02-04,-1.2037354,7.1058655,4.8418274,-4.066803,-6.059143,-2.73349,-14.272797,-5.2782288
2002-02-05,0.41983032,5.662506,7.713806,-5.539734,-17.986832,-1.4969177,-12.229279,-2.8662415
2002-02-06,-0.58114624,7.076294,8.4513855,-4.0615234,-13.873352,-7.3370056,1.9413147,-2.7844543
2002-02-07,2.7085876,-1.6490173,5.59433,-1.6963806,-13.057617,-14.444183,-5.7781982,-4.2503967
2002-02-08,0.20510864,5.5072937,5.524536,2.30661,-7.910858,-3.9456482,-8.885468,-1.1070251
2002-02-09,-4.395355,6.795624,10.501953,4.521179,-6.240631,-7.854828,-4.3958435,-8.542603
2002-02-10,-6.0816956,7.815674,9.430481,3.167572,-2.4626465,-12.376801,-1.0980835,-0.24243164
2002-02-11,4.714752,10.288483,1.117218,4.982239,0.74160767,-12.384857,0.46679688,8.235352
2002-02-12,3.4874878,9.598297,1.7866211,8.226013,-2.4769897,-9.164398,1.4691162,2.4988098
2002-02-13,-2.395172,7.858795,2.3280334,0.7793274,9.979126,-10.810394,2.3746033,1.383667
2002-02-14,-2.48172,11.280243,7.263611,1.5558777,-5.4023438,-10.299164,2.7299805,-8.037628
2002-02-15,-2.9584656,10.058044,5.2843323,-2.431427,-9.669617,-3.0899353,-0.29788208,-3.2940369
2002-02-16,-1.7116394,4.4006653,9.478119,-3.2576294,-7.6121216,2.6471252,-2.4661255,0.7151184
2002-02-17,3.5063782,7.529999,3.8520203,-1.7766724,-4.7182007,4.947418,-3.3223572,5.2337646
2002-02-18,4.2962036,3.0533142,8.78656,1.3045654,-1.8474731,10.485992,0.7653198,12.158173
2002-02-19,6.584381,10.539551,3.893036,-0.43600464,2.1914978,4.9772034,2.0193176,6.589447
2002-02-20,8.124664,7.114197,6.0818787,-0.7536316,2.3859863,0.59317017,-0.9293823,-3.7449036
2002-02-21,-5.0921936,11.200806,10.310242,-1.8759766,0.7550354,1.3673401,-0.8305054,-3.0298157
2002-02-22,-6.4135437,4.0194397,11.951141,-2.9821777,0.43051147,7.1822815,2.3348083,-2.198761
2002-02-23,-8.108093,4.1421814,9.787415,-2.088562,1.7888184,3.9254456,3.1425476,-0.2558899
2002-02-24,0.94158936,8.46109,8.283264,-3.1939697,12.413971,8.078278,-1.418335,-0.1890564
2002-02-25,-6.2757874,7.458893,12.616516,-0.5927124,1.8765259,2.8441467,0.80026245,0.893219
2002-02-26,-8.308197,8.710663,9.153564,0.49749756,-8.324799,-0.023773193,4.228363,0.6895752
2002-02-27,-3.089386,1.2919922,1.7538452,-3.8796387,-4.329254,1.3302307,2.535675,5.563141
2002-02-28,1.3635864,-3.395172,1.888855,-4.671173,-2.8086853,7.1246643,2.7399292,6.284668
2002-03-01,1.4076538,5.232239,6.381073,-2.0715332,-0.9263611,1.7689514,6.626892,7.442993
2002-03-02,-0.2359314,4.231903,5.56485,-0.84017944,-0.6572876,3.7208557,2.0911865,10.042969
2002-03-03,-0.23910522,4.377838,6.350067,-0.23678589,-4.859741,7.641754,-4.1049805,8.562439
2002-03-04,0.16946411,-1.3091736,0.7357178,4.9165344,-5.653015,10.946442,1.4120483,3.2242126
2002-03-05,-0.6562805,-0.44985962,4.144562,10.4123535,-5.726959,0.9347229,-0.61572266,0.49017334
2002-03-06,-1.0409851,0.050811768,6.9992676,5.1252136,-4.148285,2.4825745,1.2164917,5.880066
2002-03-07,0.6789551,0.76174927,8.088226,4.0842285,-1.4494324,6.695221,6.7338867,4.8268433
2002-03-08,4.9680786,-3.5041199,6.6672974,4.0889893,0.8491211,1.7633362,2.7886353,3.4754944
2002-03-09,7.110382,-4.555481,6.6910706,3.8049011,1.7277222,-4.7530212,0.24078369,0.8092346
2002-03-10,-4.798523,3.0857239,8.54718,5.942169,1.1968689,-0.5569763,1.2581177,3.983429
2002-03-11,-5.997528,-2.3923645,10.594788,9.504425,0.32815552,6.175934,5.1342163,9.483826
2002-03-12,0.73861694,4.5209656,14.641205,11.989899,1.0193787,3.0248108,2.0101929,0.8955078
2002-03-13,8.965881,5.6927185,16.886627,5.433136,1.0572205,8.746246,1.9353638,-0.6479492
2002-03-14,11.847534,2.437317,14.423248,4.609375,1.0724792,13.342194,5.446472,1.1795044
2002-03-15,7.4587708,9.688202,10.92218,3.092987,-1.0785217,14.226715,2.292389,2.9848022
2002-03-16,5.9548035,8.957184,6.982025,5.998932,-1.3519592,12.945465,3.9872437,3.3845215
2002-03-17,3.9078674,3.2111511,8.157501,2.1933594,-1.3795166,12.708405,0.87890625,2.4666748
2002-03-18,4.313324,5.3590393,11.366394,3.80188,-0.86502075,5.7062073,-0.14971924,0.28466797
2002-03-19,4.93515,0.33877563,8.232147,8.581085,0.39141846,5.693512,5.027252,1.1882019
2002-03-20,7.3279114,8.203339,10.470703,9.075043,2.9684753,8.753326,2.181427,-0.72317505
2002-03-21,9.83963,2.8382874,10.622681,12.263245,4.0905457,14.645905,-1.3021545,-0.7400818
2002-03-22,3.747406,1.0378113,8.468933,6.5104675,5.6028748,7.0748596,1.25531,-1.1671143
2002-03-23,3.5856018,7.591522,11.999878,2.65802,9.293335,3.528717,6.3955994,1.1522827
2002-03-24,2.9516296,4.954193,14.216156,3.0046997,7.3435974,2.25943,1.7653198,4.990753
2002-03-25,3.9682007,4.3157043,11.879761,3.2596436,2.3167725,5.9427795,-0.17501831,4.9873962
2002-03-26,3.3820496,6.7533875,10.987274,6.1111755,0.6197815,5.32901,0.4729004,2.932373
2002-03-27,6.3016663,2.0869446,13.281891,9.562897,-0.095336914,6.3995667,5.064911,1.6212463
2002-03-28,4.2697144,1.3588562,12.886444,13.7083435,-2.084961,7.452301,-1.0455017,1.8583069
2002-03-29,2.1835632,2.123993,9.605499,15.290314,1.1817627,8.723785,-2.902893,0.9779358
2002-03-30,3.9165344,6.619934,11.432953,11.937378,4.0713196,14.893707,-2.6733704,1.0240173
2002-03-31,6.778717,6.9054565,11.57019,8.7769165,3.6339722,8.821442,-4.688965,0.058807373
2002-04-01,13.341522,3.9914856,12.179993,9.35318,1.6530151,4.686432,2.1562805,0.9121094
2002-04-02,14.005432,4.066803,9.148163,14.68985,1.0733032,3.2430725,9.278107,2.3153992
2002-04-03,14.259644,3.7884216,8.703552,12.36795,0.005279541,4.7379456,3.9595947,2.993927
2002-04-04,8.28067,9.391144,8.133484,9.345306,-0.13232422,11.197418,4.4374084,-0.45474243
2002-04-05,7.488861,8.873627,8.404663,6.9959717,0.04989624,3.200348,5.8526306,-0.44937134
2002-04-06,7.019043,9.867584,10.956116,5.3245544,3.8337708,2.259674,8.848816,4.296295
2002-04-07,6.666992,8.376251,15.274933,7.7829895,8.725189,3.1305237,4.0240784,1.4541626
2002-04-08,11.397247,6.223175,16.53009,10.265808,11.876221,6.3856506,5.9433594,1.651123
2002-04-09,10.236176,7.9496765,14.512085,14.348663,13.944702,12.8524475,11.842377,2.526245
2002-04-10,6.6531067,4.293701,12.749817,15.392517,4.6037292,16.778961,17.03946,3.5476074
2002-04-11,3.9218445,6.1118164,14.028839,11.070465,2.457367,12.614166,18.380524,6.4190063
2002-04-12,9.328583,7.2945557,17.436188,11.505402,1.0054626,11.89566,18.976166,7.5537415
2002-04-13,10.501312,5.1138,16.64618,9.6883545,1.4649048,10.980621,15.259003,11.725159
2002-04-14,10.097015,3.9789124,14.998383,12.211578,3.8518982,10.464508,10.101959,7.1196594
2002-04-15,0.6439514,2.8566895,15.107819,13.733307,14.926147,16.07608,13.645599,6.629364
2002-04-16,6.476227,6.3111267,17.855682,14.810059,17.823608,6.714508,20.411896,6.1436462
2002-04-17,6.293701,5.874176,19.451294,14.197723,12.019409,6.502838,21.879791,7.383728
2002-04-18,7.455536,4.7964783,14.948486,9.987579,5.102234,6.2652893,13.445404,5.176422
2002-04-19,12.798004,8.755005,14.136261,6.415863,8.169983,7.4459534,11.481781,6.014618
2002-04-20,16.062408,7.4459534,8.896149,7.719208,2.8169556,6.9481506,14.31192,7.794739
2002-04-21,14.4566345,5.1352844,11.739532,9.419006,4.3071594,7.0489807,17.546326,9.277466
2002-04-22,10.788361,7.294586,11.617035,11.799194,10.017975,5.879547,16.129944,9.666718
2002-04-23,10.579376,8.149811,11.863647,11.390747,10.488647,5.9566956,10.60965,8.424286
2002-04-24,10.885529,9.334076,14.74176,9.632568,13.008514,9.605133,13.495239,10.107361
2002-04-25,16.161987,10.35495,12.388184,10.886383,8.0251465,9.421539,8.204926,11.232605
2002-04-26,16.582794,10.553314,10.256287,12.52771,7.8876038,6.066559,3.744751,10.169342
2002-04-27,12.978424,10.800842,10.992004,8.776703,6.6557007,4.094391,11.073029,8.780762
2002-04-28,11.229675,10.243134,12.81012,6.7976074,7.7889404,4.849518,17.299683,10.47702
2002-04-29,11.130096,9.915314,15.262329,8.357422,9.352264,5.3211975,6.513214,14.782593
2002-04-30,14.737183,10.621185,16.314514,8.185577,11.210602,5.1861877,14.358032,14.802277
2002-05-01,13.64444,11.302216,17.71872,8.986237,14.613098,7.6544495,18.001465,18.94992
2002-05-02,8.045197,8.894684,19.174011,12.525024,12.970093,10.127594,15.403229,16.223938
2002-05-03,9.730713,9.013916,19.094086,18.595978,10.504608,9.5399475,16.21347,12.529999
2002-05-04,13.359833,10.099091,17.487274,21.942108,11.136261,12.675934,19.401062,14.052399
2002-05-05,16.283844,9.899231,17.1492,22.085968,10.270416,15.700592,21.779694,9.2204895
2002-05-06,19.510284,8.498688,18.887573,20.581512,10.11261,17.07901,21.703522,10.353973
2002-05-07,17.891022,7.632416,20.034454,17.232452,13.009003,17.655426,23.594452,15.539917
2002-05-08,15.299438,10.562103,14.180969,17.38211,12.675354,18.342682,25.443542,13.616486
2002-05-09,13.153229,11.540924,14.469055,20.748444,13.031616,17.56192,22.518036,10.165253
2002-05-10,16.070435,11.128265,15.433655,21.904297,12.794037,13.66568,16.72937,10.840179
2002-05-11,14.461975,12.147034,16.343628,17.921509,15.788818,5.7533264,14.764832,10.094177
2002-05-12,10.9435425,13.539276,17.492859,18.138855,17.33609,6.002838,14.230896,12.2048645
2002-05-13,10.508911,11.670441,18.322052,17.035583,17.328796,10.062897,14.443176,16.28305
2002-05-14,12.21521,9.113922,18.063751,18.031128,16.888336,11.583893,15.781006,14.5920105
2002-05-15,15.4513855,9.26712,19.29654,19.39563,19.075653,11.485748,19.742523,14.726135
2002-05-16,17.956818,11.904755,19.942627,19.186005,20.30478,13.328033,20.634644,11.108582
2002-05-17,19.984528,13.14621,19.77118,16.38684,19.452606,17.97403,18.37387,10.526733
2002-05-18,24.002136,12.980469,20.495361,14.358612,12.081818,18.35196,18.595062,10.887329
2002-05-19,26.243622,12.2864685,18.674164,14.076324,11.234711,17.048248,21.284088,12.252716
2002-05-20,21.963135,12.177246,19.54242,12.653198,19.181122,15.86441,22.734863,11.67627
2002-05-21,18.411163,13.877716,20.24179,13.247772,18.26883,17.798492,22.030518,9.394775
2002-05-22,18.196198,15.198364,20.533264,13.656311,20.923859,17.489166,20.96225,10.525909
2002-05-23,19.788849,14.079132,21.111969,10.228363,21.967194,15.035797,20.252716,9.839813
2002-05-24,21.08902,13.436615,22.018372,12.664825,18.878662,14.5711975,22.806213,11.439331
2002-05-25,20.392792,13.0997925,22.508667,13.966766,18.606842,15.281647,22.595428,11.959961
2002-05-26,19.345825,13.544708,21.264679,17.014587,20.507538,16.548004,18.966766,12.831696
2002-05-27,19.658813,13.842468,23.638733,19.857513,18.039917,18.679352,15.089325,13.93454
2002-05-28,20.024323,14.399048,22.800201,20.331879,15.989655,13.032623,16.61554,15.414978
2002-05-29,19.48349,15.423279,21.944946,20.095032,16.98639,15.502838,16.37201,15.887512
2002-05-30,18.92392,14.70871,22.750854,19.960297,15.913391,9.641266,18.597687,14.789154
2002-05-31,17.932404,13.206085,20.511078,19.400177,15.570068,12.189606,13.751587,14.445282
2002-06-01,15.960114,15.124115,17.88861,20.906342,15.491364,14.592438,13.33786,14.612396
2002-06-02,15.725372,14.358856,17.216766,19.865082,17.23767,16.276031,16.627808,11.772522
2002-06-03,16.622772,13.697296,17.539032,21.17273,19.840515,17.052887,15.480469,15.153717
2002-06-04,16.83789,14.476044,18.01947,20.3479,21.249115,16.422272,17.614868,16.746948
2002-06-05,17.757294,16.651947,18.517242,20.17456,19.568146,17.515533,19.175049,16.394135
2002-06-06,19.590332,16.595062,18.992157,19.232086,19.984406,19.384186,18.282318,14.331177
2002-06-07,17.569794,15.983337,18.80191,16.931244,20.387726,18.849518,21.36258,15.497467
2002-06-08,18.60968,17.690125,19.603363,17.862183,20.8591,18.625885,20.952759,15.590942
2002-06-09,19.176208,17.379913,20.343933,18.733368,21.183655,19.18985,22.88205,16.280426
2002-06-10,20.565948,17.682068,21.61148,19.576294,23.413086,22.155426,18.125824,17.017334
2002-06-11,23.563934,18.305267,20.239868,18.215668,20.650085,21.558746,11.205566,18.669586
2002-06-12,25.870087,19.047424,20.102264,19.17984,20.94925,19.494537,18.713654,21.367981
2002-06-13,24.916718,16.317871,20.639557,23.198181,17.080444,23.410553,20.323639,22.856842
2002-06-14,21.101166,16.01651,21.166992,21.48639,16.870575,22.485016,16.83435,22.812134
2002-06-15,22.940338,16.926117,22.602905,18.123627,18.496094,23.497223,19.772339,18.376678
2002-06-16,22.809723,17.299835,21.93576,19.015015,20.304535,20.978668,22.428253,18.439331
2002-06-17,22.380005,16.120514,21.278534,18.871643,20.776886,19.296295,22.311005,22.762115
2002-06-18,20.857147,16.813263,22.335632,19.227417,20.03238,20.317535,22.464325,18.257202
2002-06-19,22.037872,17.248901,24.628387,20.214813,22.576416,18.687408,20.903198,22.073761
2002-06-20,21.473145,15.799438,23.98825,20.663574,20.791962,18.251617,16.489807,17.008606
2002-06-21,18.95694,15.82489,22.376831,21.084229,21.068726,20.421783,15.372498,22.674713
2002-06-22,19.788849,17.827118,24.309937,18.760712,23.82608,21.9628,18.520721,21.457306
2002-06-23,20.019012,18.592194,26.73404,19.181366,21.729736,22.716217,22.283386,24.047394
2002-06-24,21.75003,18.035095,24.06781,20.859283,23.122375,19.71524,21.876099,24.325897
2002-06-25,21.492859,18.315704,22.109375,21.185272,23.16217,16.012604,19.263763,20.125275
2002-06-26,20.76535,18.638824,24.449097,24.257935,22.537567,19.185211,20.17691,15.793549
2002-06-27,20.210815,19.06961,23.865814,22.752045,22.143616,20.995758,24.81134,20.361877
2002-06-28,20.722382,19.326294,25.001923,24.464813,23.189056,17.725983,23.973053,23.260254
2002-06-29,21.973785,19.827728,23.803864,22.587524,23.582123,16.96817,18.432678,22.570038
2002-06-30,22.555634,20.39917,25.563263,25.772125,22.502594,17.548737,18.08667,22.617218
2002-07-01,20.963348,20.883575,26.788666,27.624481,21.519348,20.18155,22.992249,22.738403
2002-07-02,22.620392,21.249176,24.512085,26.507935,25.427277,21.82779,23.642883,21.589417
2002-07-03,20.454681,20.861908,23.23935,23.379425,25.607208,22.702545,24.237946,19.69278
2002-07-04,19.613068,21.279175,23.585266,20.939209,25.920898,23.53653,25.292786,21.648102
2002-07-05,21.79834,21.365082,27.546722,20.456085,25.880554,24.88028,22.458252,21.670563
2002-07-06,23.974152,21.191803,22.934021,21.37201,24.803284,25.631744,20.2276,20.027832
2002-07-07,23.790741,22.123047,23.107788,22.283142,24.348938,25.190338,22.44162,23.927551
2002-07-08,23.818726,22.181274,23.9534,20.280884,22.761871,19.776764,25.160583,24.79892
2002-07-09,26.047943,22.807678,27.480377,21.144073,22.732452,20.404205,26.392822,25.518646
2002-07-10,25.269867,23.86728,26.301971,20.358337,20.983185,21.684479,26.497711,25.236633
2002-07-11,24.378082,23.103882,24.734802,20.533508,21.702728,18.472076,24.548279,22.227478
2002-07-12,24.297516,22.894318,24.108032,20.022125,23.252594,20.589752,24.463287,24.25888
2002-07-13,20.678436,24.859314,23.90387,21.209167,22.958496,25.400055,24.516296,21.807068
2002-07-14,21.698303,24.186615,24.607147,23.312622,22.293823,19.14737,25.450745,19.049896
2002-07-15,21.908417,24.473328,23.702118,22.626312,22.422455,17.944244,26.384277,20.23462
2002-07-16,25.299835,24.419891,22.044342,23.595154,22.348663,18.207672,25.650208,18.358582
2002-07-17,25.20755,24.842804,21.624786,21.198883,23.035095,19.14737,27.337524,17.633026
2002-07-18,24.351562,24.982452,22.6568,23.293793,23.488037,20.167633,28.306671,15.712921
2002-07-19,19.065338,24.947083,22.364227,21.170502,24.061249,17.845123,26.104462,22.029175
2002-07-20,19.249237,25.339355,22.542358,24.346863,23.375397,18.390045,26.687805,19.62613
2002-07-21,20.548065,24.512054,23.256989,26.110565,25.925446,19.40567,25.881042,19.640015
2002-07-22,23.886108,23.886719,23.922363,27.094727,26.65857,20.603668,25.261902,20.887878
2002-07-23,26.468445,25.754242,25.107147,24.526855,24.634796,23.078766,26.491608,20.19226
2002-07-24,24.906097,23.135712,26.428284,21.572723,24.501862,22.433014,28.330048,23.2518
2002-07-25,21.948761,21.976776,28.187622,23.19342,24.867523,19.277985,28.951508,19.867981
2002-07-26,23.424591,22.198822,27.309357,21.32489,23.684387,20.916168,26.425354,17.006775
2002-07-27,23.686646,23.414764,27.099945,22.273102,24.561066,25.806793,27.847473,17.10141
2002-07-28,23.205933,23.789703,26.306702,21.334198,26.453094,25.145416,27.6503,17.614532
2002-07-29,23.561707,25.542572,26.960175,23.897308,26.449493,20.886139,26.486023,20.856201
2002-07-30,25.181976,26.463959,27.114471,21.808167,24.594421,19.700592,26.284943,23.07196
2002-07-31,26.575531,26.264648,27.526855,21.38446,21.42273,21.153473,26.453796,26.857086
2002-08-01,25.204376,26.133575,27.327545,22.817688,22.72528,21.216705,26.12442,24.364227
2002-08-02,24.30899,25.670837,25.971893,23.349762,24.720337,20.708649,27.353241,25.173615
2002-08-03,22.843231,24.06131,25.926208,23.70462,25.145996,21.309479,26.354797,20.02658
2002-08-04,23.031586,23.485443,26.747253,25.070282,23.831451,21.288483,27.063202,21.060272
2002-08-05,22.804535,26.162506,26.381897,23.437286,23.817352,21.114899,25.764465,22.867004
2002-08-06,23.772675,25.482635,26.487396,22.420654,23.241821,22.4982,23.156708,21.065765
2002-08-07,27.189056,24.925262,26.923492,23.150879,23.91919,23.053864,21.636566,21.465027
2002-08-08,26.696503,24.684479,25.27301,21.457275,24.327972,22.566803,20.488464,23.207092
2002-08-09,26.809967,25.168732,25.209381,24.332062,24.350739,21.979645,22.284698,21.54187
2002-08-10,25.35617,26.135468,26.396057,25.874481,24.725952,22.597809,24.760925,18.3219
2002-08-11,23.547638,26.350159,27.487701,26.287262,24.939423,24.34488,25.145111,21.425507
2002-08-12,19.127563,25.168915,28.42926,26.452972,25.676636,24.242828,25.35315,23.799622
2002-08-13,19.997833,24.632538,25.96051,25.885345,25.539856,22.269928,24.952576,22.162567
2002-08-14,21.821625,24.368439,24.333862,25.932037,25.166626,22.26651,24.29129,22.749908
2002-08-15,24.156342,24.09085,23.839142,25.939117,25.33487,22.630035,23.685852,23.361359
2002-08-16,23.630249,23.926422,23.879639,27.210022,25.323761,21.493805,25.023895,21.12555
2002-08-17,23.516327,23.286835,25.1857,26.062714,23.606262,20.517487,24.038666,20.20581
2002-08-18,21.042786,23.605255,26.593597,24.583374,21.196136,21.291656,23.792358,21.190948
2002-08-19,19.608246,24.185822,27.33963,22.020111,22.825409,20.358551,22.898254,22.313477
2002-08-20,20.4534,24.457336,27.867737,19.009766,23.424683,19.973053,23.76831,20.44757
2002-08-21,20.112823,25.376862,28.505981,21.98877,22.16626,20.304352,24.884216,19.309723
2002-08-22,20.471985,27.996094,27.355865,21.055176,23.885132,23.404205,24.5354,20.376862
2002-08-23,23.202698,28.242462,25.876343,19.47818,24.389923,26.478424,23.975372,19.463013
2002-08-24,24.086884,28.059998,26.589722,21.526184,24.521484,25.440094,24.748322,18.33667
2002-08-25,24.016724,22.904968,27.477264,23.094055,25.598572,25.56778,24.52362,20.308075
2002-08-26,24.55362,22.423431,27.322754,23.173828,27.383026,23.781158,24.948883,24.274261
2002-08-27,24.563538,27.351349,26.942535,21.767212,27.678223,24.136627,25.577698,25.575378
2002-08-28,20.876617,23.82843,28.845734,22.09784,27.125977,22.05191,24.720123,22.709381
2002-08-29,21.874908,20.407532,25.779877,19.599274,25.029541,22.709625,24.312836,18.403992
2002-08-30,21.664642,21.939178,24.478302,19.5495,25.557556,24.15152,24.272308,16.204498
2002-08-31,21.1409,25.914948,24.455475,20.185577,24.506256,18.486237,24.430603,16.9122
2002-09-01,24.301239,21.967987,24.39801,20.406372,21.68283,19.1857,24.395325,17.905212
2002-09-02,20.512909,24.32956,24.59961,21.604736,19.057007,22.41275,24.498138,17.121185
2002-09-03,18.364166,27.069366,24.376862,23.34317,21.01355,20.942291,25.444,21.170837
2002-09-04,17.67398,21.948029,23.45462,24.505493,22.212769,22.132965,24.266998,19.40738
2002-09-05,21.273346,21.319763,22.94162,22.482697,24.92633,23.863434,24.199768,19.616455
2002-09-06,19.234467,23.664581,22.894562,17.83191,21.98294,22.551422,22.679718,19.879211
2002-09-07,18.837982,21.277863,25.623505,15.595093,19.230927,21.030426,23.882141,20.523346
2002-09-08,16.164154,21.090485,26.090332,16.154358,22.074097,20.57071,24.917542,20.140686
2002-09-09,16.82602,21.00119,25.279785,16.59375,21.325287,21.87027,23.666565,20.28006
2002-09-10,19.778046,21.1445,24.19635,17.277222,20.229248,23.974762,21.547943,20.186493
2002-09-11,22.60199,23.07956,25.188416,18.095642,23.81717,24.115143,27.763458,23.022675
2002-09-12,15.560242,23.504974,25.710297,18.30597,24.516022,22.365875,28.824524,17.45813
2002-09-13,14.329132,20.081726,25.082031,18.187805,23.601257,21.161774,22.62033,20.336761
2002-09-14,15.639191,20.600555,24.024475,18.470367,14.875305,19.687653,20.425995,14.155334
2002-09-15,15.793121,22.956085,22.321106,19.321106,14.0047,20.77359,26.285095,15.282562
2002-09-16,14.950165,24.744843,22.73819,20.108246,15.101593,19.92276,25.368164,16.156494
2002-09-17,16.88858,24.60788,22.53067,18.451202,15.664459,17.8461,27.007874,17.481873
2002-09-18,18.498016,20.77893,23.547699,16.430511,17.784698,18.731598,25.770294,19.12555
2002-09-19,22.432312,22.978119,23.806152,16.049927,19.06314,21.707916,19.556915,19.92154
2002-09-20,22.915009,20.38681,23.744232,17.296326,15.024139,20.266022,12.498138,20.29889
2002-09-21,22.014313,16.466187,21.605194,17.458344,15.863403,18.860504,11.509796,20.624664
2002-09-22,22.481232,16.862732,22.539825,15.882385,17.575195,18.50064,14.738739,22.007904
2002-09-23,22.489166,20.30307,24.703308,15.484436,18.506165,19.98404,17.012054,21.199066
2002-09-24,23.64682,24.872833,22.726776,15.694458,19.342773,21.68692,19.073944,16.206482
2002-09-25,21.434753,23.907684,21.894012,13.315002,20.775665,21.9982,17.598053,17.606445
2002-09-26,20.459076,20.377747,23.80188,13.458588,21.884674,16.43277,16.219849,21.041382
2002-09-27,16.237274,20.631683,21.014343,13.713196,20.203857,15.323395,19.76059,11.74408
2002-09-28,15.693512,23.51355,19.782776,14.96228,19.233215,16.720123,21.80899,9.596741
2002-09-29,15.681366,23.593811,21.568146,15.818756,17.937714,17.257965,16.635498,14.614777
2002-09-30,17.094452,17.192108,22.42978,15.77124,16.975067,20.68277,16.777039,17.785614
2002-10-01,19.460968,15.443909,23.161438,15.82074,15.98877,16.791168,19.34726,13.945526
2002-10-02,18.407806,17.822906,22.433777,13.4339905,15.132416,12.839752,23.90332,16.656067
2002-10-03,16.121552,22.33133,24.022644,15.528442,15.654846,14.696442,24.496643,14.95285
2002-10-04,14.2604065,16.26593,20.293335,15.327179,17.041779,17.931793,21.351898,9.745026
2002-10-05,16.835052,16.236908,19.474182,13.941925,12.384857,19.005524,12.345886,9.671661
2002-10-06,18.51651,15.891296,19.783112,13.135162,14.471313,19.577545,11.978943,15.055115
2002-10-07,16.901031,17.143951,20.314606,13.660645,16.021118,19.562408,12.955231,15.1684265
2002-10-08,17.904846,17.581604,22.236115,18.23883,16.874573,22.220123,14.653473,6.6134644
2002-10-09,21.154541,20.729889,19.9682,20.63269,15.740326,21.512604,17.668335,12.197144
2002-10-10,19.248291,20.605865,20.65387,21.224396,10.858154,20.799713,18.544739,20.531525
2002-10-11,11.165253,17.428528,23.576447,19.823517,11.538208,20.18692,19.07483,11.888519
2002-10-12,7.9042053,19.148834,19.463196,16.437836,13.682892,16.209381,18.468384,13.218475
2002-10-13,12.343506,23.54419,17.080353,18.445496,14.874725,13.481842,15.329681,17.651459
2002-10-14,15.92395,22.985504,19.335205,18.527832,15.297089,15.132721,16.2677,22.5271
2002-10-15,16.062866,19.393433,22.181335,12.997009,18.729431,13.676666,11.885498,20.095062
2002-10-16,9.272278,16.871979,22.141296,9.979218,19.028687,13.075348,11.547943,7.8500366
2002-10-17,7.595459,20.987427,19.472076,10.17688,19.755829,12.233795,15.670258,8.874237
2002-10-18,8.625641,21.789185,15.803131,10.771118,20.74405,15.500885,18.72525,8.32428
2002-10-19,11.467163,20.508575,15.762573,11.389099,16.983826,15.76236,18.950043,10.652252
2002-10-20,7.555023,16.34256,20.162262,12.042358,12.991455,12.237701,19.590302,19.373505
2002-10-21,8.488129,12.695465,21.613708,12.9140625,12.046173,16.752594,17.058716,17.266327
2002-10-22,6.875702,14.911377,17.218628,12.252411,12.62204,21.173004,6.625519,18.489594
2002-10-23,4.4326477,14.575287,16.536926,12.9244995,16.66806,20.168365,6.8192444,17.392822
2002-10-24,6.929199,14.982513,15.575867,13.741119,18.26538,12.712067,12.362854,8.94516
2002-10-25,7.076874,16.825531,18.346527,10.381958,17.532135,12.242828,16.404266,7.479004
2002-10-26,12.264374,15.115875,18.529968,9.558624,16.233154,14.830231,17.90274,7.6066895
2002-10-27,16.592194,13.119415,17.13147,11.27179,16.789062,19.4982,14.266113,4.084015
2002-10-28,12.244354,10.7786255,9.939087,11.918701,13.842377,10.267975,5.107086,2.9454346
2002-10-29,11.034149,11.01358,11.776642,12.437683,12.305542,9.929108,5.970642,6.8150635
2002-10-30,14.8125305,13.859741,15.40155,14.482025,10.634033,9.929352,12.854126,9.066406
2002-10-31,10.256134,13.020538,14.720123,11.316925,10.94162,11.764069,9.084198,14.413483
2002-11-01,8.477722,12.361084,13.633911,8.156403,9.157196,6.6444397,5.134247,8.942505
2002-11-02,6.3813477,11.911774,15.195068,9.197205,9.772491,5.2967834,11.505432,4.210907
2002-11-03,5.93631,12.690582,15.490845,6.8861084,12.709747,3.195221,13.788635,3.4309998
2002-11-04,10.067993,12.113403,13.726532,7.24823,9.479309,3.9806213,9.591431,5.8645935
2002-11-05,10.468048,12.831421,17.115967,8.004852,8.356171,3.2191467,6.3099976,5.4089355
2002-11-06,9.197784,17.858887,19.768402,7.856018,7.7218933,3.3617249,5.0858154,5.1352234
2002-11-07,7.056244,14.570984,13.906464,7.6214294,7.498352,7.757477,2.2419434,7.3036194
2002-11-08,9.78775,15.2760315,10.035309,9.648773,5.7166443,15.181549,5.068054,4.1441956
2002-11-09,15.375519,13.552277,11.270569,9.608307,7.307434,17.42276,10.282684,5.427063
2002-11-10,10.709564,11.830414,14.120483,9.138245,3.894165,12.22403,8.880249,5.3948975
2002-11-11,17.044464,15.284973,18.05542,10.372742,6.0959473,18.162262,11.173553,5.3250732
2002-11-12,11.026276,18.585663,11.771942,13.051941,13.407806,3.79776,12.979004,5.991852
2002-11-13,4.907135,11.353638,9.74115,6.3770447,16.102875,2.5455627,9.436829,4.6191406
2002-11-14,4.8070984,6.451874,10.102844,4.4015503,16.260773,0.13491821,4.1949463,2.007782
2002-11-15,8.774689,4.362091,9.983795,6.7907104,5.5515747,-0.036712646,8.881073,1.6829834
2002-11-16,12.087433,9.580475,15.068939,7.9737854,8.210388,4.25943,9.567139,3.2085876
2002-11-17,10.084564,11.111176,14.7204895,7.62973,5.219574,3.6957092,17.425598,7.5924377
2002-11-18,5.0397644,6.585846,9.646637,7.2242126,1.3743286,2.6009827,5.443878,1.7525635
2002-11-19,7.4037476,3.5577393,7.234955,8.791443,1.7313538,2.25943,1.2600708,0.89001465
2002-11-20,4.630829,15.719055,6.940735,7.097534,6.0000916,8.487213,1.492157,-0.27197266
2002-11-21,8.101532,7.787262,8.222351,7.0009155,9.047363,6.5797424,0.40374756,1.5250244
2002-11-22,6.341034,12.0190735,10.83139,2.4146118,7.185364,-1.4808044,3.748932,1.0265808
2002-11-23,5.2625427,11.261078,12.08786,3.0959167,7.8727417,3.506012,5.1537476,1.8913879
2002-11-24,-0.27120972,7.8020935,10.147491,2.662445,8.544525,3.613922,7.8721313,5.928711
2002-11-25,-0.85653687,3.905487,11.3815,3.8265686,2.8168335,6.35318,9.770111,7.3520203
2002-11-26,3.5300598,9.621307,9.020203,9.970734,1.8141785,8.622467,8.478577,2.636139
2002-11-27,3.9283447,12.574646,8.96048,9.535248,-3.1665344,11.668121,6.8398438,0.24188232
2002-11-28,6.4663086,15.047028,10.931274,6.8968506,0.5826111,4.657135,6.623993,-0.4076233
2002-11-29,8.740662,9.947784,10.038086,3.4160461,1.9613037,2.4046936,10.830719,-0.8460083
2002-11-30,1.5418396,7.3434753,10.999786,7.128113,2.6365051,3.2377014,2.6131897,-0.1645813
2002-12-01,0.14071655,6.377899,11.171326,4.9869995,9.890564,1.4715881,3.0445862,-0.7026367
2002-12-02,1.2333069,9.534332,18.085022,1.1506348,4.3969727,-1.9764099,3.1333008,-0.6116028
2002-12-03,3.5907288,6.2049255,7.537567,-0.8687744,-0.34786987,-1.2727966,2.0556335,-0.10070801
2002-12-04,6.64447,3.938446,3.3093567,-1.9954224,-4.3988037,0.8612366,-0.5979309,-5.4599304
2002-12-05,12.99057,5.7042236,7.228424,-2.2530212,-7.6137695,-1.4895935,7.715912,-5.8864746
2002-12-06,7.591156,5.6011963,1.3316956,-2.6633606,-6.992584,-3.2337341,6.2973633,0.5432434
2002-12-07,-0.4809265,2.542572,2.3442688,-2.3934326,-6.0234375,-3.374115,10.235321,-2.218689
2002-12-08,3.469757,1.6712341,5.240143,-2.2285156,-1.217102,-3.1785583,8.989258,-6.552643
2002-12-09,3.5560303,0.07077026,5.0559387,-2.3789978,-0.15713501,-2.1387634,-1.8561096,-4.5615234
2002-12-10,-3.9964905,11.312408,6.9944153,-0.84310913,2.1896973,0.5987854,1.6106262,-3.5224304
2002-12-11,-5.585907,7.2966614,8.855072,-2.6331787,6.2779236,-1.4224548,0.008514404,-2.9526978
2002-12-12,-4.5954285,4.651367,10.802399,-2.0805664,11.0914,-2.5740662,-2.137146,-3.8296814
2002-12-13,4.33786,1.7078552,8.018372,-1.1607056,6.798218,-5.57016,-1.0820007,0.7170105
2002-12-14,0.49282837,5.3679504,7.128998,-1.6689148,6.5429077,-3.922943,0.16217041,-0.270813
2002-12-15,-1.8155823,4.9358215,8.966705,0.48724365,7.5018005,-2.1856384,-4.8502502,-0.64346313
2002-12-16,-0.055541992,-1.8738098,7.07724,-0.10418701,7.671295,-1.3477478,-1.163971,-0.6960144
2002-12-17,-1.3179932,0.61953735,3.3386536,4.37323,6.6383667,3.1898499,2.4830017,6.1924133
2002-12-18,-1.744812,2.2851868,-0.33276367,0.9619751,7.2442017,1.6864319,8.268616,3.4649353
2002-12-19,2.4770813,-1.0831604,5.966858,0.6790161,10.12616,0.3902893,4.914032,-1.8062134
2002-12-20,1.7836304,-1.3340149,9.097565,-0.050720215,12.852875,-0.52597046,-0.09094238,-6.298828
2002-12-21,2.091156,5.859253,7.9541626,-2.1352234,0.54470825,-1.0059509,1.9255066,-6.369629
2002-12-22,0.07455444,5.624176,11.064789,-3.3782043,-2.4935913,-5.757904,-1.2566528,-5.210144
2002-12-23,-3.6961365,1.5093689,8.79599,-2.718811,-4.103363,-1.653656,0.1302185,0.79263306
2002-12-24,-5.4828796,2.5787048,5.0866394,0.096221924,-4.363739,-1.7288513,0.46975708,3.2407227
2002-12-25,-6.703705,8.530365,7.044464,1.8065186,-1.8997803,-3.3450623,-1.5241089,-1.2071838
2002-12-26,-7.176056,0.49642944,7.092865,3.718628,1.0079651,-7.7984314,0.12576294,-0.54089355
2002-12-27,-7.6684875,6.2477417,13.796082,9.333435,0.08355713,-3.1626892,3.5667725,0.22964478
2002-12-28,-6.3450317,9.09729,9.4262085,3.2276,1.0065613,-3.8279724,2.8265991,0.2364502
2002-12-29,-7.6830444,2.2290344,5.9228516,-0.846405,3.1304321,-0.71151733,-7.9693604,-0.15408325
2002-12-30,-4.617584,0.8923645,2.25885,-2.816803,3.8327637,1.9098206,-2.2008667,1.3986511
2002-12-31,0.96762085,-3.592163,8.194672,-2.0752258,1.7604065,-0.30184937,-1.1143494,-1.0192871
2003-01-01,-9.656158,-2.8475952,8.085175,-4.2622986,-0.53497314,2.2540588,0.12490845,-0.68859863
2003-01-02,-8.443756,-3.099762,7.8013306,-2.979065,-0.06890869,7.669342,1.5870667,-6.178406
2003-01-03,-6.6647034,-6.061676,6.24057,-5.427429,4.429474,14.261627,-2.2018738,-9.963745
2003-01-04,1.8183899,1.22995,7.7822266,-5.919342,5.140045,5.664459,-1.9803772,-6.5231934
2003-01-05,0.32858276,6.845154,2.8303833,-1.9059753,2.775055,0.065338135,1.282074,-6.743683
2003-01-06,6.3017273,-0.6335144,4.613922,1.0215149,-2.0754395,-2.1285095,-0.38513184,-10.368439
2003-01-07,9.779205,3.7470398,6.1911926,-0.026855469,-5.775299,-7.666107,-0.7435303,-6.016205
2003-01-08,-2.6802673,-1.4642639,-0.7949524,-0.10549927,5.9378357,-8.120209,2.0314026,-2.2841187
2003-01-09,-4.553009,2.0185242,-1.2125854,-0.24816895,-6.5318604,-4.166107,0.47540283,-2.2636414
2003-01-10,-3.7622375,6.5863037,3.0148926,0.35977173,-13.247986,-0.79989624,0.107788086,-1.4924011
2003-01-11,-5.659912,1.2395325,4.9104004,0.80441284,-5.8503113,-0.91000366,-3.5284424,-0.41271973
2003-01-12,-5.493744,-0.39608765,8.621155,1.3101501,-3.939972,-1.3680115,1.3794861,0.8196411
2003-01-13,-1.2268982,7.3309326,13.912872,1.4450378,-7.4135437,1.0394592,4.1237183,-0.14208984
2003-01-14,-0.20779419,0.8847046,7.469696,1.7706299,-7.6393433,2.19693,6.226532,-1.2530518
2003-01-15,1.0450745,-5.9958496,3.806488,3.683899,-7.3999023,-0.2876892,8.886536,0.22680664
2003-01-16,3.2668152,-6.995392,1.0333252,1.0619812,-12.990051,-6.0364685,-0.8161621,-5.2003784
2003-01-17,2.9984741,-1.9640808,-1.0535583,-0.67022705,-9.722961,-4.1304626,-1.6956482,-3.719574
2003-01-18,5.5432434,-0.8257446,3.311798,-1.7315369,-3.8220825,-1.4590759,4.7217407,-3.8125916
2003-01-19,10.251129,1.7307434,1.0623169,-3.0239868,2.4548035,-0.6853943,3.7299194,-6.861969
2003-01-20,8.6119995,-1.2547302,2.2202148,-3.172058,0.70410156,-5.660248,2.3699036,-7.501404
2003-01-21,8.180695,-1.6711731,5.7096863,-2.015686,-3.3380737,-5.7356873,0.18881226,-7.6641235
2003-01-22,7.1028137,-3.6511536,10.070557,-2.6067505,-6.814972,5.6610413,-2.1756592,-9.619263
2003-01-23,-1.7103577,2.749115,11.106506,-3.2573547,-3.9084778,-4.3614197,-5.43515,-9.670349
2003-01-24,-4.8488464,-2.1000977,0.4857788,-0.32302856,-1.2874146,-6.134369,-0.0064086914,-10.599335
2003-01-25,-6.9127502,4.6855164,0.41845703,-3.2752075,0.6861267,-3.7962341,-2.5025024,-10.280029
2003-01-26,-7.8712463,-1.1793213,4.795471,-3.1692505,0.41796875,-0.42123413,-8.521027,-9.102722
2003-01-27,-6.4839783,-3.3876648,2.2955627,-5.8196716,8.5269165,1.3148499,-15.492249,-15.382385
2003-01-28,-5.7523804,-3.248932,-3.6923523,-4.519806,15.725922,2.5143127,-6.7809143,-14.735901
2003-01-29,-3.7716064,-3.0559998,0.1499939,-1.2099915,-5.995178,-11.7881775,-0.5229187,-11.992828
2003-01-30,8.332184,-4.429535,6.785553,0.90182495,-6.1071167,-10.12973,-2.2815857,-9.817169
2003-01-31,5.66745,-0.30133057,3.2037964,0.41326904,-9.213806,-1.7078552,1.1481628,-8.639099
2003-02-01,6.1586,7.011322,9.576721,0.7029419,-14.221069,-13.856293,-6.6102905,-6.649872
2003-02-02,-2.4560242,0.3948059,8.117157,-2.362732,-10.435974,-9.018646,-0.621521,-4.9662476
2003-02-03,-8.162994,5.240265,5.89859,-0.644104,-3.0039062,-12.239838,-9.546661,-4.1217346
2003-02-04,-5.365387,-1.567688,5.9222107,4.0769653,-4.01001,-13.298676,-16.054321,-1.9096985
2003-02-05,-0.8725281,-5.4457397,8.723877,2.7636108,-1.5768127,-8.034515,-9.396698,-6.06131
2003-02-06,11.298767,-3.5249329,11.611542,2.3349915,-0.3668518,-8.005707,-1.5889282,-7.638611
2003-02-07,15.19809,2.0280151,7.6812134,0.44769287,0.6837158,-10.676605,-1.5168152,-9.389526
2003-02-08,15.271088,3.1854553,2.3962097,0.5316467,-11.679413,-11.645111,1.3634338,-5.9085083
2003-02-09,1.8848572,4.7791443,4.485321,-0.37524414,-10.928772,-7.841156,-0.03616333,-6.719818
2003-02-10,0.4291687,5.6666565,10.884033,-0.8401489,-1.473877,-4.2725525,-2.0897827,-13.887848
2003-02-11,-3.310791,7.561096,13.741699,-1.6469421,-1.576416,-3.8711853,-9.135437,-14.993408
2003-02-12,-0.6070862,5.3547974,10.551849,-9.646332,-10.548523,-1.5723572,-7.477051,-8.658569
2003-02-13,0.5831909,6.000519,1.7430725,-8.125946,-2.0846558,1.6031799,1.1879272,-10.977905
2003-02-14,9.187042,3.2018127,8.783905,2.4046936,0.77267456,-0.014007568,1.2281494,-10.292877
2003-02-15,5.1204224,4.621063,3.0288696,2.045105,3.8045654,-1.2659607,-0.35110474,-9.833832
2003-02-16,-0.22583008,9.6185,-2.0656433,-1.1570435,-5.115753,6.5126038,3.4238281,-8.938599
2003-02-17,-1.97995,5.431488,2.1487122,1.8474426,-8.13092,7.7740784,9.649567,-7.339691
2003-02-18,4.308838,-2.1575623,7.5958557,-0.31793213,-4.292328,6.460602,-2.0068054,-5.758484
2003-02-19,-6.8244934,-3.5315857,10.232391,-1.1858826,-3.2565308,8.700348,-6.1615906,-7.079468
2003-02-20,-8.202972,-2.4655762,12.192871,-0.6424866,0.35708618,1.3380432,-6.117798,-4.375702
2003-02-21,-6.468994,0.30581665,13.598724,0.88967896,-6.969391,-4.24765,-2.1018982,-1.1974792
2003-02-22,-10.988434,8.0763855,14.566315,5.6709595,-7.434845,-7.6233826,2.6022644,-4.1650085
2003-02-23,-10.51297,6.032013,15.305359,8.661285,-3.2494507,-4.3365173,1.3699646,-6.156372
2003-02-24,-6.7972717,5.0450745,16.521912,7.635132,-3.9752808,-1.5318298,1.0358276,-13.388763
2003-02-25,-4.231415,3.5009155,14.542114,6.4037476,-3.1495972,1.0089417,0.9913025,-10.215942
2003-02-26,-0.89108276,9.278839,9.151093,4.2413025,-4.7111816,5.3436584,4.070221,-11.780945
2003-02-27,1.1641235,3.9219666,6.680237,-0.19393921,-7.4534607,-3.4178162,2.319336,-8.766144
2003-02-28,-0.4286499,4.2038574,7.0578613,0.6094055,-3.5541382,-6.772064,3.2315369,-7.0714417
2003-03-01,-4.871338,6.3284607,11.039276,3.5291748,-0.28256226,-5.1531677,8.789673,-6.016968
2003-03-02,-7.8652344,4.301483,15.677673,1.5881348,-2.5358887,-6.193207,5.0258484,-9.381287
2003-03-03,-5.6020813,6.7016296,7.5792847,5.017151,-7.5800476,-5.069916,0.7411194,-9.267242
2003-03-04,-7.0553284,8.824188,7.258606,0.095184326,-2.5037537,-1.9942322,4.8670654,-8.37027
2003-03-05,-9.830353,6.0585938,1.6859131,-0.7511902,1.3165894,1.4298401,-1.9336243,-3.1505432
2003-03-06,-7.3053284,2.2227478,3.104309,0.2441101,3.1602783,1.2767639,4.4658203,0.17874146
2003-03-07,-6.2654114,-2.0710754,5.695526,0.07757568,2.987152,1.2694397,2.1915894,-0.88513184
2003-03-08,-4.1532593,-1.367218,7.600525,-1.5437012,-0.024963379,-3.3675232,3.2836914,-4.035492
2003-03-09,-5.3451843,2.94812,5.5211487,-0.68447876,0.68634033,-3.8492126,2.9076233,-3.2809143
2003-03-10,-0.61434937,5.091461,6.400635,4.7703857,2.9131775,-4.3684998,7.982544,-2.0107422
2003-03-11,-0.2428894,3.8833923,6.391968,4.486908,-3.8668518,-2.9187927,8.502167,-1.5569153
2003-03-12,-0.49551392,5.7157288,15.009338,-2.249237,-0.5570679,-4.707367,2.3521423,0.6375122
2003-03-13,0.61087036,3.4842224,13.212402,-1.0015259,-1.1769714,-8.430511,1.7709045,0.83691406
2003-03-14,2.1002502,3.0724792,7.312439,-1.7309265,-5.4183655,-6.457367,0.36193848,0.34848022
2003-03-15,3.1802368,2.0095825,2.487091,-1.6501465,-6.6690063,-4.3694763,5.95697,1.4535828
2003-03-16,4.982086,2.4019165,7.2856445,-0.27493286,-5.4925537,0.44888306,11.04483,2.5298767
2003-03-17,5.823517,1.7721558,9.777252,2.0222778,-6.6058044,-0.33724976,14.114532,0.43695068
2003-03-18,2.467987,1.2872925,16.056458,4.0994263,-3.6249695,-2.8938904,12.144318,-3.5695496
2003-03-19,6.493042,0.554657,12.373077,3.72818,-1.9514465,2.7008362,3.765747,-2.247467
2003-03-20,0.3364563,-2.851715,12.603821,3.1870117,-0.6229248,6.732086,6.8797913,-1.9408264
2003-03-21,-6.5126038,4.4825745,11.728058,3.3670654,2.5496826,6.48526,2.8464355,7.534729
2003-03-22,-7.823242,6.4233093,12.934174,3.6736755,8.810822,3.3790588,0.7683716,7.3809814
2003-03-23,-3.6750793,6.222412,14.721558,4.276825,12.132446,4.5606995,0.18869019,-0.30508423
2003-03-24,-1.8622131,7.2760925,18.8768,4.5718994,0.7930603,6.9725647,-3.362976,0.9222717
2003-03-25,-0.4093933,4.006378,12.5052185,5.681946,3.0217285,12.108063,-1.5263977,7.323517
2003-03-26,3.2026062,3.8771362,12.082428,7.1417236,-0.79489136,12.714752,3.235321,3.1589355
2003-03-27,4.203125,6.636688,6.611023,5.3637085,3.9122925,8.363434,10.44696,3.1044922
2003-03-28,5.57016,7.9617615,5.554657,5.633362,4.45932,5.384186,2.2546692,-3.4325867
2003-03-29,7.749054,3.2846375,9.336182,7.245514,4.511688,3.6229553,5.8077393,-2.7421265
2003-03-30,12.505035,6.1564026,17.802063,7.997864,4.465271,5.9151917,12.765778,-2.187561
2003-03-31,12.923981,7.231903,11.868591,9.901245,7.786133,12.12735,17.14209,1.6787415
2003-04-01,11.5381775,8.67276,7.0384216,8.723785,7.7335815,6.509674,13.836487,7.924225
2003-04-02,7.1372986,5.0785217,7.4284973,10.966614,8.986389,-0.57699585,9.112274,11.365112
2003-04-03,2.138214,3.5521545,9.308899,10.985504,12.161896,0.2093811,15.327423,5.747284
2003-04-04,5.934845,5.1849365,8.704163,9.684906,11.131256,3.4996643,6.470001,1.7714233
2003-04-05,10.886871,8.651581,9.856995,9.996948,14.224609,3.5919495,3.1586914,0.5027466
2003-04-06,17.701538,8.61203,11.117157,14.553589,6.0937195,1.8756409,3.9600525,4.32782
2003-04-07,21.1781,3.3987122,14.094971,14.4530945,3.242096,2.4066467,5.0386353,8.596008
2003-04-08,19.543304,5.0762634,16.06894,10.905914,2.6545715,9.688873,5.815613,3.7246094
2003-04-09,17.876434,8.674591,15.538696,12.504242,1.1870117,8.116364,14.702393,4.5304565
2003-04-10,11.378418,10.873108,9.197357,12.3172,2.6337585,4.370514,8.995697,10.552551
2003-04-11,7.351349,6.9166565,5.0067444,8.094177,1.4727478,1.6266174,6.338867,7.633026
2003-04-12,6.759613,8.508575,4.324402,4.714905,-1.1984863,0.1600647,10.291077,11.435028
2003-04-13,2.1087646,7.718384,6.708191,6.6529846,-0.30755615,2.2501526,3.0370789,8.016052
2003-04-14,8.260437,8.6458435,6.9606934,11.089081,3.654663,5.697174,4.7677307,5.609833
2003-04-15,6.4427185,10.591827,7.866211,15.236938,6.1071777,8.89566,13.869171,5.114685
2003-04-16,-3.7651672,10.58194,8.398712,14.51767,4.9498596,10.421783,8.72171,4.7595825
2003-04-17,4.120636,10.5737,8.599976,13.700928,7.757965,9.274078,6.0401306,5.5114746
2003-04-18,8.189728,11.706879,10.904816,11.587738,6.0785217,4.031891,8.031586,6.5359497
2003-04-19,7.131256,10.0199585,16.145721,9.617981,8.666962,3.7181702,10.906342,6.6841736
2003-04-20,6.4447327,9.887482,17.036652,9.192383,17.252502,6.84317,13.960968,3.854004
2003-04-21,6.45224,5.3712463,15.708893,8.135162,6.0554504,11.28067,13.2178955,5.0946655
2003-04-22,6.0457764,6.3073425,12.578613,7.1752625,0.0871582,6.5226135,12.294891,5.1891785
2003-04-23,8.086761,8.620941,13.697601,10.254486,2.6025085,6.736969,3.9870605,7.669861
2003-04-24,8.3341675,9.116638,14.305817,10.238129,0.21453857,8.173737,5.6439514,6.985626
2003-04-25,11.65625,7.278137,14.44519,10.848114,0.98983765,10.858795,9.661804,10.554871
2003-04-26,16.106903,8.2899475,14.352814,10.079468,3.3425598,13.715485,9.185303,14.155212
2003-04-27,13.958099,8.139191,19.76358,12.812134,3.3634949,15.704742,10.737305,8.455322
2003-04-28,10.305267,10.412018,18.045471,11.588959,1.9828796,15.795563,11.862091,10.773926
2003-04-29,8.18808,11.535492,13.455688,13.01593,5.2807007,11.898346,9.35379,12.351349
2003-04-30,9.453278,8.406464,9.645721,10.518372,8.942871,11.466217,9.815369,11.738922
2003-05-01,10.5572815,9.5190735,12.031372,8.813293,6.1553345,15.095612,14.1987915,13.445496
2003-05-02,13.843353,8.94812,13.9704895,10.765442,9.75946,18.498444,17.372498,13.871643
2003-05-03,17.087433,7.5854797,14.412994,12.766205,2.8140564,18.900543,17.619507,13.17572
2003-05-04,16.72696,7.6482544,15.088684,13.548584,2.3304749,12.32486,18.118347,10.747711
2003-05-05,17.353027,7.396576,20.804413,14.627014,4.1073914,9.38028,16.234772,10.311157
2003-05-06,15.29361,7.2239685,20.995392,12.07547,5.068695,10.197662,17.415863,16.06601
2003-05-07,14.993439,8.868347,14.447754,9.006165,6.4503784,17.914703,7.689972,17.261261
2003-05-08,11.318726,10.650269,14.117126,12.291992,7.1128235,15.322174,6.2004395,8.596527
2003-05-09,12.140167,8.287201,17.036133,15.186707,8.447601,9.189362,10.643311,7.501953
2003-05-10,13.176544,9.57785,17.24289,16.24768,9.807861,9.095367,15.913391,11.42868
2003-05-11,16.151093,10.930206,21.778748,17.241272,11.7178955,11.904205,17.289948,9.249298
2003-05-12,16.673859,12.159454,22.960266,15.235809,13.020264,13.567047,18.956482,7.45874
2003-05-13,21.692902,10.33316,15.724701,14.055511,13.050476,17.201569,17.147736,8.474701
2003-05-14,21.4693,10.796204,14.311066,14.403564,13.859741,16.43106,15.436218,8.669891
2003-05-15,21.84134,10.359131,14.235901,16.690063,15.80658,11.094635,13.780121,9.635773
2003-05-16,18.338959,10.657471,15.332916,18.193481,18.873138,12.46817,14.397736,10.214539
2003-05-17,16.438019,10.8454895,16.511536,17.814148,18.927612,16.084381,11.138336,10.0065
2003-05-18,18.183868,12.788605,16.509583,18.212036,20.110748,12.597076,8.66861,10.297302
2003-05-19,18.834625,10.684174,18.812866,21.382233,20.781982,14.812164,10.053528,12.806976
2003-05-20,18.462036,11.441986,18.348999,18.533325,18.922455,13.0260315,13.600739,16.114624
2003-05-21,17.550995,13.406342,18.816284,18.104156,15.331055,13.160553,15.97168,14.456818
2003-05-22,15.368408,12.359467,19.446869,19.3255,12.81662,16.91275,17.463074,9.980469
2003-05-23,15.2664795,11.664795,20.33905,19.747864,14.920227,14.70401,17.311584,11.897186
2003-05-24,15.424835,12.323944,22.033386,20.365417,15.225525,11.700348,18.978302,17.445496
2003-05-25,17.10495,12.075531,21.082184,21.085754,14.812042,16.068024,16.697632,17.58731
2003-05-26,17.155334,12.308624,19.51654,21.054657,16.094788,21.40274,16.612091,13.730377
2003-05-27,18.22467,12.573242,18.92685,22.147675,19.593048,15.005524,17.24527,10.822174
2003-05-28,16.849884,13.365387,19.376495,22.833252,20.938263,16.03189,19.553833,9.305237
2003-05-29,17.321594,15.720978,17.858276,23.313995,21.809357,17.336334,12.917175,9.193329
2003-05-30,20.047333,16.2211,19.132446,23.642334,21.158813,13.098297,13.86264,10.940521
2003-05-31,19.561737,14.576782,20.402283,22.170776,19.764374,12.53775,18.448425,11.618622
2003-06-01,18.062286,15.126282,20.779236,19.49759,20.570374,13.779205,10.965607,11.970215
2003-06-02,19.602203,14.997833,21.702728,18.672668,20.568176,18.741852,16.36029,12.791382
2003-06-03,17.878326,16.725067,22.595276,15.332733,19.245483,16.941315,21.694427,13.8315735
2003-06-04,17.423004,15.352905,22.245667,16.53897,20.077515,17.13272,22.193878,14.617828
2003-06-05,18.734406,15.420258,20.867676,17.370636,21.795258,18.867584,21.144775,13.6579895
2003-06-06,18.234589,15.5954895,21.820618,17.864685,21.177094,19.47647,22.199554,14.680206
2003-06-07,18.787018,15.428589,22.872345,18.059296,18.365234,19.151764,23.535553,15.848206
2003-06-08,18.544617,16.804901,23.466888,16.976685,17.231873,16.749664,20.756195,16.80841
2003-06-09,19.369232,16.213654,23.920898,19.325897,14.618408,16.294586,14.529327,15.012573
2003-06-10,21.125763,16.15274,24.464294,17.05304,14.614746,15.435211,12.078064,18.11621
2003-06-11,21.276337,17.682404,23.944641,16.894684,18.76007,14.176666,14.281586,21.538605
2003-06-12,22.039917,17.873993,23.141144,18.983154,19.052887,16.3815,19.036682,14.371582
2003-06-13,22.544342,17.714752,21.249084,19.734924,18.901123,20.683258,22.215332,15.574646
2003-06-14,21.984406,17.93631,20.40158,21.203033,15.995728,22.575348,21.940186,16.803558
2003-06-15,18.697754,17.398651,19.831482,21.359894,18.098389,21.545319,21.085999,19.598969
2003-06-16,20.260834,15.5000305,20.072113,19.435608,20.187073,21.519928,20.542358,22.069641
2003-06-17,21.149414,16.100586,22.049286,19.822327,16.683594,21.75943,22.477112,20.274872
2003-06-18,19.85434,18.259033,25.003387,19.83374,20.170166,18.977203,22.393646,15.855225
2003-06-19,20.087372,18.767548,24.197815,18.95642,19.750977,17.032623,22.883331,16.543427
2003-06-20,20.934906,18.981842,20.876251,20.081757,20.76239,15.383209,25.38388,17.094666
2003-06-21,20.614166,18.378662,24.404907,21.124847,20.052643,16.006744,25.34784,14.588837
2003-06-22,19.64798,18.11203,26.464783,20.878204,19.059906,17.35904,23.839905,14.004181
2003-06-23,20.219604,18.684479,23.564423,21.16388,17.734497,18.714996,24.168304,15.058105
2003-06-24,19.996613,19.282806,21.729736,20.46872,17.483551,18.713776,19.345825,13.584991
2003-06-25,20.980316,19.928131,22.770111,21.982178,19.710052,20.146881,22.015015,12.668182
2003-06-26,22.118744,20.225006,23.703156,22.852783,22.87378,19.976715,23.06482,15.028595
2003-06-27,23.256195,20.49826,23.015411,21.915527,22.840118,19.070953,21.041748,17.259369
2003-06-28,25.282806,20.739655,24.559082,20.501282,21.103943,19.941803,18.315948,18.684113
2003-06-29,26.261932,21.297577,24.06491,20.477875,23.107025,21.52945,18.026794,20.188873
2003-06-30,26.137726,22.246643,24.630371,20.940521,22.642365,22.769196,19.465332,20.204132
2003-07-01,19.876373,22.505829,24.005249,21.772919,22.517029,24.187408,20.772003,18.927551
2003-07-02,19.198578,21.923248,23.01178,24.247986,18.667358,23.008698,21.183502,19.569336
2003-07-03,20.295197,22.28955,22.988403,25.931519,21.744232,23.750153,20.901672,23.806793
2003-07-04,20.691254,23.152374,23.695923,26.038849,23.406403,25.5878,21.484589,24.566467
2003-07-05,20.404938,23.789398,23.600372,25.808838,19.90979,26.239166,21.956116,21.39328
2003-07-06,20.761078,24.1503,22.720795,25.730865,22.518036,26.56363,23.541504,16.483215
2003-07-07,21.678375,24.102814,22.210785,25.44046,22.987976,25.94522,20.371002,18.410248
2003-07-08,21.918915,24.376404,22.749115,22.22293,22.1109,24.65689,19.683594,21.284363
2003-07-09,22.302338,24.106964,23.581268,19.583252,20.714935,22.529694,23.061218,21.56668
2003-07-10,22.698944,23.228455,23.562286,21.401306,19.82547,20.913727,20.85315,23.267395
2003-07-11,25.09726,22.716766,24.388916,23.243652,19.343903,19.633698,22.622284,20.98993
2003-07-12,26.831055,23.948273,23.517761,24.33786,19.343872,19.271393,23.154724,19.82724
2003-07-13,25.92398,23.957367,24.267181,25.170227,20.578125,20.69571,24.009338,20.02008
2003-07-14,25.80252,23.19223,23.491394,23.477234,23.230408,23.415924,25.154755,23.622467
2003-07-15,26.008026,23.431427,23.437256,24.23938,24.600891,25.40445,25.39331,26.727081
2003-07-16,26.778168,24.637451,25.22647,24.151367,23.161774,23.722076,25.752686,23.24585
2003-07-17,27.126862,25.199554,25.413757,24.368256,22.913025,22.269684,26.51712,19.436157
2003-07-18,22.365173,23.911072,24.351593,24.45578,23.887115,21.183014,27.52948,22.88327
2003-07-19,21.243408,25.42273,24.142517,24.369446,25.123962,20.869293,26.816132,20.719574
2003-07-20,24.567047,25.991486,24.540924,21.49118,23.857971,19.80899,26.614868,20.069122
2003-07-21,26.28299,26.005066,24.351624,21.150482,23.393768,18.48526,25.276428,19.380524
2003-07-22,25.930084,24.60971,24.592987,22.22995,24.99292,21.66397,23.929443,19.067474
2003-07-23,26.84433,23.673615,24.684998,22.902527,25.00064,22.300934,23.142548,20.23404
2003-07-24,26.399017,23.181427,24.73938,21.052582,23.028564,21.137604,22.856018,19.503174
2003-07-25,24.460785,22.188019,25.916016,23.216858,23.717926,23.805328,23.735168,19.121826
2003-07-26,23.990997,21.698242,26.58374,21.974335,26.00113,19.78189,23.749023,21.346436
2003-07-27,25.087494,23.478424,26.79242,23.197906,25.862793,22.808258,24.274994,22.676483
2003-07-28,25.35904,24.292267,26.81134,20.92749,23.433014,27.217194,23.658722,19.096924
2003-07-29,24.769012,24.658875,26.171326,19.860748,22.860382,27.06363,23.921783,20.435486
2003-07-30,25.449951,24.929474,25.938843,21.668793,23.670471,26.001862,26.96936,23.323181
2003-07-31,23.639648,26.43216,25.539948,23.69162,25.334503,22.979889,26.41809,17.46231
2003-08-01,23.401398,26.27121,25.65387,24.625092,27.78186,19.50113,24.987091,20.405548
2003-08-02,25.529694,25.570282,25.651459,23.13498,22.172577,20.606354,25.3862,22.509949
2003-08-03,25.657684,25.536713,25.576263,19.626984,22.897522,24.243805,25.876556,18.815826
2003-08-04,25.68045,25.059937,26.856018,18.836731,25.567444,25.000153,25.12741,16.875946
2003-08-05,25.876923,23.835358,27.741882,20.872955,26.05072,23.522858,25.832306,15.677948
2003-08-06,27.516937,24.843658,27.049622,22.076355,24.345123,26.290192,26.57727,18.211945
2003-08-07,27.970001,23.990723,25.728699,22.804474,24.940552,25.03775,27.386444,20.819458
2003-08-08,28.667633,23.870453,25.087769,23.744598,28.895538,23.513824,24.869598,18.819366
2003-08-09,26.437836,23.939667,25.41513,21.225128,29.869812,19.963776,21.849731,17.765259
2003-08-10,24.792542,24.54544,25.82904,20.797882,29.51181,18.863678,25.029053,17.236267
2003-08-11,24.480194,25.703339,25.756927,20.11267,27.126862,19.525055,25.142303,17.669342
2003-08-12,22.598175,25.266266,25.657135,20.582031,27.325104,21.886139,19.871918,15.831329
2003-08-13,24.826324,25.080048,26.130035,20.419952,27.19934,22.486237,17.184998,15.491577
2003-08-14,27.205475,24.487305,25.952637,19.258514,27.756042,21.392487,20.628326,17.634674
2003-08-15,28.881866,25.018219,25.77594,17.272522,28.591705,21.309723,16.08136,18.127472
2003-08-16,28.1893,26.03711,26.44217,18.444641,27.747375,22.399323,23.11911,18.412842
2003-08-17,26.575623,26.471313,26.33255,20.570068,26.434021,23.233063,22.745209,20.874146
2003-08-18,26.756561,26.15506,27.182495,21.847656,25.29715,22.110504,26.90509,20.718811
2003-08-19,26.387177,24.828918,26.740112,21.429352,23.848877,19.729889,22.089783,21.164734
2003-08-20,27.080292,25.460144,26.200867,19.790375,22.991028,19.277252,21.778229,22.744385
2003-08-21,26.822968,25.963593,25.871857,21.809479,21.756012,21.332428,24.276947,20.3844
2003-08-22,27.315887,26.215485,25.996826,22.02417,21.462494,22.50357,27.015259,20.203735
2003-08-23,26.860413,26.762848,26.027008,23.322723,23.183716,19.685455,27.37201,23.796875
2003-08-24,24.287872,26.192047,26.733582,24.07611,24.008606,19.977448,21.471985,24.967468
2003-08-25,24.19986,25.68808,27.599762,24.302246,25.082611,22.723053,21.166351,22.35553
2003-08-26,24.171722,26.22754,27.007874,23.976593,24.963135,23.35904,22.74234,18.0737
2003-08-27,25.83963,23.095306,24.950134,24.281616,22.92926,22.939117,23.138306,16.008423
2003-08-28,22.142609,24.5112,24.174225,24.451233,23.100677,24.928131,23.306763,16.25299
2003-08-29,22.104095,26.028595,23.891693,22.254639,23.853516,24.005524,19.324768,15.618378
2003-08-30,26.735931,26.85318,24.05069,21.109406,23.82608,23.702301,17.302399,17.568634
2003-08-31,29.159698,26.24112,24.976624,21.79663,23.865387,19.766754,21.57428,16.876923
2003-09-01,20.8414,24.909271,26.029694,20.806885,23.332794,16.613678,21.947601,17.169434
2003-09-02,16.60614,24.475067,25.72116,21.079437,21.776031,16.66568,22.784882,18.328003
2003-09-03,19.66922,20.855652,25.692902,19.646912,21.423615,18.466705,21.427979,19.778717
2003-09-04,18.510254,22.729889,25.612762,19.034729,23.013428,17.902252,22.753906,19.826477
2003-09-05,18.067596,22.766937,24.221771,19.302765,23.452728,16.659576,20.734222,21.641144
2003-09-06,21.157745,21.652527,24.03955,18.965088,22.762787,17.269928,14.949066,19.27707
2003-09-07,21.885223,24.174683,24.151154,19.850952,23.822632,19.958893,15.357697,16.502594
2003-09-08,21.737915,24.514984,23.704468,21.13675,20.736145,18.653229,17.586334,19.247223
2003-09-09,21.535309,24.911346,23.351013,19.966888,19.488708,20.038727,20.64038,20.229828
2003-09-10,20.176483,25.403656,23.34607,19.513977,19.472412,21.1232,20.820404,22.924683
2003-09-11,18.077301,19.059845,22.85318,20.246399,19.846893,19.749908,18.64682,19.83551
2003-09-12,16.68222,19.320648,22.250793,23.281921,21.413086,19.752594,21.927612,17.295044
2003-09-13,17.692963,20.884949,22.364532,21.276611,22.05899,20.09903,24.930634,13.684204
2003-09-14,20.223022,20.453888,23.412079,18.527405,21.597534,22.834137,23.410583,11.239319
2003-09-15,21.972504,21.960175,21.929596,21.681,16.539032,23.389313,20.05777,12.735321
2003-09-16,22.513275,24.108856,21.64859,22.332458,18.4747,23.483307,14.207672,16.011627
2003-09-17,22.100311,24.720978,23.215515,19.309723,19.320007,18.929108,13.354431,15.740143
2003-09-18,20.51477,23.75653,24.476624,18.80893,20.524658,10.100006,14.895874,15.278839
2003-09-19,22.952576,23.051239,23.639008,20.388794,21.200409,11.262604,20.637238,16.191101
2003-09-20,22.098755,21.682098,19.738983,22.443878,19.207947,13.488678,18.466003,17.945984
2003-09-21,21.899506,21.000397,16.595306,23.130524,18.6651,14.632233,16.699188,17.340698
2003-09-22,18.98465,21.934021,18.089813,21.425385,19.482635,16.09439,17.692627,17.699768
2003-09-23,18.42743,22.043304,20.446655,17.12619,18.710358,15.6666565,18.676788,19.385956
2003-09-24,19.853546,20.563293,21.294708,17.054596,15.094299,13.392487,18.891113,18.630188
2003-09-25,22.148254,19.922424,22.860596,14.856628,16.40155,12.477692,20.012878,19.583801
2003-09-26,19.8367,20.976776,23.287872,12.463501,19.55188,13.854645,13.066315,20.253448
2003-09-27,18.763397,21.444489,23.112701,13.579193,19.714233,15.106598,11.842468,17.432281
2003-09-28,21.842865,21.237946,23.128662,15.116791,19.965668,16.51773,13.066223,13.95697
2003-09-29,24.22647,22.121063,23.075195,15.390259,16.249237,14.778717,15.49942,14.267059
2003-09-30,25.71347,22.78061,22.097717,16.074768,15.983704,14.687164,14.973389,13.49234
2003-10-01,23.626556,23.187775,21.470642,17.182526,17.404388,15.8697815,9.27829,15.480713
2003-10-02,15.7899475,21.99234,20.14209,18.057068,12.243439,15.140778,12.229309,15.266541
2003-10-03,14.814545,19.813019,15.486847,18.644135,13.899933,16.598053,16.844635,9.783447
2003-10-04,16.004791,23.029083,18.512604,16.554962,16.258911,17.259186,11.458557,6.7841187
2003-10-05,20.70578,22.750214,20.852936,20.568054,18.940948,16.334137,11.132446,8.036865
2003-10-06,14.511139,19.172577,21.37503,23.060577,19.87024,13.444,19.480927,16.03479
2003-10-07,13.694061,19.228058,18.674835,23.199738,19.889221,7.90567,14.914459,14.889038
2003-10-08,13.570648,22.40567,18.719025,23.112122,20.135956,8.240875,16.55478,18.00888
2003-10-09,11.881622,23.366425,18.862427,21.362732,14.621521,18.115387,18.452026,9.190674
2003-10-10,8.298798,22.598175,20.248352,17.131317,12.654327,13.513336,12.89386,8.45752
2003-10-11,8.239227,22.040344,19.163239,17.421967,13.795746,8.898102,16.95697,8.175262
2003-10-12,13.121429,20.259674,16.620483,15.635437,10.406799,11.011383,7.4651184,13.654114
2003-10-13,13.511902,20.766052,18.377502,12.960327,10.90683,13.917145,4.947357,7.3382874
2003-10-14,14.055328,22.506683,21.434326,12.824524,12.22403,15.991608,12.265869,6.3287354
2003-10-15,18.685394,17.420013,21.433716,18.243011,14.053833,15.107086,16.518005,5.3570557
2003-10-16,17.232025,13.710297,21.497986,19.25705,13.425171,15.756989,4.643219,5.2990417
2003-10-17,10.638367,12.195251,21.172394,18.643402,13.427307,16.26358,3.2748108,10.821899
2003-10-18,7.9301453,14.262299,16.77356,12.995728,14.271393,17.923737,5.39386,16.007233
2003-10-19,9.015961,18.79007,17.218628,10.933319,15.047119,16.16153,8.99292,14.426727
2003-10-20,8.0885315,20.442719,16.739288,10.623657,10.878967,7.3753967,11.727844,9.012512
2003-10-21,13.30838,20.071014,15.704559,17.73816,9.566803,8.608551,12.932129,9.489807
2003-10-22,11.707306,15.747467,14.99173,13.968689,12.105988,15.216461,6.0837097,6.7350464
2003-10-23,11.297058,15.984863,16.486664,9.960968,15.433228,9.396393,8.687958,5.963806
2003-10-24,8.209625,16.453064,16.015411,6.537781,18.170929,9.161774,13.817627,6.8700867
2003-10-25,6.951416,18.532501,16.59134,6.5312805,12.856384,9.288727,15.474121,10.044891
2003-10-26,8.720978,14.355194,18.359772,7.9751587,5.428833,9.586334,10.637909,8.599365
2003-10-27,8.198273,11.276703,17.54544,8.5737915,8.28244,6.5377502,11.846405,9.221802
2003-10-28,10.610992,15.2836,12.8619995,7.6285095,11.148468,5.152008,13.085205,7.2976685
2003-10-29,8.687805,12.376801,12.538055,9.08609,13.291077,4.3959045,13.033234,9.238892
2003-10-30,6.4541016,10.752991,10.25528,9.660767,11.64328,8.937653,6.7456665,15.398041
2003-10-31,4.6664124,12.187073,11.102814,10.436127,13.397003,17.104645,2.9660034,11.566711
2003-11-01,6.9031677,10.914246,11.63855,10.5685425,11.456726,13.52066,2.0255127,8.620575
2003-11-02,7.308502,14.870026,11.740845,8.06015,9.351593,11.507233,1.7375793,8.686157
2003-11-03,5.5866394,13.986481,13.021484,7.6927185,4.6088257,8.681305,1.3415222,13.028015
2003-11-04,7.872162,9.813934,13.68808,7.4370728,7.5928345,3.9820862,0.43893433,14.916443
2003-11-05,6.716278,10.581055,12.959595,11.429321,13.744751,2.2975159,2.9672546,7.2579956
2003-11-06,5.4809265,10.085541,12.815216,14.162689,3.9825134,2.1566467,5.3032837,5.3898926
2003-11-07,8.782501,12.217438,14.668488,15.92215,3.3818054,1.5721741,6.8238525,11.190155
2003-11-08,11.256683,15.353668,17.68103,11.764038,5.300598,5.901764,9.346588,7.958679
2003-11-09,7.7415466,13.813629,19.054962,13.8255005,8.010498,5.9339905,5.6000366,8.892212
2003-11-10,14.070709,11.996979,12.008514,9.413239,4.3700256,2.9552307,2.3882751,6.2428284
2003-11-11,15.743256,8.390472,12.018982,9.652313,11.616608,1.4984436,7.3069763,3.3127747
2003-11-12,15.862518,14.68045,14.304443,4.037781,12.008087,1.3895569,4.722473,1.9940796
2003-11-13,17.10373,11.491974,12.907654,4.1777954,7.6155396,2.091217,3.8053894,3.0491638
2003-11-14,11.9835205,9.627594,12.103516,4.5067444,8.125549,1.2062073,8.280518,8.775513
2003-11-15,17.201782,10.47287,11.226654,6.720093,10.079254,7.167389,14.430908,4.0911865
2003-11-16,3.6223145,9.525055,9.092712,5.75766,9.378693,2.7621155,3.278778,7.910309
2003-11-17,1.5840149,8.561707,8.427856,0.37228394,11.525116,4.9413147,0.2270813,14.556915
2003-11-18,7.210968,9.944,10.230621,-0.4267578,3.9024353,10.217438,4.0487976,2.1185913
2003-11-19,5.887665,7.434906,13.3784485,1.3521729,2.0964966,17.950836,4.2187805,0.60549927
2003-11-20,5.778717,10.104095,14.893494,2.3929138,1.560669,9.066559,13.518555,-0.19042969
2003-11-21,-0.7753906,12.004822,14.600555,8.087769,-0.28552246,7.820221,7.783905,-0.39242554
2003-11-22,-0.4441223,11.481842,9.399445,14.06839,5.154297,4.3541565,3.3796692,0.31240845
2003-11-23,3.8538513,9.730316,14.181885,10.569611,0.36724854,2.04776,8.893585,3.8007202
2003-11-24,7.551422,12.578033,19.047913,6.426239,-2.0497131,1.9198303,12.398376,4.8865967
2003-11-25,8.336273,11.87912,10.334045,0.3283081,-1.8070679,0.4930725,14.457153,-0.41760254
2003-11-26,14.762543,6.6125793,8.677673,0.5683899,0.22033691,2.2215881,8.77887,-2.7886047
2003-11-27,4.544098,4.322113,10.64447,0.48666382,3.9797668,-1.308197,2.888031,-0.072906494
2003-11-28,4.606659,6.357971,10.733154,0.7645874,5.403656,-2.7273865,3.369049,1.1484375
2003-11-29,2.7554321,5.5281677,13.18335,-0.9732666,11.615021,-3.4180603,12.688416,-0.48971558
2003-11-30,2.214264,8.836212,13.749786,0.92852783,13.365295,-3.4029236,16.609344,-0.5098572
2003-12-01,1.3042908,7.6026306,16.58493,-0.13378906,13.988831,-0.9607849,7.8461914,0.8789673
2003-12-02,10.915436,3.696869,16.30249,-2.158905,12.236328,3.9916077,4.486023,0.6456299
2003-12-03,7.747162,11.751617,18.7883,-5.0734253,14.013977,10.201324,7.629486,1.0568848
2003-12-04,4.495453,12.270477,14.743042,-4.3215027,14.3220825,1.4381409,5.439911,5.2456665
2003-12-05,-0.20150757,7.9375305,7.909363,-3.5133972,17.85791,0.8597717,7.453644,1.3511658
2003-12-06,0.38024902,5.141449,10.407043,-2.2251587,12.266846,-0.8247986,12.1093445,-1.75177
2003-12-07,2.2218628,7.3573303,12.493378,-3.3075562,0.20532227,2.8404846,5.506897,-3.2802124
2003-12-08,2.2634583,8.829437,9.647095,-3.1265259,9.184845,3.6549377,3.907074,-4.618683
2003-12-09,3.91214,3.5115662,10.475891,-0.7748718,10.493744,8.55484,13.480286,-3.7465515
2003-12-10,4.8057556,3.3692627,9.853851,-2.1001587,-3.1669617,2.6991272,4.8163757,-1.8738403
2003-12-11,4.32428,8.570709,10.714508,-3.5602722,-1.5914307,1.296051,-0.56427,-1.134552
2003-12-12,1.1252136,13.867706,14.570435,-4.5887146,0.11480713,9.623688,0.20373535,2.2811584
2003-12-13,10.44693,8.771271,16.279053,-5.103821,-6.351013,9.980133,7.291107,-2.2972412
2003-12-14,-4.1576233,5.4529724,14.01651,-5.622406,-3.4829712,-0.8506775,5.5141296,-3.100708
2003-12-15,-4.7745667,2.393982,7.8010864,-2.9617004,-1.0018005,2.4867249,0.08157349,-2.9099731
2003-12-16,-2.2146912,5.3962097,0.84332275,-2.5624084,0.4017334,-1.79599,0.71661377,-2.426056
2003-12-17,-0.99386597,2.91214,5.4217834,0.054779053,-0.2569275,0.94400024,12.524231,-2.2467651
2003-12-18,-0.7206116,-1.1457825,9.689758,2.689972,0.69143677,2.023346,10.575836,-1.3843689
2003-12-19,-0.39926147,-1.9276428,11.553009,1.6713562,0.75268555,11.493805,7.5215454,-1.0312805
2003-12-20,0.37905884,-1.5635376,11.489777,0.21450806,1.3762817,4.2982483,6.441284,-0.6065979
2003-12-21,6.6976013,4.6753235,7.085846,5.8044434,5.1827393,1.558258,7.7215576,0.2310791
2003-12-22,5.419281,10.067108,6.9958496,-3.436737,3.883545,6.899811,0.42434692,-0.118621826
2003-12-23,-5.4753113,0.78411865,11.974548,-5.176819,5.7846985,9.925201,1.3070068,-1.428772
2003-12-24,-2.3182068,1.3453369,15.566284,-1.6111755,6.0539246,2.6476135,2.940033,0.5364685
2003-12-25,-0.8739319,5.660919,15.62912,0.9228821,9.673462,8.2211,1.435791,0.4171753
2003-12-26,0.93240356,6.4461365,9.550629,-0.65304565,13.463501,1.2948303,4.2392883,0.29891968
2003-12-27,-1.2994385,7.4481506,8.337891,-6.224518,12.80603,-2.584076,-1.6023254,-0.9833069
2003-12-28,-5.042389,8.769653,5.912323,-8.185577,-2.283661,-1.5020447,0.8003235,-2.2249756
2003-12-29,-6.275421,-0.7162781,8.291138,-3.3282776,1.7218933,-3.376068,0.8269348,0.6430054
2003-12-30,-12.812714,-3.8561707,7.4895935,-6.473816,6.8010254,-3.1194763,0.7575073,0.79074097
2003-12-31,-8.373993,10.574127,6.8272095,-1.9485779,5.157013,-1.9334412,3.1482239,-2.1678467
2004-01-01,-1.3044128,5.7645874,6.7032166,-0.28378296,-9.067261,-1.7344666,7.5853577,-1.5719299
2004-01-02,-2.414917,0.0519104,8.573059,-4.4353027,-5.278656,0.4149475,1.7842712,1.2536926
2004-01-03,-1.7455139,-3.0050964,16.05957,-9.356018,4.791046,2.1200256,1.4907227,5.7947083
2004-01-04,2.915802,-1.1793518,12.542572,-10.673553,-2.098053,6.8461,1.1756897,-1.6753845
2004-01-05,2.4244995,10.783386,8.675995,-10.161896,8.916718,3.013092,1.0290527,-4.2345886
2004-01-06,2.5695496,8.405426,7.0612183,-8.042419,12.602783,0.10244751,2.2535706,-0.74057007
2004-01-07,0.31677246,5.982544,12.327728,0.04574585,1.4898376,-3.035736,4.0630493,-0.38705444
2004-01-08,-5.351959,5.837982,9.21283,0.18865967,-2.6152344,-5.858734,7.409851,0.77648926
2004-01-09,-4.6536865,3.841278,4.4093323,-4.047821,-4.217041,-8.292328,-0.34368896,-1.8604126
2004-01-10,-3.2843323,5.157837,4.5599365,-11.751343,0.77838135,-5.9927673,-3.431305,-2.6256714
2004-01-11,-8.239838,9.389496,6.0456543,-8.145905,0.8803711,-4.9344177,-0.71780396,-3.573639
2004-01-12,-4.6796875,6.5775757,10.344177,-3.5161743,-0.58203125,-3.8572693,-0.9176636,-3.661377
2004-01-13,5.839325,8.795715,14.615265,0.54089355,-3.6052551,-3.6827087,-0.6676636,0.34005737
2004-01-14,-2.3224792,2.5176086,5.8108215,-3.5047302,-1.9289856,3.462799,-1.320282,-2.005188
2004-01-15,-0.66989136,2.2757263,7.883362,-7.6040955,-3.973877,3.5638733,-0.9413147,-1.6080933
2004-01-16,2.9506836,2.7868652,-1.4903259,-9.3394165,-1.5649109,-0.42782593,-3.296112,-0.35498047
2004-01-17,10.874908,-1.0187988,2.71875,-9.221069,1.1299438,2.473053,-13.092102,-3.4756165
2004-01-18,3.010498,5.738556,2.7821655,-6.0335083,7.0491943,6.558258,-9.307404,-6.397644
2004-01-19,0.73617554,1.026886,-0.63308716,-3.5733643,-2.995697,0.60928345,5.9945984,-5.2113953
2004-01-20,-2.4426575,-2.9479675,2.7126465,-0.96585083,-0.23339844,1.2550354,0.22009277,-8.492126
2004-01-21,-6.6648254,-4.678192,9.8767395,1.6819153,-3.8971863,0.87734985,-3.1489563,-10.866791
2004-01-22,-6.523529,-4.256378,5.802582,-1.7176514,-3.3425903,-0.42367554,-6.822815,-5.8427734
2004-01-23,-3.4300537,1.0267639,4.8733215,-6.4859924,-0.9789734,-2.7859802,-9.811584,-4.903961
2004-01-24,0.93359375,-3.2095032,10.749512,-4.408539,4.4443665,-0.031585693,-9.31073,-9.744171
2004-01-25,1.72995,-3.4623108,11.746674,-2.8329468,12.023712,0.66812134,1.2195435,-7.6573486
2004-01-26,-6.1342163,-1.2850647,7.9043884,-8.666504,11.584137,-1.92099,9.98645,-2.3450012
2004-01-27,-14.535858,1.6020813,7.777252,-9.139557,-0.569458,-0.9888611,8.23233,-3.4807434
2004-01-28,-7.49234,9.313721,8.639008,-7.625305,-3.5400085,0.63223267,4.384857,-2.2156372
2004-01-29,1.2880554,8.072052,10.349457,-5.074707,-3.3415527,0.50650024,4.9446716,0.22662354
2004-01-30,-12.505524,4.365753,4.178253,-4.7779236,-6.354248,-2.738861,0.74658203,0.84265137
2004-01-31,-13.219635,-0.7843933,2.9805298,-4.285492,-3.6626892,-14.099945,1.6193237,-0.12701416
2004-02-01,-4.4363403,-3.3215332,4.245331,0.009735107,-1.9822388,-13.554535,2.9551392,-2.2136536
2004-02-02,-3.4654846,1.8371277,4.22052,1.9088135,0.55389404,-10.549652,4.2357483,-1.8213196
2004-02-03,2.4040527,1.5782166,-0.107910156,3.1529846,3.254547,-8.284271,2.3710938,-1.1145325
2004-02-04,0.967926,4.728607,1.9276123,8.323822,-0.3140869,-5.444916,8.596405,-2.0950012
2004-02-05,-3.5720825,6.250122,3.1270142,13.003571,-3.9840393,2.5448303,4.9391785,-4.3190002
2004-02-06,1.131134,1.7033691,7.317444,9.388947,-4.185486,1.6127014,-2.4003906,-8.918549
2004-02-07,-4.4776306,-1.3334045,-0.18624878,12.181091,-3.7399292,2.9352112,-11.679535,-9.1232605
2004-02-08,-15.229797,-2.1351318,-3.2780151,14.9002075,-3.7818298,6.464752,-4.214569,-5.023041
2004-02-09,-2.851532,-3.7799683,-4.4082947,8.872589,-5.3828125,3.1598206,1.6083984,-4.0039062
2004-02-10,-5.995758,-0.24557495,0.35516357,4.366516,-6.059082,-1.1927185,0.31799316,1.053894
2004-02-11,-1.0297241,0.1277771,8.772095,1.7234497,-5.2998657,-0.31137085,-1.8987427,2.4544067
2004-02-12,7.1007996,-2.7710876,12.845184,-1.1601562,-1.2687073,0.9222717,1.5135193,-2.3614197
2004-02-13,-0.4149475,0.4543457,2.2122803,-1.1695251,-0.96377563,3.2591858,-7.564087,-4.7773743
2004-02-14,2.2001953,1.0260925,4.194916,-0.7189331,2.2636414,-5.6460876,-3.4485474,-4.4414673
2004-02-15,2.8885803,3.2341614,8.299011,-2.408844,-6.521515,-6.867523,-2.5284119,-1.8959656
2004-02-16,5.575226,9.081787,7.9781494,-2.6221008,-2.5287476,-2.9666443,-3.399414,-0.25161743
2004-02-17,6.33255,7.7341003,12.3984375,1.2825317,-5.1896057,-2.4131775,2.1232605,-1.2910767
2004-02-18,-2.1035461,-3.5828552,14.103516,5.991211,-13.237701,-0.57211304,1.7580872,5.9945374
2004-02-19,-1.5871277,-4.444977,15.369049,4.206299,-15.684631,1.9584045,2.3878174,0.34188843
2004-02-20,-0.31826782,-1.0524597,10.7777405,1.3177795,-3.3367004,5.046051,6.8585205,-1.0491638
2004-02-21,-0.844635,7.548218,14.660675,1.4627686,-7.6369324,5.62735,2.7575684,0.09814453
2004-02-22,2.1473694,10.575348,8.2960205,-0.061462402,-2.7690125,3.669098,1.9406433,4.7036743
2004-02-23,-1.9748535,2.1200562,5.2866516,-1.017456,-4.808441,2.4742737,6.1454773,5.0435486
2004-02-24,8.33725,2.108612,1.634613,-0.7374573,-2.202179,2.5856018,13.238953,1.1810608
2004-02-25,10.445129,9.244019,3.9743042,0.54434204,-2.9761353,3.051422,16.408478,2.5802612
2004-02-26,9.156189,7.380951,8.8172,-0.73358154,-0.99160767,4.198639,7.048462,-0.11657715
2004-02-27,3.5179749,6.3288574,12.9574585,0.6003113,-3.5966797,1.924469,2.8577576,1.0646667
2004-02-28,7.102997,5.382538,10.437622,-0.9777832,1.6856995,1.1752014,11.890991,0.67822266
2004-02-29,12.010162,-1.255127,,1.1621399,-4.223175,2.9830627,,
2004-03-01,4.1820374,1.3146973,8.198181,3.0766602,-3.3259888,7.2865295,9.77597,-4.054718
2004-03-02,2.8884583,4.355255,5.742523,3.8131714,-2.4551697,9.956451,6.0186768,-2.7460632
2004-03-03,1.2337341,-0.15792847,0.4892578,1.2177734,0.7833557,2.5091858,4.428192,-3.5734253
2004-03-04,-5.298767,0.61849976,6.801056,-0.6040344,-1.8046875,3.636139,4.228485,2.8029175
2004-03-05,-8.6987,2.375946,7.847412,0.0814209,5.118408,3.1056213,4.712158,7.568207
2004-03-06,-5.039276,3.0864258,7.2471924,2.7230225,1.2295532,1.4376526,6.2096252,9.286102
2004-03-07,0.3163452,2.4678955,10.8862,6.547058,-5.3869324,1.0834045,4.9108887,-1.6808472
2004-03-08,1.1107483,1.3985596,11.620392,3.68042,1.0478516,3.8419495,5.2265015,-2.4858093
2004-03-09,-1.8804016,2.314972,11.176849,2.5763245,1.8434753,1.2811584,9.260834,0.20230103
2004-03-10,-0.5704651,1.3180847,7.950775,5.9690247,0.94241333,-0.8328552,3.498932,-0.12966919
2004-03-11,-5.170929,-0.2843933,4.3071594,6.286133,1.3575134,2.594635,3.2982483,0.22668457
2004-03-12,-2.818512,1.2101746,5.798004,5.6188965,0.6446228,5.6647034,6.4028015,0.6711731
2004-03-13,0.43301392,4.6234436,6.5295715,6.0183716,0.2559204,8.4774475,9.896881,3.9407043
2004-03-14,0.04647827,8.576294,9.102142,5.6292725,2.1401367,10.256012,13.14035,2.9969482
2004-03-15,2.4985657,4.7196655,9.363037,4.403778,0.22650146,11.659576,6.295471,-1.4085083
2004-03-16,6.120117,8.38028,7.2216797,5.661743,1.0621643,3.3890686,7.3654175,1.4936523
2004-03-17,2.9629822,5.146881,6.7397766,3.4592285,-2.3076477,3.7186584,15.867126,-8.751556
2004-03-18,4.4299316,4.1496887,10.322937,3.2201843,-0.629303,4.3106995,2.1859436,-4.9415283
2004-03-19,1.2015076,4.0062866,12.122009,5.027069,0.5019531,4.0033264,1.0163574,-0.2788391
2004-03-20,-7.1805115,7.359833,13.746979,6.5122986,-2.497406,3.134674,11.730621,1.6844177
2004-03-21,-2.7625122,3.973114,7.504181,6.139496,-0.16757202,3.2799377,6.7043457,1.5489502
2004-03-22,1.2018433,4.533905,7.4964294,3.069397,-5.0104065,4.2862854,2.1902466,1.4859314
2004-03-23,7.818573,6.455902,9.029541,5.344055,-3.3668823,4.80484,7.802124,3.3197632
2004-03-24,-3.514679,2.9829712,8.350403,7.71402,-0.3624878,4.4249573,11.917938,5.259613
2004-03-25,-6.8453064,2.4110718,8.945709,10.223755,1.8902588,1.7389221,14.09845,8.563904
2004-03-26,-1.4578552,4.3581543,11.549835,12.844788,-2.39682,2.408844,4.282593,-1.5481262
2004-03-27,-2.514618,4.815857,10.457886,14.327332,-2.3659058,4.1319885,0.19909668,-0.51901245
2004-03-28,-9.372711,6.139618,4.3631287,7.336975,0.18518066,6.895172,0.82662964,0.7017822
2004-03-29,-5.1548157,5.9930725,4.0984497,5.4826355,-1.1053772,6.1722717,1.9908447,0.8470459
2004-03-30,4.1833496,5.8210754,5.89093,5.0367737,-0.81625366,4.5953674,1.5388184,2.515442
2004-03-31,5.0119934,6.457367,5.6710815,6.511627,-0.20269775,6.7115784,1.9039612,3.3286743
2004-04-01,1.2644958,7.4015503,6.244934,9.957397,-2.2667236,7.4032288,4.697052,9.641815
2004-04-02,1.6936035,8.259186,7.035248,9.735321,-2.215393,7.5118713,10.966003,10.13266
2004-04-03,9.994995,7.4581604,7.7775574,7.9956055,1.2882385,8.211334,8.51886,6.0481873
2004-04-04,11.919525,7.625763,8.657135,6.9429016,-0.51190186,10.505035,6.00354,9.527405
2004-04-05,6.838318,7.3277283,11.3591,7.598694,-0.2614441,9.14151,3.37146,4.0635376
2004-04-06,7.5834045,6.511078,13.339661,9.881012,-0.4847107,13.504303,2.9968262,4.031494
2004-04-07,12.411194,5.613312,10.381683,11.57431,0.24203491,14.433746,7.244751,7.307007
2004-04-08,10.030731,5.446045,4.774292,13.004547,0.42495728,5.4064026,14.767029,7.973938
2004-04-09,11.915802,6.295288,5.629822,12.542511,2.1732483,3.7555237,17.561493,5.975281
2004-04-10,4.465454,5.7900085,11.4644165,14.187561,5.17572,5.9354553,15.514099,5.3957214
2004-04-11,8.872955,6.390747,14.195129,16.764008,11.326538,9.046051,7.5161133,5.116577
2004-04-12,5.7070923,7.6547546,15.191772,16.358612,15.353455,8.229401,7.837799,5.39093
2004-04-13,3.2308655,8.522217,16.183044,14.753418,17.983978,7.156891,16.437988,5.864441
2004-04-14,9.638397,9.044708,12.985291,16.819458,11.757965,8.614899,9.526123,6.9723206
2004-04-15,2.1837769,8.731415,14.392395,14.673431,5.0192566,5.360504,1.7815552,7.3681335
2004-04-16,2.4476624,8.04599,16.543304,15.60025,5.9638977,4.885895,8.309479,8.85379
2004-04-17,5.019287,9.0468445,17.186493,16.33139,4.2134094,6.0001526,11.002472,13.406403
2004-04-18,6.633911,10.255707,14.537659,15.708313,6.9552,6.0680237,13.520569,15.720917
2004-04-19,5.027191,11.124237,11.431976,16.076263,2.1182556,5.2669983,6.513611,16.612335
2004-04-20,7.306671,12.147369,9.845673,16.852173,3.0354614,6.03067,7.0584717,13.429321
2004-04-21,9.794952,10.305084,11.372803,15.321136,6.9795837,9.486237,9.0173645,7.2498474
2004-04-22,11.000214,9.456604,12.470764,17.535522,7.8440247,9.237701,10.593597,9.369293
2004-04-23,15.059784,11.096344,12.105469,18.314514,9.019226,15.278473,9.361053,10.880981
2004-04-24,4.780487,9.955597,7.73407,19.282867,9.195465,12.442047,14.130951,11.226715
2004-04-25,2.5291748,9.286835,10.335724,14.439667,10.383636,11.99527,12.075226,11.887512
2004-04-26,5.1923523,10.19574,13.468018,10.858246,9.384277,11.963043,8.781616,11.78302
2004-04-27,6.7963257,9.624725,18.596375,14.494202,4.912964,13.134674,9.29776,14.393524
2004-04-28,4.8965454,10.680756,15.025574,15.726166,4.0550537,14.694,8.78656,14.737762
2004-04-29,7.8280945,10.530487,11.820068,17.146301,4.229553,16.041412,10.129181,13.805145
2004-04-30,9.508514,10.851593,12.645538,18.291443,8.460297,15.318024,12.346588,10.910492
2004-05-01,9.174103,10.410553,14.810608,18.95514,12.333954,8.99234,12.68808,11.3515625
2004-05-02,10.130859,10.119659,11.574951,16.273926,15.352966,9.053864,12.8680725,14.693481
2004-05-03,8.790924,10.661713,12.844116,18.302826,15.311218,10.713043,14.301727,11.899933
2004-05-04,9.760132,10.060272,14.448456,11.866943,16.522095,12.429352,15.562439,7.875519
2004-05-05,15.463959,11.2500305,14.287567,11.5008545,19.578552,13.594635,16.483948,11.863495
2004-05-06,15.959747,11.192657,16.876495,12.982941,18.562897,14.17691,19.852692,11.717407
2004-05-07,11.444611,12.366913,17.590454,11.576477,15.826904,14.501617,19.798584,12.0155945
2004-05-08,11.977631,12.391022,19.869019,8.514374,17.706543,15.074127,16.232025,11.693176
2004-05-09,12.728851,14.250153,19.256714,11.161865,14.753387,13.039459,11.809753,13.147125
2004-05-10,11.00412,12.147247,16.783875,13.166046,19.352356,13.506989,15.825287,18.15741
2004-05-11,11.865875,11.04361,17.395233,12.7526245,15.3125305,14.709625,18.950867,15.669983
2004-05-12,11.081421,11.646912,20.4982,13.525665,14.984314,16.115875,20.058899,16.586548
2004-05-13,10.357727,11.333557,19.931091,14.405731,11.87973,18.24649,20.851807,12.587524
2004-05-14,8.458588,11.070038,17.591583,13.979828,9.277039,20.36905,16.63919,9.903137
2004-05-15,9.31958,12.624725,18.821808,10.58429,11.623657,21.373688,14.49585,10.352295
2004-05-16,10.045471,12.478485,22.267578,12.972168,16.450592,17.986969,20.803955,9.282013
2004-05-17,8.830811,14.796967,18.833832,14.865997,16.642365,18.045563,17.71399,9.511993
2004-05-18,10.159424,13.313507,15.572968,16.340393,15.575836,16.794342,14.022095,10.586639
2004-05-19,9.797333,13.396332,15.7247925,16.339691,12.50293,15.912506,18.313354,12.155823
2004-05-20,7.1966553,13.535461,17.40918,13.034149,10.320282,15.576569,21.473877,15.180847
2004-05-21,10.9888,13.450592,19.710663,14.394409,11.81546,15.358795,20.505646,14.94693
2004-05-22,13.425934,12.755829,20.555328,14.438568,8.527893,18.738434,15.878937,13.345032
2004-05-23,10.785126,12.562653,21.684479,15.472351,9.055847,21.621002,17.04596,16.191833
2004-05-24,10.53067,12.134735,20.941315,16.16156,13.898102,18.93277,17.0336,20.193695
2004-05-25,16.252777,12.9453125,22.357117,14.099426,12.517242,14.412018,18.04303,19.63971
2004-05-26,20.45456,14.29361,22.847198,15.432831,13.580017,14.621246,18.007507,13.4219055
2004-05-27,22.716583,13.197235,22.035858,15.169281,11.794159,18.54361,19.308716,13.488831
2004-05-28,24.36621,13.557739,22.074066,14.750366,12.745148,20.751862,11.907898,14.302826
2004-05-29,23.689331,12.345581,22.147095,14.890839,16.081482,21.684967,11.259277,15.391846
2004-05-30,21.764435,13.868866,18.671234,15.312561,16.670227,22.275543,11.756836,15.681122
2004-05-31,20.565033,14.209137,17.437042,16.327087,18.593292,21.68692,13.217957,15.845642
2004-06-01,19.89737,13.898346,19.023712,17.606232,19.135284,21.053131,12.595642,15.0980835
2004-06-02,18.859436,14.299347,19.932129,19.977234,20.626892,19.494537,12.138336,15.873077
2004-06-03,16.388672,15.60495,20.439697,23.30307,20.257843,16.328522,13.636963,20.46698
2004-06-04,14.433868,15.436615,20.451904,22.356293,19.164215,14.041168,19.058228,22.440155
2004-06-05,16.898956,15.8177185,20.382202,22.214783,17.07782,14.072662,19.745117,22.120605
2004-06-06,17.34671,15.515503,20.66043,23.890564,17.782043,16.21695,21.185516,19.392456
2004-06-07,18.31363,16.544098,21.630615,23.506073,20.728241,16.108063,20.465576,21.442017
2004-06-08,20.002869,16.5878,22.560455,21.44461,21.613953,19.427155,15.502991,23.193512
2004-06-09,20.680267,16.244537,20.698029,19.40683,20.026154,19.15445,16.536743,21.722992
2004-06-10,19.69519,16.838776,17.506989,16.015778,19.858093,18.878082,20.06726,21.932373
2004-06-11,20.175812,17.146332,19.988312,15.685516,21.576752,18.93277,22.899994,20.433533
2004-06-12,20.711487,17.72821,21.925446,19.677551,21.806671,19.86026,24.722198,18.289246
2004-06-13,18.487762,17.926178,22.892334,21.152039,20.614563,18.754547,22.797699,19.378418
2004-06-14,24.5654,18.087982,24.533905,23.730469,22.712372,19.712555,18.861115,21.304596
2004-06-15,22.574799,17.35315,21.477295,20.075928,21.535706,19.265045,16.318542,20.572632
2004-06-16,19.327484,17.827698,19.138428,18.4917,18.194672,18.804108,17.184784,22.55191
2004-06-17,18.62268,19.225739,20.55246,19.542847,19.380402,21.242828,18.397125,20.689087
2004-06-18,18.644867,19.258514,22.95874,20.923431,22.298126,18.339996,21.308075,22.375
2004-06-19,17.574554,18.428436,24.62204,21.621582,24.077393,19.183502,16.084473,22.846558
2004-06-20,17.643585,19.516937,24.29004,19.672455,22.84079,20.073883,17.816711,16.60968
2004-06-21,18.266571,18.546234,23.488129,19.53418,22.355133,20.893463,20.428253,13.239014
2004-06-22,21.01773,19.377838,20.95163,20.731537,23.501343,22.939117,22.42868,15.722534
2004-06-23,22.605927,19.140472,20.934113,20.27002,18.835938,24.518707,23.265442,18.867126
2004-06-24,23.601898,19.957123,20.806519,21.16217,19.0625,24.523834,24.32962,20.03415
2004-06-25,20.217743,20.480438,21.139862,22.477142,19.604797,23.674713,25.819183,20.687683
2004-06-26,20.76883,20.66867,21.793884,23.793884,18.219818,24.352692,26.034393,21.768372
2004-06-27,20.061707,20.494354,22.566498,20.743073,17.7872,26.46231,25.086365,21.878784
2004-06-28,20.55832,20.425507,24.075256,21.649475,15.918854,24.818024,20.546478,19.97464
2004-06-29,21.180847,20.791412,26.540833,21.876038,16.664856,20.020905,20.062012,15.387238
2004-06-30,20.158844,21.85022,23.944275,24.092407,19.088196,19.02774,22.789703,17.378845
2004-07-01,20.299957,21.524933,24.552551,25.325623,20.047394,19.146149,20.513336,20.312683
2004-07-02,21.113129,22.188995,26.523834,24.060669,19.240326,19.818756,19.65924,21.761719
2004-07-03,20.729645,22.179596,27.02304,23.405731,22.363617,21.115631,19.859863,19.266998
2004-07-04,20.004852,22.0271,26.765594,23.614319,26.318878,22.027985,22.451996,18.725433
2004-07-05,19.413025,23.336761,27.359467,23.213287,21.777924,24.31778,21.725311,20.319214
2004-07-06,21.179169,22.655762,26.835785,20.047485,20.50476,26.94571,23.179352,21.455444
2004-07-07,22.492828,22.293732,25.952667,21.47345,21.767822,24.713043,23.669983,21.717804
2004-07-08,24.297821,22.325684,26.768585,21.927979,21.21106,22.55362,24.33612,23.118652
2004-07-09,25.023651,23.430145,25.712189,21.007751,23.130798,21.559723,24.217651,21.632202
2004-07-10,25.052032,21.658875,23.785065,23.200043,23.451965,23.418121,24.55542,21.944275
2004-07-11,24.264496,21.776337,22.581696,26.741943,23.743652,25.703766,24.735779,22.84436
2004-07-12,21.413452,22.61789,23.572693,26.924927,23.690308,25.477203,25.832275,24.012268
2004-07-13,24.939545,21.30783,24.187775,22.72052,24.85965,18.51944,25.056946,21.895874
2004-07-14,27.125336,21.854828,24.15918,22.427368,24.780212,16.953522,23.650513,20.833862
2004-07-15,24.975739,21.796356,25.21994,22.249603,24.936523,21.131256,25.864502,19.987976
2004-07-16,24.779877,21.158752,25.343903,21.985992,23.477509,25.068512,25.430206,22.28241
2004-07-17,24.493439,21.166046,21.616516,23.029572,24.630554,25.277008,24.383698,20.424072
2004-07-18,24.64975,21.304535,21.57843,22.979187,25.559174,24.458405,22.700897,21.667511
2004-07-19,24.29898,22.005432,23.481628,21.184937,24.00064,25.124176,24.12561,21.989288
2004-07-20,23.143341,22.01767,24.20816,22.513824,22.526672,23.800934,24.659515,19.26184
2004-07-21,24.675934,21.583954,26.24997,23.67038,20.677307,25.233063,26.58844,19.691376
2004-07-22,25.96637,21.003265,28.340515,23.6698,22.860107,22.597809,27.58377,19.170776
2004-07-23,23.624786,21.241577,24.650421,24.108398,22.231506,20.350739,27.435364,20.477478
2004-07-24,22.993988,22.122803,27.93631,23.056488,22.264343,20.985016,26.990784,18.709473
2004-07-25,23.175995,23.08841,27.751465,23.483002,23.437286,24.566559,25.86789,18.094086
2004-07-26,25.230438,24.037262,25.535217,23.65921,25.31897,23.189362,26.367523,18.761292
2004-07-27,26.039276,24.422638,26.197052,24.62091,23.043884,20.90152,26.918335,19.905975
2004-07-28,26.82132,24.359955,27.298004,24.73523,21.09784,19.468414,26.934692,21.856598
2004-07-29,26.173615,24.157806,26.193695,23.061981,22.452759,20.443024,26.387695,24.956879
2004-07-30,25.206848,24.510223,28.188751,23.638367,23.338226,20.643219,26.198212,26.39566
2004-07-31,23.94925,25.068848,25.925507,21.727722,23.325104,21.363678,27.103424,22.901886
2004-08-01,24.419495,25.050873,22.535553,18.934235,24.653687,21.654205,25.813934,20.749542
2004-08-02,24.583862,25.431091,22.253143,20.970184,24.192413,23.500885,22.60257,20.051819
2004-08-03,25.02713,25.82663,22.886047,22.542358,24.857452,24.347565,18.995514,19.11493
2004-08-04,25.237732,25.596924,22.807953,21.680328,25.853455,25.343903,18.321747,16.78592
2004-08-05,25.16394,25.572296,22.481018,22.409698,28.976776,24.190094,18.98642,17.003174
2004-08-06,24.046661,25.625458,23.468567,22.42279,30.601105,19.79776,20.22168,17.83432
2004-08-07,22.465668,22.085236,24.57135,22.363922,29.589935,18.943024,23.381683,20.437286
2004-08-08,20.00296,21.290009,24.584198,22.558044,27.015808,21.963287,24.725647,23.183594
2004-08-09,21.092773,24.819489,25.734528,24.55191,25.061066,22.761871,25.361786,20.580688
2004-08-10,20.847626,25.731842,27.707672,25.503418,22.453339,22.247711,25.924072,20.865295
2004-08-11,18.185211,25.820892,26.443817,23.023407,23.15982,19.905182,24.59726,21.793274
2004-08-12,18.10608,25.69345,26.38678,21.326172,23.734192,18.418854,24.124176,18.713135
2004-08-13,21.325653,24.227814,25.954193,23.091125,24.096283,22.035553,25.520844,15.510498
2004-08-14,21.990143,23.95755,24.930603,20.996826,24.603607,25.653961,26.6958,17.944305
2004-08-15,21.369629,24.406586,26.342651,20.539795,25.185272,25.615143,26.295227,22.033234
2004-08-16,22.582184,24.374481,26.415527,20.15094,26.19696,24.744293,27.372223,19.777313
2004-08-17,23.936615,24.886108,24.467133,19.30307,24.322357,22.331696,26.545013,22.3992
2004-08-18,25.38916,24.851196,24.424652,19.694885,24.051483,22.028717,26.709747,24.545135
2004-08-19,24.763336,25.09311,25.151611,20.517883,24.466797,23.812408,22.496857,25.71222
2004-08-20,24.214447,25.046906,25.441406,21.101166,24.782288,25.521637,21.371735,24.206543
2004-08-21,24.82965,21.990295,25.148743,22.16919,25.548645,18.66983,21.105469,22.031158
2004-08-22,23.374298,23.271912,25.739014,23.099945,24.860016,13.990875,21.961853,22.726074
2004-08-23,23.033142,24.84439,25.852905,23.664276,25.777435,20.972565,22.20987,22.881256
2004-08-24,20.891052,24.956879,25.080383,23.353271,25.917328,23.126862,22.496979,23.648071
2004-08-25,20.208405,24.805878,24.496063,18.555115,24.682251,21.539215,25.163269,18.878174
2004-08-26,21.152649,24.227692,25.139923,18.132599,24.339478,25.10025,27.627747,18.679108
2004-08-27,18.903534,23.504364,25.388153,19.28299,23.369171,21.690582,29.392853,21.187561
2004-08-28,19.489716,23.921906,26.225403,19.098724,23.632355,19.610992,27.392883,25.13385
2004-08-29,22.099457,23.586823,27.276947,19.05426,25.903625,18.86148,24.708893,23.910583
2004-08-30,22.722076,23.128937,27.741577,20.695953,20.320557,17.698883,24.36557,25.59909
2004-08-31,22.857391,23.667328,27.828857,20.70346,19.338318,20.063385,24.39627,23.034454
2004-09-01,22.893738,23.725616,28.32779,21.387482,21.222992,19.472809,23.419006,17.308685
2004-09-02,22.078766,24.197052,31.975464,20.920319,24.044556,19.201324,25.054474,17.603546
2004-09-03,19.697601,22.885162,28.906525,20.846893,23.159607,19.53238,26.473999,21.63855
2004-09-04,18.876678,23.869781,23.302917,20.74585,23.738708,20.096588,27.714172,22.724152
2004-09-05,18.040955,24.150055,21.633514,21.665863,25.16977,19.630768,25.564484,24.24759
2004-09-06,18.16098,22.892242,21.593842,21.928284,25.502014,22.106354,24.690948,21.400726
2004-09-07,18.922028,23.219025,23.204346,21.388336,24.51236,22.691559,25.977905,20.347534
2004-09-08,20.237915,24.16684,27.32431,20.4086,25.758026,13.213776,20.081146,18.62619
2004-09-09,20.597626,24.247528,24.690155,20.92978,27.697327,15.011139,11.440674,18.950867
2004-09-10,21.527954,25.143097,22.1073,20.125244,26.7258,16.861725,14.493927,17.484589
2004-09-11,22.966644,24.564362,21.633423,21.31778,22.848358,18.380035,21.470398,16.904175
2004-09-12,23.275818,26.143799,22.45044,23.034393,18.37207,19.007233,23.88028,19.168274
2004-09-13,22.937653,25.217682,21.059265,21.336151,16.892578,21.559235,25.17984,20.259949
2004-09-14,17.171326,24.204254,21.092407,21.89737,17.61435,19.618805,18.6792,21.105804
2004-09-15,13.038849,23.600677,25.690765,16.589783,18.543335,21.391022,14.112213,18.061218
2004-09-16,20.769562,24.042084,22.801544,14.992493,19.535004,20.979156,15.071625,17.175476
2004-09-17,19.388458,25.0654,23.990845,15.06308,19.643646,22.315338,18.420563,14.329529
2004-09-18,18.287811,24.636078,20.90622,15.365967,18.135529,21.797272,15.099213,13.383331
2004-09-19,18.892181,24.271027,22.326294,15.574738,18.69635,20.906403,13.816132,22.452057
2004-09-20,18.895355,21.98764,18.42221,15.676086,18.938354,15.195465,16.851227,23.575043
2004-09-21,18.597015,21.406372,18.325012,19.081879,20.151978,11.61441,16.995117,23.516693
2004-09-22,18.031525,22.034332,20.680573,20.19809,21.06189,14.705231,15.167572,15.566406
2004-09-23,19.25821,21.864746,23.426239,21.455933,22.580353,18.39151,14.50293,19.892212
2004-09-24,16.621338,20.904358,19.624176,19.002777,19.870056,15.950348,14.865021,14.011017
2004-09-25,16.642914,20.52713,18.625732,18.093414,21.240448,12.879303,16.673706,12.646942
2004-09-26,19.403595,19.609344,21.819733,17.100708,20.830719,15.74527,19.077454,14.318909
2004-09-27,20.979279,18.429901,24.582,18.030853,18.733307,19.24112,21.369995,14.338959
2004-09-28,21.170868,14.450958,19.58377,15.194122,21.085114,20.125397,20.84845,18.079742
2004-09-29,21.259125,16.189728,19.55774,13.715393,23.535065,19.930328,17.251831,12.542023
2004-09-30,17.400848,18.336548,21.700348,11.754425,23.335602,21.02652,14.049713,9.472717
2004-10-01,23.355835,20.799194,17.672394,12.68222,24.252716,12.236725,18.743774,12.792297
2004-10-02,20.927002,21.472443,15.982056,13.362244,23.98053,14.560455,19.555695,18.655365
2004-10-03,10.53302,21.854492,15.991699,14.590271,19.76178,8.969147,18.666687,14.481018
2004-10-04,10.882416,22.601654,16.825012,15.754822,15.01004,7.375885,22.43457,9.601166
2004-10-05,14.176117,21.841766,18.523712,16.457092,15.298523,14.364166,23.771729,7.9540405
2004-10-06,17.547302,16.806,21.101532,18.798065,14.887054,19.380035,22.402954,13.799072
2004-10-07,22.29712,17.592712,21.847473,19.062714,9.164124,9.139069,16.79535,11.489716
2004-10-08,19.255524,20.226135,21.88092,19.368103,11.904053,9.370514,16.739014,12.963257
2004-10-09,17.44571,20.8909,18.92218,18.080841,13.376648,15.284332,18.897705,13.406372
2004-10-10,18.63034,18.941467,19.85147,15.949402,12.568817,20.200348,10.651428,9.71109
2004-10-11,11.8714905,17.251678,17.11621,13.843048,13.616821,9.662506,14.603607,8.185944
2004-10-12,11.913361,19.933105,15.533112,10.371429,13.816589,7.245758,17.26529,7.770935
2004-10-13,13.000702,22.334808,16.926697,13.208832,14.4140625,11.240875,14.26709,9.315643
2004-10-14,9.044952,18.6232,17.529907,14.630951,15.854004,10.580719,16.93747,6.569763
2004-10-15,8.311859,17.46576,19.463837,13.628387,16.82782,12.83194,17.17154,9.209045
2004-10-16,5.9753723,20.003937,15.610046,8.448425,18.658905,13.185699,13.88736,6.538452
2004-10-17,6.8666077,17.612396,17.907562,8.484589,17.26239,15.733551,15.905029,8.430206
2004-10-18,9.500671,13.512543,16.98764,12.6539,8.818665,12.006012,6.587982,11.744171
2004-10-19,10.467346,18.014008,17.264893,13.393066,12.390167,10.825104,6.6069336,11.7309265
2004-10-20,9.819031,18.187042,20.121124,11.895172,9.237305,10.684235,11.353363,13.998444
2004-10-21,10.572601,14.258972,17.680603,11.933044,10.450378,13.207916,18.064026,16.511383
2004-10-22,9.562347,13.051422,17.82483,13.07486,9.157379,14.9166565,19.226562,17.39624
2004-10-23,8.605652,15.188873,19.916779,14.097961,5.3350525,14.945465,11.073151,10.754456
2004-10-24,8.116455,13.561798,20.359253,12.116669,9.03125,14.956451,9.198059,11.577911
2004-10-25,9.385651,12.928436,16.29544,7.604126,9.2083435,4.940094,13.183899,13.080231
2004-10-26,7.332794,13.309906,12.797546,7.6446533,5.671814,3.1007385,10.698669,7.1141357
2004-10-27,6.4568787,17.070038,12.608765,11.138489,9.276733,4.276764,13.364685,7.5039673
2004-10-28,11.088898,13.249176,14.02533,11.537506,9.984375,10.223297,16.145569,2.7673645
2004-10-29,9.54483,15.103638,16.250427,8.1258545,9.786072,13.9305725,7.4564514,3.6697083
2004-10-30,6.3645935,12.543243,18.415466,8.849609,11.112274,5.053131,8.604523,7.7843933
2004-10-31,6.4711,13.511017,16.546234,12.091675,10.105011,3.4525452,3.309845,10.106476
2004-11-01,9.1405945,11.784088,15.663391,13.297119,9.523315,3.3854065,4.646057,11.6684265
2004-11-02,3.9167175,14.257751,14.875916,14.19751,13.216156,3.1097717,10.457855,4.9613953
2004-11-03,5.1220703,18.698883,14.731628,13.287018,15.767914,2.596344,13.04129,8.3880005
2004-11-04,10.540863,19.316132,14.021698,9.590515,13.510223,3.4022522,14.380768,11.541962
2004-11-05,11.985504,19.921417,13.2916565,7.1629333,5.849945,2.5865784,3.652832,3.9140015
2004-11-06,10.746368,16.424774,17.644867,7.8746643,9.161713,7.2518616,-0.49435425,-0.25283813
2004-11-07,16.611877,11.4305725,15.712372,9.346466,11.995483,12.703278,5.5395203,1.7906799
2004-11-08,15.643524,10.740875,11.581421,14.024536,11.339966,3.2416077,15.064758,7.9607544
2004-11-09,2.0508728,9.003815,13.801849,10.641968,7.7944336,1.1678772,15.744019,9.033386
2004-11-10,3.054596,10.068451,14.664032,5.447632,8.534485,0.43667603,5.116089,10.833527
2004-11-11,5.2117615,7.558014,18.463898,6.181885,6.56073,1.5480042,4.953949,6.762451
2004-11-12,4.959259,8.754059,11.659363,6.360565,2.6498413,3.99234,8.175293,5.7724
2004-11-13,2.2710266,12.474335,9.7421875,6.222107,6.350128,4.7086487,2.3339539,2.6567383
2004-11-14,7.300873,9.190216,9.351929,4.7165527,8.943695,7.1981506,5.854065,0.48031616
2004-11-15,5.6187744,7.165924,10.857849,0.7596741,1.7388,8.252594,8.967804,3.283142
2004-11-16,1.1266785,11.927338,18.657196,2.2052917,1.2257385,12.907135,2.9673462,5.1212463
2004-11-17,0.48953247,10.834869,15.969513,5.412506,4.8731995,10.116119,1.8743896,4.940155
2004-11-18,-0.32458496,12.362335,10.128784,8.749603,4.3724365,5.005768,3.8735962,5.2872314
2004-11-19,5.517914,12.446014,10.668701,12.465454,3.9156494,3.2477112,6.234833,3.6309204
2004-11-20,2.4819336,9.929138,9.713806,5.622284,4.8690796,3.9964905,2.303833,0.3902588
2004-11-21,0.13363647,9.679596,8.310944,3.5984497,0.7381592,4.0309143,2.967926,-0.6376953
2004-11-22,-1.0746155,13.004608,8.353516,6.8899536,5.573059,5.0118713,1.7675476,-0.12786865
2004-11-23,-2.638153,11.653168,8.792786,7.609833,5.4948425,5.1803284,2.6019287,-1.4090576
2004-11-24,-2.3158264,8.358917,6.347046,8.26178,-1.2079773,5.3802795,3.8486328,-2.8778992
2004-11-25,2.858368,8.83847,8.026062,10.762024,5.1882935,5.377594,3.9750977,-1.2236328
2004-11-26,-3.4448547,13.860779,9.523346,4.6347046,6.148987,3.6302795,4.1668396,-1.2176514
2004-11-27,-5.0585327,8.720306,9.404022,2.5159607,5.8745117,1.8089905,3.887268,0.002166748
2004-11-28,-4.0964966,5.8561707,9.972076,4.698761,-5.5785217,1.4403381,5.210144,9.935669
2004-11-29,-3.6769714,7.1523743,15.475159,2.8529358,-7.0711365,0.6671448,12.365967,5.4513245
2004-11-30,-0.8751831,4.795105,16.337494,2.0786743,-5.762085,-1.1216736,7.838318,1.9205322
2004-12-01,3.005951,7.931366,11.827179,5.0849,-1.222992,-0.046966553,3.0904236,2.2782593
2004-12-02,1.0426025,8.850311,12.892792,5.4621887,1.2541199,1.4752502,2.569336,-0.20635986
2004-12-03,13.073822,9.146179,8.339874,4.682068,1.5906677,2.73526,1.1270142,4.230652
2004-12-04,16.516998,7.271698,8.851532,1.536438,6.5678406,6.0663147,0.2687378,4.085846
2004-12-05,12.377197,7.447296,6.4772644,0.26327515,-0.0007324219,13.046295,-0.58999634,9.321442
2004-12-06,-0.046661377,9.487335,11.883392,4.830139,-4.1974487,4.6510315,-1.3087158,-0.011871338
2004-12-07,1.0115967,5.9334717,11.576996,9.46875,-1.2236328,3.5748596,4.3476562,-1.3836365
2004-12-08,10.4263,5.060089,5.8150024,6.954712,6.560669,6.2635803,0.0061950684,-1.0047302
2004-12-09,-1.450531,9.921112,6.5560913,4.2845154,4.7539673,10.751862,-4.1066284,-1.2702637
2004-12-10,2.5305786,4.246582,12.126617,9.65686,9.087341,1.1231995,-3.4190369,-0.591156
2004-12-11,1.9388428,2.9688416,16.072052,14.53598,16.878693,-3.0889587,1.9295654,-0.95440674
2004-12-12,6.9317627,3.1965027,11.080383,7.4211426,-1.7095032,-3.7054138,-5.048218,0.9569702
2004-12-13,8.862762,3.7160034,8.002197,6.529846,-2.2276611,-3.8228455,-4.470764,0.99035645
2004-12-14,-2.9063416,0.82196045,9.127472,6.323944,-2.3839722,-1.6758728,-4.1968384,-1.7234497
2004-12-15,5.9516907,1.0639343,10.843567,3.310028,-2.6665344,0.86026,-4.872528,-1.9706421
2004-12-16,9.438568,0.91244507,15.324371,0.85842896,0.44848633,8.966461,-0.29449463,-2.4222412
2004-12-17,8.82843,8.216217,17.95871,-0.55197144,4.149658,8.961578,0.041625977,-2.474701
2004-12-18,6.3714905,11.965271,7.085083,-1.5820312,3.9729614,0.11953735,-2.195221,-1.0623779
2004-12-19,11.387665,13.466583,4.713135,-0.9657593,7.5665894,-3.0281677,-2.688324,-0.13244629
2004-12-20,12.15387,8.16275,6.779846,-0.7621765,12.348694,-3.8194275,-1.8851013,-3.394928
2004-12-21,-4.479187,5.1076355,10.192322,0.18914795,14.446014,-3.662445,-0.87509155,-1.9332275
2004-12-22,-3.0436707,6.1720276,16.206726,6.0582886,14.126465,-0.49960327,0.6365967,-0.11340332
2004-12-23,6.427887,4.7862854,15.0121765,11.310364,15.027283,-2.9913025,-1.8135986,-1.1343689
2004-12-24,12.073883,-1.6268616,6.605255,0.02319336,15.02179,-4.0101013,-3.4992676,-1.2455444
2004-12-25,14.343109,-2.5716248,5.8695984,-0.67196655,15.28775,-4.6114197,-3.7131653,-0.9838257
2004-12-26,3.44281,-1.3743591,7.283203,-0.51675415,15.093506,-7.863373,0.32476807,-1.179657
2004-12-27,4.1994324,1.4131775,7.7085266,-1.3685608,15.235382,-6.351654,-0.4897461,-1.8487549
2004-12-28,-3.9391174,4.6460876,6.17276,-2.174652,7.384552,-1.5882263,1.5496826,-1.6251831
2004-12-29,-13.406708,10.857056,3.6030273,-3.2282104,3.255188,-3.2632751,4.4789734,-1.5053711
2004-12-30,-4.531494,9.640411,1.6284485,-2.6257935,4.4494934,-7.218109,7.9058228,-3.056427
2004-12-31,0.05996704,5.2362366,3.6313171,0.4086914,1.2591858,-9.498383,8.228729,-4.631592
2005-01-01,-1.1220398,7.4291077,5.2413635,-0.1730957,7.7091064,-7.2322693,-1.9628906,-3.3712463
2005-01-02,-4.7309875,2.658783,7.2972107,-0.8352356,8.504578,-7.7762146,-5.769104,-2.2921143
2005-01-03,-11.321564,0.3354187,7.995392,-2.4729004,1.2177734,-3.184906,-6.6362,-2.532257
2005-01-04,-3.7132263,-0.284729,9.295166,-5.0355225,3.788391,-0.22250366,-3.042633,-1.9527893
2005-01-05,-6.6512756,1.6982117,13.340576,-0.52560425,-5.9772034,2.6993713,5.3233643,-3.235138
2005-01-06,-12.055939,0.2718506,4.844757,-2.9490356,1.7662964,-4.4664,0.82229614,-5.1767273
2005-01-07,-6.0193176,3.560089,1.5249634,-2.1314697,0.7503967,-4.2625427,-0.36001587,-6.0498047
2005-01-08,-11.947052,1.2225037,2.3737488,-1.4272461,-2.3086243,0.06314087,4.7290344,-3.088745
2005-01-09,0.24642944,-2.3406982,4.0260315,0.65063477,5.1752625,-0.38778687,-0.34326172,-5.9484863
2005-01-10,-12.063934,3.527893,-0.9949341,-0.39154053,2.630951,-1.6114197,-4.933441,-5.852051
2005-01-11,-11.891083,1.4270935,-2.2832336,-2.5975342,-1.9508362,5.226715,-5.3394775,-3.5961914
2005-01-12,-2.06427,3.177887,-1.2215576,-1.5634766,-10.645142,-0.20199585,-2.8673096,-1.0149231
2005-01-13,-5.33432,-0.27975464,0.25708008,-1.3969116,-6.5105896,-2.6719666,-1.0812988,-2.7736511
2005-01-14,-11.107574,2.6943054,2.0928955,-2.2854614,3.4978638,1.4107971,5.16391,-4.7738953
2005-01-15,-8.692963,5.7949524,5.5624695,7.5919495,-0.86102295,2.6654358,0.47595215,-3.231659
2005-01-16,-8.778961,4.517334,4.527069,2.7606506,4.9927673,-1.9356384,-8.288757,0.28308105
2005-01-17,-3.2426453,-2.5766602,-0.8911133,-0.49417114,12.366333,-5.9515076,-4.2340393,-6.492859
2005-01-18,9.968475,1.9022522,2.0032349,-0.46420288,15.657715,-6.9129333,1.263977,-4.3255615
2005-01-19,-3.0239563,1.5872192,3.6973877,2.1416626,15.108917,-2.1082458,0.577301,-1.4471741
2005-01-20,-8.479034,5.1716614,5.51416,3.2371826,6.8486023,3.9061584,-5.354309,-0.95739746
2005-01-21,-8.827698,-4.571167,6.4755554,1.2407532,-6.5013123,1.8165588,-7.0217896,-1.7120056
2005-01-22,-7.5065613,1.1594543,5.3765564,0.55200195,2.526703,1.4803772,-4.080414,0.3728943
2005-01-23,-2.121582,2.6472778,3.9487,-2.5124207,-1.7501221,1.0116272,0.6434326,0.85272217
2005-01-24,-6.7134094,-7.3297424,4.5409546,-3.1429749,-3.2847595,-7.7164,-4.9603577,-0.18353271
2005-01-25,-10.086761,2.3592224,4.7056885,-0.99923706,-1.9803467,-3.6670837,-11.481628,6.349304
2005-01-26,-8.6527405,7.916504,7.194641,2.8778687,0.13064575,3.7008362,-10.56839,11.5911255
2005-01-27,-9.190582,6.3210144,7.8013916,8.238281,1.3204956,-3.9978943,-4.1494446,11.644165
2005-01-28,-7.9440613,0.31866455,10.922577,6.696106,8.411774,-6.4532166,1.2414246,0.8996277
2005-01-29,-13.090942,5.8798523,13.018982,8.405792,14.681854,-9.272797,-2.0205078,-2.066925
2005-01-30,-9.957489,0.8496399,13.513153,11.056519,4.915283,-0.009857178,-2.0410156,-1.5983887
2005-01-31,-12.890137,-3.113739,4.615204,7.304077,-0.05206299,-0.7559509,-0.8462219,-1.2936707
2005-02-01,-5.021637,-6.1527405,3.052765,2.1278687,-2.6152344,-6.6514587,-2.880066,-0.9687805
2005-02-02,-7.803314,-3.3824158,4.5306396,1.2529602,-2.4292297,-10.662201,-3.1958313,-1.5830688
2005-02-03,-7.5871887,2.6393127,7.9800415,1.9825745,-5.2323303,0.13882446,2.1016846,-1.0056763
2005-02-04,1.8701477,7.75296,6.6582947,1.4310303,3.447998,0.5975647,4.2099304,-1.2753296
2005-02-05,-4.651825,6.5245667,11.61618,-2.4469604,-2.7244873,-1.7420349,1.3989563,-2.0361633
2005-02-06,-2.1298828,6.9997864,16.14331,-0.58969116,-6.1848145,0.9120178,1.2359314,-0.68847656
2005-02-07,0.7215271,0.7901306,8.771454,-4.4565125,9.147034,0.9149475,1.2134094,3.5434265
2005-02-08,1.7623291,3.297577,8.061157,-8.561554,6.286316,0.124420166,0.49346924,9.567566
2005-02-09,-7.586029,2.263916,3.0032654,-5.419281,5.3807983,-4.5018005,0.23352051,1.4384766
2005-02-10,-14.4999695,2.7816467,1.5973206,-1.9286194,0.82284546,-2.2574158,0.95654297,-1.5158997
2005-02-11,-10.320862,0.24441528,7.8479004,-1.3651428,6.032959,-5.513031,-1.1282959,-2.2862854
2005-02-12,-13.284027,9.118317,5.2966614,-2.9691162,5.582489,-5.7432556,-0.309021,-5.5790405
2005-02-13,-10.253998,7.8231506,2.2989502,0.22738647,0.119262695,-1.9551697,1.5301514,-0.85113525
2005-02-14,-0.5393982,9.723053,2.7781372,-2.3753052,0.6581726,-5.861664,2.857788,11.450775
2005-02-15,0.9363098,8.756439,7.312805,-5.2637634,4.5099487,-8.959564,1.2905579,8.2934265
2005-02-16,-0.5713806,10.27359,10.740601,-5.7444763,12.70932,-13.118744,-3.1027832,-0.03338623
2005-02-17,-1.8539734,10.218597,11.724365,-5.6438293,-1.1850281,-11.920013,-5.5220947,-1.0059204
2005-02-18,-6.238495,0.48251343,12.074341,-2.6835632,-5.530792,-1.2134705,-5.6300354,0.29171753
2005-02-19,-11.459869,-3.4974365,13.210541,-1.533844,-1.589508,9.266754,0.42138672,7.282257
2005-02-20,-1.9391785,-0.6192322,13.07486,-0.36068726,1.7618713,0.87857056,-0.35211182,9.798157
2005-02-21,7.5837708,8.836029,6.1954956,2.5653076,1.5888062,-8.243988,-2.815918,11.95813
2005-02-22,11.894745,10.509979,6.0590515,9.533081,0.721405,-4.655121,2.2858276,14.299133
2005-02-23,2.7632751,3.8777466,7.264496,14.163696,-4.948517,1.5934143,1.0262756,12.040039
2005-02-24,10.334564,6.439453,9.180328,8.266602,-3.3518066,1.256012,1.2826233,6.003662
2005-02-25,12.385101,9.620819,9.22583,5.4214783,6.037445,-1.611908,0.6976013,10.394348
2005-02-26,10.30365,11.05423,12.27124,3.778534,15.751495,0.04043579,0.3262024,15.886383
2005-02-27,5.3537903,8.841827,12.352295,3.7477417,16.778015,3.3089905,2.9267273,15.660126
2005-02-28,3.3113098,6.888153,6.582367,7.2002563,3.781372,2.1019592,1.0288086,4.280304
2005-03-01,11.595001,9.083008,5.493042,8.628052,-0.6272278,3.9686584,1.7474365,3.999817
2005-03-02,7.541046,9.147125,4.4838257,14.060333,0.2720337,2.3229065,1.1241455,10.27652
2005-03-03,6.366028,8.79953,13.341187,9.17804,0.30413818,0.33242798,0.84365845,0.63848877
2005-03-04,7.3506165,9.433746,10.925964,5.7935486,1.3261719,3.2435608,1.2489014,-0.4730835
2005-03-05,7.094208,8.557861,5.8082886,4.5042725,2.5172424,1.608551,-1.190033,-1.0154114
2005-03-06,0.45739746,9.3211975,6.1307983,4.907776,-0.89868164,2.2691956,-2.3441772,-0.08578491
2005-03-07,-4.547516,5.0046387,8.440582,4.795929,4.432678,4.129547,-3.2150269,-0.7425232
2005-03-08,-10.164459,10.208527,4.8938293,6.8220215,7.835388,2.0086975,-2.487854,-0.0697937
2005-03-09,-11.455231,5.977936,7.3649597,9.525238,8.517792,-2.6255798,0.24734497,1.4020386
2005-03-10,-11.929108,1.1072693,10.666687,10.784851,8.022858,2.192047,3.2515259,2.8405457
2005-03-11,-7.8995056,6.1763306,14.0271,12.892639,8.896332,4.2325745,1.5490112,3.0250244
2005-03-12,-4.2569275,8.137238,8.72168,3.9397583,9.034454,2.311432,1.1030579,6.2346497
2005-03-13,-2.462616,9.324707,4.3617554,0.9465637,-1.9642944,0.07632446,-2.2130432,8.320953
2005-03-14,0.5048523,8.924927,4.3683777,4.1069946,-1.8824158,-0.5257263,-5.3095703,9.136078
2005-03-15,2.3310852,4.9621887,10.506195,4.904358,2.6705322,-0.35214233,-1.7070007,8.025665
2005-03-16,2.99823,8.817749,10.773376,5.658203,7.3131104,3.4147034,-0.6368103,5.854645
2005-03-17,10.500092,8.139862,8.732513,7.1644287,2.47937,6.778473,-0.68670654,8.1441345
2005-03-18,6.537018,11.437103,7.576294,11.978882,-0.110687256,11.373688,-0.9229126,9.510925
2005-03-19,5.234131,9.964172,14.045166,10.202362,-2.5510864,9.951569,1.9048462,7.1338806
2005-03-20,7.200775,9.4002075,10.755157,5.3865356,-2.7845154,7.34317,4.6425476,6.1281433
2005-03-21,1.9534607,9.462616,10.697296,-1.9451904,-4.213257,3.7235413,3.319275,7.1396484
2005-03-22,6.0986023,7.511139,11.829926,-0.62545776,-4.118042,3.373932,-0.91619873,4.854889
2005-03-23,10.817932,6.2490845,15.438751,1.2922974,-3.8882446,3.2362366,2.0298157,4.109009
2005-03-24,6.143738,5.3677063,9.959869,3.2130432,-2.2513428,4.6837463,4.45932,6.210541
2005-03-25,-0.27145386,0.97402954,9.699799,7.1083374,-1.1274414,5.587555,3.6339722,5.441559
2005-03-26,8.799316,5.667267,6.7718506,6.0084534,-0.6786804,5.0641174,11.492767,4.027893
2005-03-27,7.074127,11.8854065,6.494446,7.7361145,-1.2748413,6.208893,1.8761902,2.861969
2005-03-28,4.1820374,11.997406,8.280334,8.544556,-0.69143677,5.3368225,6.3407288,3.5310059
2005-03-29,3.103485,10.207947,9.175598,14.703217,-0.34246826,9.325348,6.0274963,2.7836304
2005-03-30,4.0941467,5.126007,6.6604004,10.895416,0.31185913,6.528961,-2.9489746,1.8546448
2005-03-31,7.131134,9.034454,7.9321594,5.5598755,0.56427,7.52359,-2.0709229,2.1829224
2005-04-01,4.018341,10.265228,10.943512,4.5394897,1.1768494,8.415192,1.343811,3.1052246
2005-04-02,7.3096924,7.6199646,13.1094055,6.524048,0.68252563,5.2626038,2.5593262,3.384613
2005-04-03,7.1981506,7.307312,15.899994,1.7779846,1.7593079,1.9381409,2.0726624,3.0626526
2005-04-04,-2.324707,8.23465,12.973572,0.33624268,0.030975342,5.8578186,4.5205383,6.2210693
2005-04-05,0.97875977,6.9360657,13.613831,1.6899414,0.093688965,9.547516,-0.77212524,1.4132385
2005-04-06,7.0448303,10.585541,16.175537,3.507782,1.7706604,5.5760803,-0.09655762,7.813751
2005-04-07,5.947235,11.686798,17.90155,5.2168274,2.6535034,4.375885,3.6298218,15.342926
2005-04-08,9.590729,10.457581,16.343964,7.2250366,4.639923,5.2052307,2.6202087,6.433716
2005-04-09,10.549347,9.973602,13.633148,10.814789,12.728607,5.025299,6.4740295,6.669037
2005-04-10,1.1746521,10.764374,11.201721,12.727203,14.437988,11.689117,14.440735,5.2485657
2005-04-11,3.2467346,10.897064,12.918579,14.392181,6.0934143,13.989166,11.063416,3.9687195
2005-04-12,-1.0163879,12.038055,14.80426,11.7526245,3.4564514,13.475739,9.070251,4.8463135
2005-04-13,1.6722717,10.8437805,17.409668,9.504608,14.605377,6.1217346,12.924957,5.515686
2005-04-14,2.5507507,8.709381,18.493683,15.3307495,7.884186,6.4425354,4.2719116,3.085266
2005-04-15,3.5515442,8.880005,17.360779,10.8038025,3.631134,9.675201,4.643036,2.9140625
2005-04-16,5.306366,10.32901,12.717377,11.351105,2.6908875,9.321686,7.621063,4.824188
2005-04-17,7.088745,10.133514,9.3454895,12.766022,1.1227112,10.537506,9.37381,4.0944824
2005-04-18,5.726349,11.489655,12.178406,10.56781,-0.11727905,10.765533,14.547028,4.8291016
2005-04-19,13.6701355,12.869354,12.739777,10.663483,1.2674255,8.800934,17.212738,7.3408203
2005-04-20,15.955658,13.101044,12.110199,10.187622,1.0940857,14.361969,18.376099,7.5095215
2005-04-21,9.372406,11.910034,13.546234,11.15097,2.1218262,15.949127,17.68335,5.372406
2005-04-22,7.1809998,13.90744,13.345276,10.978516,1.5648499,12.875397,9.885712,4.479431
2005-04-23,8.285187,7.122467,16.565826,13.204742,5.326355,11.975983,12.884552,6.453766
2005-04-24,4.0901794,8.577026,14.071838,15.131226,4.4407043,7.6080627,12.506134,7.002655
2005-04-25,4.3511047,12.700775,11.764435,13.284973,4.7811584,7.8749084,6.816223,5.419586
2005-04-26,6.4136047,11.038849,11.216919,16.040802,1.4379578,8.780426,6.354889,4.937622
2005-04-27,7.9857483,10.70816,11.006897,13.236481,0.43356323,9.829742,13.778564,4.598816
2005-04-28,14.592499,7.601166,9.774475,14.646545,0.7319641,12.857086,18.339844,7.598633
2005-04-29,10.464539,8.423126,9.482086,13.779053,2.3756409,10.053375,22.118805,8.109497
2005-04-30,8.004974,9.151276,11.292297,16.272217,8.136383,9.808014,22.459747,8.113129
2005-05-01,8.730103,9.454224,12.79541,16.919556,8.033936,9.029205,19.871857,9.037689
2005-05-02,11.09021,11.270905,13.182373,15.882141,13.85025,9.811188,16.85852,13.454224
2005-05-03,16.052368,12.310516,13.326508,16.845856,15.159302,10.913239,21.291443,18.980652
2005-05-04,14.983551,11.525879,13.894562,18.42215,16.779388,9.058014,22.401306,15.714752
2005-05-05,13.10379,12.418793,11.800171,19.935516,19.334137,9.671051,15.823822,18.572144
2005-05-06,10.088898,14.778046,13.534149,19.987152,17.0654,13.680084,13.601532,21.933899
2005-05-07,8.968689,12.89743,18.62268,15.838043,5.069702,11.238678,17.942993,20.24472
2005-05-08,9.178192,12.662567,16.315796,17.714539,5.415344,8.517487,10.832977,17.311981
2005-05-09,8.6180725,12.5989685,16.043121,16.597687,8.819794,9.321442,10.379303,13.565674
2005-05-10,11.429871,12.66037,16.761627,13.86322,4.325897,11.646881,14.450714,15.66214
2005-05-11,15.020142,12.251495,18.439728,11.852295,0.9406738,16.422516,14.788116,9.44519
2005-05-12,16.45224,12.678589,20.553772,12.305481,1.5335388,19.970367,16.199554,8.994293
2005-05-13,17.042084,12.699554,15.692505,14.079681,6.4740906,16.48819,14.278412,10.281006
2005-05-14,16.549835,11.623474,16.324463,15.9340515,13.003479,14.175934,15.240845,11.17746
2005-05-15,12.948517,10.740601,18.744324,16.119202,11.567047,12.977203,18.50644,15.45343
2005-05-16,13.612579,12.0052185,20.847961,17.600616,10.919037,10.553375,17.684479,17.217834
2005-05-17,14.583832,13.854462,22.338806,18.985321,13.033417,9.9791565,17.46521,11.134888
2005-05-18,15.649139,13.597076,18.578735,19.817993,11.742645,15.128082,13.938171,9.047607
2005-05-19,16.66452,13.360138,15.724731,20.508087,10.248077,19.02359,15.651794,6.70105
2005-05-20,17.15924,13.573151,13.685516,18.800537,12.677368,11.739166,20.230164,7.2009277
2005-05-21,18.178406,15.61673,14.402618,17.141357,14.765778,16.872223,18.163269,12.094116
2005-05-22,18.186218,14.794037,16.473297,17.081146,17.048431,18.092194,15.655457,10.749298
2005-05-23,18.997284,12.969757,18.429382,17.266174,13.721191,16.50113,18.562134,10.801025
2005-05-24,18.611237,13.868866,19.328857,17.233307,11.639862,12.144684,13.482208,12.467987
2005-05-25,20.575897,14.258911,18.346771,16.113861,13.336609,12.460602,10.895752,12.907013
2005-05-26,19.253998,14.214325,17.907776,17.35437,14.802307,14.296783,13.060974,14.183777
2005-05-27,15.873932,14.996185,17.787811,17.7724,18.048767,14.292389,14.131165,15.846527
2005-05-28,12.211884,14.932831,17.92157,16.534485,15.563477,16.72696,18.532349,16.85434
2005-05-29,13.400665,15.571014,17.64209,16.816467,13.260468,18.798004,17.042938,15.670532
2005-05-30,15.63504,14.716827,17.758667,17.118378,12.612701,19.360992,17.111664,15.293854
2005-05-31,20.099518,13.058472,18.623169,17.595856,14.491943,19.882965,15.50882,12.667297
2005-06-01,23.89444,13.274963,20.957855,17.732544,19.994812,17.59732,13.955902,11.796387
2005-06-02,22.938202,15.144318,22.19342,15.406189,20.753082,10.08609,15.528076,17.188019
2005-06-03,20.488983,15.452179,20.912659,18.123352,20.045013,12.151276,19.419952,18.338135
2005-06-04,17.469086,14.928741,21.608337,19.34497,19.997498,14.882721,22.926636,17.385101
2005-06-05,13.3237,14.959503,21.570526,20.69226,20.162811,13.055817,23.74646,16.082367
2005-06-06,18.271454,15.31012,21.728394,21.431519,19.500702,13.282867,22.420654,15.478455
2005-06-07,15.852997,16.349823,22.931793,22.66626,19.510925,14.065094,19.40149,17.109283
2005-06-08,16.413849,16.802551,23.539215,21.268524,21.606232,14.460358,17.990723,17.158295
2005-06-09,16.935211,16.622894,24.195404,22.578308,24.003418,14.531158,19.298065,18.319153
2005-06-10,17.283905,15.6596985,21.540314,21.359009,21.775574,15.467438,20.105164,13.906403
2005-06-11,18.311615,16.550873,19.64502,20.609802,20.987122,16.615875,22.725464,15.355133
2005-06-12,18.812164,18.167023,19.249939,20.972595,21.552002,14.311432,27.320618,18.13266
2005-06-13,19.70346,17.155426,20.46939,25.224548,25.908295,15.284332,25.125183,20.063171
2005-06-14,17.67569,17.776367,23.246796,24.383698,25.003448,16.883942,25.505463,17.524078
2005-06-15,19.90274,17.54895,23.40921,23.015839,23.485168,19.666412,27.134827,15.039276
2005-06-16,20.37555,17.471222,20.862549,22.394073,23.427002,20.714508,25.564209,16.15503
2005-06-17,18.882446,18.033386,20.94162,23.673065,22.24356,18.263092,23.667908,14.512543
2005-06-18,19.509308,17.960785,21.31781,24.270416,23.154114,21.198639,18.133484,14.397644
2005-06-19,21.588654,18.5307,20.004211,25.235474,24.339172,21.068024,17.415924,15.897522
2005-06-20,23.955719,18.52716,18.411438,22.960266,24.970428,19.395905,19.693695,16.798584
2005-06-21,20.625702,19.99524,17.545563,23.814606,24.06723,17.879303,19.652954,19.116394
2005-06-22,20.479889,18.083588,19.28952,21.633179,19.248016,19.133698,15.923126,20.99649
2005-06-23,21.299774,19.472229,19.957794,20.8779,19.407928,18.582916,20.353546,19.85254
2005-06-24,23.182465,18.893555,21.299957,21.098267,20.763184,17.777008,26.03598,20.868774
2005-06-25,23.85437,18.683655,23.558044,21.238068,23.03891,16.848053,27.407166,21.591705
2005-06-26,23.483856,18.095306,21.070679,22.410675,22.577362,17.72525,25.201843,21.585632
2005-06-27,23.65976,18.023834,20.347137,21.404724,22.81015,19.756989,23.533356,21.271362
2005-06-28,23.280304,19.25238,21.15506,20.87619,22.453827,18.74356,18.494873,22.795746
2005-06-29,23.155853,20.725922,21.48465,23.012512,19.972168,20.17691,18.107697,24.119415
2005-06-30,22.330475,21.403534,23.568481,24.74237,20.925049,20.134674,18.188965,24.111938
2005-07-01,22.846039,21.231049,25.025604,26.153778,21.33966,19.274323,18.20398,24.623688
2005-07-02,23.11145,21.214508,25.259186,25.834015,23.687622,20.523834,20.999817,25.286316
2005-07-03,23.24759,21.29181,25.498352,24.8107,23.796265,21.533112,23.279266,23.933502
2005-07-04,24.708466,20.806976,25.971252,24.291412,23.207367,21.730865,25.987457,22.08023
2005-07-05,24.890656,21.330505,22.296112,24.953064,23.906036,22.230377,25.994415,21.089691
2005-07-06,26.409393,21.62851,22.926178,27.456268,26.114807,21.92569,26.23471,19.318481
2005-07-07,25.075653,21.16513,28.299683,28.146362,27.217712,20.846344,25.836731,18.84134
2005-07-08,20.592804,20.6586,29.59137,24.074707,28.776886,21.035309,21.6232,21.289825
2005-07-09,22.081207,21.743622,27.80429,20.425323,27.649231,20.374908,19.97284,23.566437
2005-07-10,23.23227,23.088531,24.95987,20.341217,27.789703,20.05069,19.011047,25.170135
2005-07-11,23.916931,23.354828,24.092255,22.335999,25.636963,21.430817,19.903107,25.181213
2005-07-12,23.871613,23.840485,24.329376,21.402954,26.286835,21.576569,22.049103,25.211517
2005-07-13,24.383118,23.72705,25.936981,20.41629,25.570862,22.234283,23.850464,26.460724
2005-07-14,25.535126,23.855743,25.541565,19.727386,25.06137,21.368317,25.05008,25.890503
2005-07-15,24.867798,23.21347,25.812805,22.264618,23.01117,19.778961,25.880676,24.119293
2005-07-16,24.632965,23.657745,25.747711,23.290741,22.324188,23.624176,27.208405,22.285553
2005-07-17,27.876923,22.649384,25.007935,23.627228,22.77884,18.195465,26.998352,21.700684
2005-07-18,26.235199,22.487762,26.906982,24.612457,23.9682,18.239166,27.17334,23.18863
2005-07-19,26.849426,22.46408,27.901459,24.4021,25.075684,17.244537,25.976166,23.23639
2005-07-20,23.063995,23.250153,27.942993,25.104095,25.720825,19.674713,25.795166,20.665619
2005-07-21,23.876892,23.058685,26.53421,27.154846,25.15451,18.912506,27.467438,19.549957
2005-07-22,22.952576,22.68155,23.667389,25.144073,24.682648,20.412262,28.591492,23.740662
2005-07-23,20.703583,24.280762,21.212463,28.049927,24.289337,19.255768,28.822052,28.515625
2005-07-24,21.765656,25.372955,21.57779,25.693237,24.40738,19.054352,29.25122,28.420258
2005-07-25,23.327057,25.751099,22.707245,23.821075,23.330536,20.064117,29.139038,26.741333
2005-07-26,24.799835,25.414734,24.72464,23.428986,26.084442,22.115387,27.54538,21.265778
2005-07-27,25.562225,25.485596,26.312744,23.536469,25.587555,22.132965,27.640045,21.33377
2005-07-28,24.346619,25.85849,25.455627,23.075073,25.46289,19.896881,28.844025,20.39795
2005-07-29,23.389557,25.49582,24.488129,21.31134,27.750458,19.73111,27.467438,21.585083
2005-07-30,21.846283,24.058075,24.341217,24.092316,23.461365,24.316559,27.184784,21.327484
2005-07-31,21.168488,23.501892,26.907959,23.695557,24.04721,25.413483,28.154541,21.598846
2005-08-01,22.76831,25.398956,26.802795,24.204193,24.961945,24.465485,27.128235,24.0
2005-08-02,21.819977,25.818268,25.835571,24.193268,26.787415,19.309479,25.69101,26.148071
2005-08-03,21.58014,25.590668,24.56369,24.390015,26.630829,22.485016,25.063751,24.793457
2005-08-04,21.816376,25.353058,24.210022,23.144623,27.46695,24.187897,26.534424,23.823975
2005-08-05,24.003784,25.495422,24.414001,23.356934,26.278381,24.592194,26.296356,23.63919
2005-08-06,26.249298,25.78946,24.325195,26.962067,24.986511,21.904694,23.634705,26.858734
2005-08-07,25.87387,25.71463,24.808533,25.593323,23.916656,17.253815,26.016174,25.61969
2005-08-08,23.382294,25.257782,24.366852,25.909332,24.506042,17.01529,26.58142,22.821686
2005-08-09,23.542938,25.30069,25.167969,24.842896,27.35675,18.15738,26.12503,24.765106
2005-08-10,23.776367,25.27536,25.275787,26.689117,25.960968,18.157135,24.631165,24.539001
2005-08-11,25.235504,25.16568,25.203186,24.641357,23.98587,20.01358,20.406311,22.002441
2005-08-12,23.278381,25.442474,25.195648,23.54187,24.648132,21.376617,18.459076,20.772034
2005-08-13,21.055573,21.901886,25.071228,23.188477,26.125366,19.519196,19.23996,20.783112
2005-08-14,21.64743,21.52481,27.037262,22.358734,25.328766,17.470856,21.563995,20.661072
2005-08-15,23.121735,23.565948,26.94815,22.364838,27.52945,21.330475,22.508911,21.40564
2005-08-16,23.672272,23.733612,24.5419,22.85675,29.297913,23.388824,22.753418,21.843689
2005-08-17,24.9003,23.816345,24.19046,23.83139,27.621399,21.184479,24.234406,20.39096
2005-08-18,27.363861,22.658539,23.864899,20.231567,21.704468,18.867828,26.941864,21.042328
2005-08-19,22.643463,23.012482,23.70279,18.86676,23.111267,19.430084,27.196716,23.166565
2005-08-20,23.60669,23.405304,26.129608,18.388733,23.735474,20.690338,26.188904,22.4823
2005-08-21,27.369781,23.627441,27.304565,19.007996,25.32782,19.134186,26.05423,19.054077
2005-08-22,23.216003,24.81253,26.220642,20.09674,24.304596,16.605621,26.111115,17.071472
2005-08-23,27.984406,25.10086,24.49878,19.77948,21.769592,17.929352,25.449158,17.489502
2005-08-24,29.908905,25.635773,24.560608,19.45227,20.893494,17.599274,24.9375,17.959015
2005-08-25,26.76709,24.286133,25.252258,19.803436,22.310425,19.862701,26.477722,19.080658
2005-08-26,22.718933,21.799927,25.450684,20.372162,24.00232,20.95108,26.421082,21.97815
2005-08-27,23.082855,20.396637,26.789978,20.62555,25.971619,15.34317,22.938934,23.407745
2005-08-28,24.225372,21.118866,25.732056,20.761475,25.888855,15.423737,21.45755,19.012115
2005-08-29,24.674957,22.776642,24.833527,21.155365,28.62851,19.244293,22.47522,17.616913
2005-08-30,23.504608,23.383392,24.94519,21.463196,28.675018,21.897858,23.289062,17.061157
2005-08-31,23.858307,25.009735,25.131348,20.768219,23.957367,17.689606,23.108215,19.316315
2005-09-01,25.442657,23.839935,24.794098,20.644196,21.94336,18.237213,22.728607,19.239166
2005-09-02,21.180267,22.000214,25.151733,21.776154,22.844086,23.555328,22.105347,18.716766
2005-09-03,16.634369,21.504547,25.130463,23.897797,21.77655,21.580719,22.869354,22.223328
2005-09-04,18.212646,21.451569,25.17212,24.423248,20.972229,21.700836,22.942017,20.990326
2005-09-05,15.668549,22.129425,24.63507,23.230682,19.439758,19.893951,22.703064,15.39566
2005-09-06,15.665985,22.058685,23.054749,23.811676,18.949738,19.738922,23.272278,12.436615
2005-09-07,20.040314,22.493866,23.056976,23.051117,18.97171,21.377838,24.78778,14.7099
2005-09-08,17.97882,22.069,22.720154,21.800934,21.416931,18.633453,27.712677,15.998932
2005-09-09,15.714874,21.34793,22.909363,22.114563,23.100769,13.573639,25.426392,14.6874695
2005-09-10,15.304138,21.586731,24.842987,22.04477,22.0141,15.266266,25.583313,15.430939
2005-09-11,16.570038,21.902191,25.287506,23.667114,22.099335,16.19107,25.69983,16.623444
2005-09-12,19.285187,21.94336,23.429108,23.106842,20.676605,13.725983,24.26889,20.163788
2005-09-13,17.804962,22.668854,24.262177,21.984528,22.399475,14.875885,25.12146,16.4169
2005-09-14,17.021149,22.168304,24.90747,22.354431,22.584778,16.262848,25.98825,13.56131
2005-09-15,18.174042,20.546783,22.143616,22.665741,23.056305,19.155914,26.795776,12.628357
2005-09-16,19.649261,19.29898,21.8031,21.228516,20.086853,20.585358,26.396118,13.848907
2005-09-17,20.26419,18.770905,20.85965,17.12143,21.544434,18.643463,21.527496,16.549927
2005-09-18,18.896942,19.87143,20.033936,17.267029,17.318298,16.095367,20.27597,14.659515
2005-09-19,20.519196,20.465302,20.28833,17.597412,13.021698,20.591217,25.11789,20.416687
2005-09-20,22.47406,17.424225,23.662354,16.921356,13.83313,17.610016,25.140533,19.743896
2005-09-21,22.867584,20.29544,22.914246,17.152222,13.438751,18.00235,17.508942,18.067139
2005-09-22,19.800323,23.579346,21.583038,18.066864,13.897125,21.932037,14.807404,17.130707
2005-09-23,19.243866,19.960114,20.83078,17.249603,17.4281,19.787262,14.699005,15.32251
2005-09-24,17.23053,22.155365,20.459778,17.987885,20.251434,21.812897,16.386047,11.193817
2005-09-25,14.305359,20.816193,20.70813,16.908936,22.051178,14.819977,17.36026,9.459412
2005-09-26,13.4096985,17.179108,21.265411,18.7807,18.334259,13.813141,17.359863,9.927307
2005-09-27,13.612457,18.177185,21.287476,14.81543,17.079163,16.110504,17.960144,14.587891
2005-09-28,14.114777,19.491302,20.959167,15.301178,18.394257,17.270172,19.045746,12.516602
2005-09-29,17.14444,21.682281,21.463684,14.209442,20.602936,18.18692,16.818909,12.588806
2005-09-30,18.492767,22.216034,21.3927,15.571655,22.218475,21.028961,17.573639,15.574097
2005-10-01,18.11734,16.678864,21.491089,15.865692,22.824554,17.296051,15.790558,16.842133
2005-10-02,18.095856,18.217377,23.54834,14.416473,22.001282,14.182037,11.758484,18.267365
2005-10-03,15.857544,22.63623,22.842773,13.776123,21.645264,16.538239,17.671478,11.434937
2005-10-04,16.19638,22.497711,14.908966,14.936279,19.244324,19.535065,20.787476,10.02002
2005-10-05,15.233612,18.716644,14.570099,15.685181,12.464813,14.607574,17.116882,12.147736
2005-10-06,16.930481,14.322937,15.204346,17.402802,15.237427,18.32779,8.831726,12.132507
2005-10-07,20.243622,17.279694,16.565369,18.798676,15.551666,17.001617,12.392395,12.361389
2005-10-08,19.21634,21.213348,19.618652,16.832031,18.956238,9.706451,17.187134,16.925934
2005-10-09,18.24176,20.059692,22.921753,13.461975,17.813354,13.054596,19.300049,18.583588
2005-10-10,20.480621,16.37143,21.619781,12.609161,15.363434,13.469147,18.719086,18.716461
2005-10-11,20.05307,19.459198,19.403412,13.673126,17.181885,14.150055,18.590576,20.103546
2005-10-12,16.24759,22.499237,19.175507,14.12915,16.989868,14.147369,18.139954,14.752258
2005-10-13,11.770599,21.534363,19.067352,14.921204,19.553802,5.208893,10.556061,11.40271
2005-10-14,13.67569,19.680328,20.11792,14.913971,20.79132,7.091217,9.957306,12.958618
2005-10-15,16.480652,19.523224,19.657928,14.466827,20.406738,6.122223,12.682922,15.055542
2005-10-16,16.98648,12.845428,19.196991,13.015472,19.01773,2.5690002,15.282867,15.806824
2005-10-17,11.86203,15.201965,20.605743,12.56488,12.988464,3.9217834,14.318329,17.828278
2005-10-18,13.944183,14.464081,21.882782,14.20755,9.631531,5.643219,16.570618,11.511017
2005-10-19,15.108368,18.250366,20.001282,16.522186,9.46167,8.069489,14.913025,10.942688
2005-10-20,13.471222,17.94162,13.332336,14.472351,15.335846,8.741119,19.007965,8.462067
2005-10-21,15.002991,13.73941,10.355133,13.181427,14.5086975,9.298981,17.18576,4.331665
2005-10-22,5.24234,12.954926,12.646851,9.582855,10.443695,10.693268,16.801758,7.5529175
2005-10-23,3.658081,12.824585,17.16806,7.3499756,11.721832,14.879547,18.729156,10.051788
2005-10-24,10.470428,14.235199,18.401947,6.375946,13.234283,16.67569,18.399384,7.5058594
2005-10-25,12.734161,11.772858,16.934204,6.3616333,15.4151,11.893951,12.218689,8.690552
2005-10-26,12.688751,11.802795,17.434143,7.7066956,11.049194,11.348053,7.062958,11.342346
2005-10-27,7.5787354,15.3159485,15.403778,8.497742,11.963806,8.625397,9.56189,14.072144
2005-10-28,6.000458,14.659576,14.6866455,5.9035034,10.554565,5.7760315,13.136383,7.9872437
2005-10-29,6.505188,13.605743,16.203949,6.409027,11.545776,5.5814514,5.219208,12.3029175
2005-10-30,4.713928,12.73114,14.851837,7.3031616,6.1825867,12.609772,3.1341858,5.906952
2005-10-31,4.3073425,12.080536,13.949799,7.416321,5.3098755,14.827057,13.437286,4.049408
2005-11-01,4.655609,9.950226,16.862366,14.547211,8.775635,11.318756,12.5433655,13.787231
2005-11-02,7.486023,10.302277,14.491516,13.313904,9.0035095,9.7899475,3.8569946,8.570465
2005-11-03,9.962585,16.056854,18.917816,13.776672,13.366089,14.106598,8.105438,5.41568
2005-11-04,9.297333,14.877502,12.616547,9.7916565,9.355072,20.648834,11.340332,3.5552673
2005-11-05,10.235596,12.8541565,11.19754,16.127808,12.437225,8.388092,14.7309265,8.885925
2005-11-06,14.424896,11.846863,10.846405,13.3272705,1.7381592,3.8883362,18.525665,4.7941895
2005-11-07,13.582733,8.477203,11.491852,9.086884,2.6671448,3.398346,16.371704,2.027008
2005-11-08,15.807617,5.782074,12.705444,8.884216,6.314026,5.8172913,10.95224,1.1349182
2005-11-09,16.136566,9.558319,14.436951,14.856445,4.139435,6.5084534,12.152863,2.8096008
2005-11-10,17.759552,9.349518,14.242859,11.433441,4.851227,4.235504,10.454315,1.7249451
2005-11-11,7.839508,10.07309,16.783997,6.6420593,5.3520203,6.5172424,9.707886,2.8199158
2005-11-12,9.209137,8.332977,17.130371,3.785431,8.511871,5.9945374,10.823578,5.2878113
2005-11-13,2.4855957,14.2612,15.157318,6.8895874,11.564423,4.2652893,11.703552,3.6786804
2005-11-14,2.4814758,11.752777,16.481293,4.230774,11.583374,5.6546936,6.4130554,2.039734
2005-11-15,9.5043335,10.458649,17.843262,4.023041,13.765747,7.8211975,3.9625244,1.2189331
2005-11-16,7.8957214,14.697418,14.403229,7.557556,15.959869,2.4691467,7.2530518,-1.0313416
2005-11-17,8.914246,17.906158,12.943054,5.2839355,10.476593,9.043121,9.978455,4.7360535
2005-11-18,7.6463623,13.478668,9.9817505,6.888153,1.9099121,8.22525,3.3695984,6.6956787
2005-11-19,7.9532776,8.933014,13.953796,3.2924805,6.403412,10.594635,1.3107605,2.4483337
2005-11-20,12.4097595,12.660339,18.205536,4.0910034,5.8983154,12.527496,5.302368,3.186798
2005-11-21,14.249054,12.393616,19.714813,7.1583557,2.996399,12.967194,8.03775,3.7640076
2005-11-22,12.789093,10.99707,12.671051,6.1705017,5.9942017,15.584869,7.005066,4.3219604
2005-11-23,1.571228,8.356781,12.126282,7.3329773,7.6829834,5.2013245,3.728485,6.113556
2005-11-24,-1.290741,6.0663757,14.69397,11.510925,4.217743,2.513092,4.8426514,11.689087
2005-11-25,2.7062073,6.0677185,11.29007,11.42804,1.5684204,0.80630493,3.2492065,1.0621033
2005-11-26,4.7033997,12.977966,12.627777,11.567169,2.9554138,1.0619202,3.9105835,-0.38793945
2005-11-27,1.8082886,16.069855,12.022766,14.813812,4.7757263,2.8939514,7.9651184,-1.9334717
2005-11-28,7.7583313,16.24289,12.712189,13.567963,-0.26898193,5.642975,2.3131409,0.94311523
2005-11-29,4.4248962,16.636627,6.8399963,9.171509,12.69278,1.1700745,0.3554077,-0.28155518
2005-11-30,0.42855835,12.087158,7.5056763,5.7152405,2.8695679,1.200592,2.8842163,-0.85302734
2005-12-01,-0.8114929,9.805725,3.0735168,5.3824463,-0.7344055,0.25039673,-0.087402344,-2.4436646
2005-12-02,1.7770691,7.0763245,6.9247437,3.7628784,2.7055054,5.886383,1.9679871,-1.6292725
2005-12-03,5.207611,4.261566,6.3117065,4.0133667,3.135498,13.701813,2.744629,-2.0854797
2005-12-04,-0.5609741,8.8785095,9.251923,3.4985046,2.8512878,3.1290588,0.6910095,-0.8420105
2005-12-05,-3.5820007,9.730408,8.5578,4.893219,0.7523804,-3.018402,2.9518127,-0.87283325
2005-12-06,0.64364624,8.700958,9.049622,6.758545,2.3902893,-5.0921326,0.5998535,8.743561
2005-12-07,0.14047241,12.667572,12.982025,12.441681,4.4901123,1.8841858,-0.62384033,-1.4433594
2005-12-08,-0.3267517,8.599091,16.76892,7.2622986,6.0743103,7.5990295,3.3207092,-1.3777466
2005-12-09,0.1680603,6.08609,10.888824,5.0308228,11.228119,13.124908,8.506714,5.190857
2005-12-10,8.824249,9.263519,8.560638,2.2105103,11.642822,12.142487,11.897949,-1.2081909
2005-12-11,10.799469,3.5990295,8.28009,2.2723694,14.1961975,2.1195374,12.758392,-0.39822388
2005-12-12,-4.424408,7.8183594,8.400726,2.884369,14.498138,0.43423462,0.7685547,3.9343567
2005-12-13,-2.6369934,1.2915955,11.682251,2.3374023,-0.029693604,-1.3399353,-0.4477539,6.6242676
2005-12-14,4.2170105,5.8001404,14.242676,0.88119507,-1.6960144,-2.0767517,-0.61203,1.6858826
2005-12-15,1.4863586,4.292816,13.463867,0.3062439,-0.5856018,-2.4319763,1.7680664,9.317657
2005-12-16,-2.4374084,10.799927,3.4123535,5.110077,-7.725189,0.40957642,-0.9337158,0.18649292
2005-12-17,-12.012024,13.634125,6.3868103,2.6929016,-6.4985046,5.2721252,-1.878418,-1.217865
2005-12-18,-12.666351,14.500702,12.577087,2.316925,-3.127655,8.729645,0.41851807,-3.111908
2005-12-19,-5.572418,8.039276,10.417603,8.315857,1.8066101,-1.433197,0.68292236,-7.9114685
2005-12-20,-9.944,5.46286,7.56131,9.946991,0.2024231,-3.351654,7.1784363,-5.753418
2005-12-21,-10.555817,3.4682922,6.1658325,3.1072388,0.3751526,-4.3746033,11.282562,-5.0102234
2005-12-22,-3.1682434,7.132782,7.113556,0.19198608,-2.3174133,-0.98202515,10.972107,-2.2739258
2005-12-23,-1.5092468,6.0906677,14.736267,-0.5075073,-7.448181,0.6065979,5.1849976,-2.9520264
2005-12-24,-7.8438416,5.129486,17.21466,-4.676819,1.8358154,-2.8113708,-3.0858154,-1.3048706
2005-12-25,-8.704559,-0.21206665,18.647003,-5.6774597,8.192993,0.34317017,-6.3801575,-2.5322266
2005-12-26,4.2020874,-0.29907227,7.6707764,-3.6568604,9.36911,2.4554749,-1.0500488,-1.5823975
2005-12-27,2.1950378,-1.3248901,4.5458374,0.9909973,-5.6412964,-3.4771423,0.87542725,2.0952148
2005-12-28,-0.6281433,6.4907227,8.253387,-3.557251,-7.9579773,-6.438324,-4.358551,4.787018
2005-12-29,-1.6493835,1.8166809,12.6067505,-11.388611,-13.4262085,-6.0013123,-4.101654,3.2589417
2005-12-30,1.9605713,-1.4161072,14.578125,-12.014374,-15.496216,-3.9375916,4.86969,0.13424683
2005-12-31,-0.4388733,1.6909485,6.3249817,-7.555237,-9.698944,3.332672,13.146698,-2.032135
2006-01-01,-5.1507874,-2.8605042,2.2722473,-1.6674194,-8.504242,-0.8946228,14.584259,0.011779785
2006-01-02,-2.3938293,-2.41568,7.683197,-6.045929,-6.4548035,-2.391693,2.263855,0.072143555
2006-01-03,0.18063354,-2.2193298,15.439362,-4.5292664,-7.1966553,-1.7874451,0.57901,-0.50408936
2006-01-04,0.42022705,-5.7828674,10.0520935,-10.338989,-9.271027,-9.043793,0.6175842,3.346466
2006-01-05,6.2654114,-1.1481628,6.3146057,-1.1803589,-8.881256,-14.683685,4.083618,-0.3038025
2006-01-06,-1.8014221,4.2762756,7.6035156,0.84936523,-6.2733154,-13.854584,13.471649,-3.825531
2006-01-07,-6.610626,2.7783813,11.110931,0.2902527,5.9617615,-11.431488,14.297272,-5.6848145
2006-01-08,-3.6098938,2.188324,12.017944,4.346161,-3.448822,-12.033295,12.678162,-1.7426758
2006-01-09,-3.1418152,2.4544373,16.018158,3.3220215,-3.4561768,-9.449799,13.792297,6.4934998
2006-01-10,-6.3034973,0.23788452,17.702026,0.4533081,-1.5035706,-11.63974,13.458069,6.3569336
2006-01-11,-5.927948,-1.2503052,17.623016,0.15618896,2.0311584,-9.711761,10.25589,0.49169922
2006-01-12,-0.19085693,5.937042,11.05719,3.3567505,3.6549072,-10.470551,4.321869,1.1339722
2006-01-13,2.6196594,8.056244,7.8995056,8.028564,0.13409424,-10.428558,1.7286682,2.0787964
2006-01-14,-4.0820923,9.824371,4.7666626,-0.66204834,-1.7298889,-7.0830994,1.9110413,-3.9124756
2006-01-15,-7.3506775,7.0760803,5.6385803,-2.637085,-8.77832,-2.1036072,3.9118652,-1.6054077
2006-01-16,-6.6054688,7.065277,2.1616516,-1.9439087,-8.6310425,6.8023987,1.7487183,-1.375061
2006-01-17,-6.3131714,5.8074646,2.1791077,-0.107788086,-11.85376,0.5086975,2.31958,-1.1065063
2006-01-18,-3.7469177,0.35757446,7.8945312,-0.36325073,-3.8962708,-2.943451,-1.8286133,-2.2208557
2006-01-19,-4.1719055,1.5550232,5.3687744,-4.634918,-4.7740173,-3.9085388,-2.43161,-1.2024841
2006-01-20,-3.3400269,3.771576,3.7587585,-2.5683289,4.7082825,1.1915588,4.3974,-3.4925232
2006-01-21,-1.499054,1.9915161,7.0635376,-3.3231812,6.130005,3.2984924,-5.8131714,-3.657196
2006-01-22,-0.9354553,-1.8326111,1.3710327,-6.371765,12.341614,-4.231781,-10.44046,-0.5820923
2006-01-23,4.736847,6.346222,5.1370544,-2.8121338,7.418213,-4.566742,-1.8517761,-1.5813599
2006-01-24,9.628937,5.801178,14.259399,-1.603241,4.3311157,-2.7708435,1.3245544,3.237976
2006-01-25,7.4254456,-1.8416443,18.027832,-1.1368103,1.9190979,-10.773529,3.425232,8.759216
2006-01-26,-0.91659546,5.468994,18.724854,0.8811035,0.507843,-9.418304,4.1184387,9.547974
2006-01-27,-7.083893,7.9912415,10.413025,2.269806,-0.7490845,-13.697601,6.020355,8.22525
2006-01-28,-8.460663,7.253723,3.3691406,-2.5121155,-6.8465576,-13.454926,1.8953552,4.2710266
2006-01-29,-5.416168,7.9725647,2.4874878,-11.2933655,-1.4828491,-11.004486,10.514069,2.738678
2006-01-30,-0.37561035,10.235748,-0.3843689,-4.2602234,1.1807861,-3.938568,7.832062,3.1428223
2006-01-31,2.3575745,3.0732727,1.165741,2.0657043,-0.6894531,1.4156799,-1.6122131,9.450684
2006-02-01,-4.0533752,3.3789062,3.967743,1.946228,-1.569458,5.8382874,2.2947998,1.3496704
2006-02-02,-2.5146484,7.303314,4.240204,5.87146,-1.5353699,5.761383,-1.2527466,-9.53006
2006-02-03,0.5519104,10.450714,6.853119,4.7721863,-2.7998047,2.9862366,-5.4381104,-6.330414
2006-02-04,-1.2105103,10.361298,11.757477,1.6372986,-6.2135925,4.3614807,-2.6872559,-4.444397
2006-02-05,-8.007446,6.789154,9.152954,0.31936646,-4.563568,10.412262,-1.018219,-2.9394836
2006-02-06,-4.5417175,5.1639404,4.0218506,-2.281372,-3.4543457,4.1390686,-4.5183105,-8.206512
2006-02-07,-4.9002075,0.71572876,4.1062927,0.28408813,-1.4384155,1.0848694,-0.79992676,-0.4119873
2006-02-08,-3.1610718,-1.2746887,0.63827515,-1.9818115,-0.9607239,1.4200745,4.9439697,0.9984436
2006-02-09,-0.27389526,1.5777283,3.7328491,-3.0631714,-2.2395325,-0.14755249,6.2487183,3.9510193
2006-02-10,3.6612854,2.290985,-1.1821594,-5.283203,-3.4118347,-4.905609,0.7774048,13.668457
2006-02-11,-5.80954,0.6573181,-3.128601,-0.6958618,-7.060211,-7.2222595,2.141449,4.435425
2006-02-12,-7.0257874,4.436981,0.022033691,-2.6719055,-3.087677,-9.625092,6.430542,3.0946045
2006-02-13,-2.8092346,5.6199646,8.187958,-8.59729,-0.6744995,-10.312836,7.3141174,4.8038025
2006-02-14,-1.0932922,9.370392,8.098389,-3.2891235,0.14654541,-11.580658,6.866394,-2.1759033
2006-02-15,5.4790344,9.547333,1.9170837,-5.4246216,0.65740967,-8.1753845,0.8803711,0.30041504
2006-02-16,-2.827362,3.584076,-1.8495178,-3.557312,0.6678772,-4.785492,2.444336,4.542938
2006-02-17,-5.898285,5.8841248,0.49325562,-2.9753723,3.7271423,-6.303314,10.286346,13.731415
2006-02-18,-1.746521,6.1802063,4.0292053,-0.54281616,6.289734,-5.2930603,6.1068726,5.9429016
2006-02-19,1.5486145,6.4396057,9.178986,-0.71972656,2.2024536,-8.618256,-4.157013,0.8584595
2006-02-20,2.2471619,3.882721,2.493744,2.6984253,0.6829529,-8.943207,-5.7492676,-4.3129883
2006-02-21,-0.5152893,2.8287659,-2.7724915,2.1939392,2.0088806,-4.2010193,-1.3847961,2.8959656
2006-02-22,-1.4075012,4.406769,-0.21936035,5.926056,9.591248,-3.9786072,-4.822754,4.515045
2006-02-23,-3.9165955,7.588501,-3.5628052,5.1925354,2.1055908,-2.7164001,-4.0415344,-3.3482666
2006-02-24,-5.9845276,7.3472595,1.0822144,2.526886,-0.2909546,-0.039642334,7.2023315,-1.0539551
2006-02-25,-7.4170837,7.6947327,-3.149994,4.0021667,1.0890503,0.88272095,-3.7232666,1.1866455
2006-02-26,-5.5813904,7.0592346,3.8070984,6.3502502,-3.9151611,1.2899475,-13.412048,6.4198
2006-02-27,-6.7117615,9.73764,5.056183,4.4241943,-3.5726929,-0.5213318,-9.0381775,1.5088806
2006-02-28,-6.611664,10.190369,1.6001892,2.4120789,-3.1862183,2.6915588,3.4597778,-3.5466614
2006-03-01,-3.452179,10.049316,-0.87197876,8.376465,-1.2383728,4.077057,8.70932,0.6152954
2006-03-02,-0.08279419,11.413696,1.083374,7.7175293,0.88204956,-1.3282166,1.683197,1.6289673
2006-03-03,-0.29171753,5.2240906,7.34906,6.043396,-0.3807373,-9.235687,0.070495605,-0.011505127
2006-03-04,-0.16104126,4.5742188,11.684906,12.209137,-8.103638,-8.814789,-3.7508545,1.9060364
2006-03-05,3.9430847,4.2572327,10.699493,7.1064453,-9.134552,-3.8992615,-1.532074,3.3215637
2006-03-06,1.9087219,4.9362183,3.6278381,10.11441,-7.6187134,0.973053,5.528076,3.8140259
2006-03-07,0.17068481,3.0626526,6.622772,3.691803,-0.0418396,0.6307678,10.024414,2.6109009
2006-03-08,0.0942688,-2.1334229,11.197205,2.4651184,-1.0130005,-0.45394897,4.9521484,2.965393
2006-03-09,-1.7000427,-0.89419556,4.808319,4.9307556,-6.6417236,-5.1858826,10.742126,-0.69921875
2006-03-10,-3.4952698,8.941559,3.9573975,8.948578,-8.934692,-10.117035,17.735443,-0.37268066
2006-03-11,-2.638092,1.4554138,8.747498,11.680054,-2.3802185,-5.136322,17.97519,-0.21582031
2006-03-12,-0.60446167,-1.2204285,13.04837,5.708832,6.310913,-4.1614685,15.050232,-4.3928223
2006-03-13,-0.6553345,8.71994,8.877441,7.1066895,1.1416321,-4.4717712,17.136108,-2.6151428
2006-03-14,-0.31710815,2.7548523,8.509918,7.113678,-5.384186,-3.5782166,11.248444,1.2723389
2006-03-15,0.89175415,1.9415588,8.859772,8.221222,-6.6502686,-0.48519897,2.4164124,3.0821228
2006-03-16,0.14840698,9.349518,10.747009,12.001526,-1.7894592,2.2098694,4.4601746,8.398956
2006-03-17,1.5035095,10.806061,5.9240723,3.7542725,-5.979889,1.2557678,13.206451,0.93032837
2006-03-18,6.7936096,10.3090515,6.372162,10.775604,-5.192932,-5.976166,2.24234,3.7734375
2006-03-19,6.2880554,9.443512,10.978516,11.147461,-5.2297363,-7.702484,2.0115662,4.393463
2006-03-20,12.698761,10.489777,14.127533,5.7251587,-3.7476807,-1.3963318,8.283905,1.5483398
2006-03-21,3.1949463,10.407043,11.599487,3.4802246,-5.689728,0.250885,12.814972,4.5987244
2006-03-22,2.0730286,11.70163,2.4878845,4.24469,-6.2133484,2.3050842,8.738953,9.7586975
2006-03-23,7.645935,11.090546,8.580872,8.867859,-5.3790894,2.2772522,17.670776,3.9128113
2006-03-24,3.1646729,12.379059,16.178436,15.628723,-0.9315796,2.0585022,19.119354,3.7189026
2006-03-25,4.230713,10.645935,14.348694,17.161835,-0.30023193,1.6427307,21.080322,11.988922
2006-03-26,4.1687927,6.608795,7.9295654,16.898102,6.973877,-0.5401306,19.087921,8.494598
2006-03-27,8.5946045,4.379425,9.6119995,9.740509,5.8743896,-2.4751892,7.768585,2.2848206
2006-03-28,11.655792,8.536652,7.345703,6.4045715,0.07324219,-1.3777771,9.053986,6.432434
2006-03-29,3.6550598,12.125427,13.778412,2.2107544,-0.6004944,-0.51937866,13.665222,13.430084
2006-03-30,-1.5579529,11.68396,13.213898,1.9472046,0.15771484,0.9857483,18.923645,14.921417
2006-03-31,-2.7285461,11.639496,10.685455,4.7050476,8.970978,1.3797913,10.451813,12.862091
2006-04-01,-1.077301,10.556244,14.262878,5.5344543,12.904022,2.684723,15.285858,14.925659
2006-04-02,-0.6107483,10.956848,16.909698,8.252991,7.7345886,3.7916565,9.011932,6.6763916
2006-04-03,1.1805725,10.942688,17.203674,11.655792,9.916016,8.826813,5.7135925,6.5443115
2006-04-04,1.6429749,10.318359,14.846466,8.815887,4.2899475,6.0499573,9.741547,12.833069
2006-04-05,4.7424927,11.385651,12.247589,9.33197,1.122406,4.844635,8.783386,5.302765
2006-04-06,9.995941,7.612152,17.794891,8.88208,1.7542725,5.2706604,5.3529663,3.8640442
2006-04-07,5.813446,8.131256,15.4747925,1.2211304,2.8078918,5.613922,5.334076,3.7388306
2006-04-08,3.3792114,9.493561,14.443939,0.41766357,7.868164,5.183502,5.927704,3.3957214
2006-04-09,5.673126,10.816864,12.599152,4.5391235,5.005188,5.979645,3.8392334,6.4396667
2006-04-10,3.8841553,10.307922,10.600189,4.484131,2.31604,6.6629944,5.8461,10.315887
2006-04-11,7.0382385,7.8385925,7.536133,10.657288,5.9344788,6.2015686,10.121399,12.399597
2006-04-12,7.6931763,5.1088257,6.605652,7.4150085,8.910614,6.5089417,4.9200134,6.1627197
2006-04-13,11.199493,5.3298035,11.542603,7.471161,12.252747,7.815094,0.39382935,2.5333252
2006-04-14,13.115631,9.349243,14.689758,8.840179,17.117615,9.325104,2.7602234,3.5187988
2006-04-15,6.099457,10.503235,10.2247925,8.900726,16.071106,9.929596,7.297638,2.97464
2006-04-16,8.968323,8.667358,13.375549,7.3728027,5.444702,10.024078,11.171448,1.9563904
2006-04-17,13.2604065,8.781769,15.974426,11.6441345,7.0980835,9.564362,13.587585,3.7269592
2006-04-18,14.991486,7.7355347,14.001801,16.062134,13.276794,10.736725,12.642487,4.702423
2006-04-19,16.776398,6.2877502,12.761902,15.384216,10.789093,13.510162,3.8867798,6.93631
2006-04-20,17.732758,8.272125,13.221832,9.211975,2.6682434,10.116852,7.0739746,6.4338074
2006-04-21,15.691376,10.994232,18.179504,8.353851,1.5116577,8.12442,11.986511,11.195129
2006-04-22,20.269928,8.6553955,14.810242,10.367523,2.4808655,6.1913147,17.51413,13.774384
2006-04-23,18.814789,8.572723,12.142853,10.010956,5.5329895,7.627838,19.209747,15.0989685
2006-04-24,9.376801,9.466827,12.318665,14.573395,10.1901245,7.9598694,17.296661,14.560211
2006-04-25,12.208527,11.844635,15.009644,14.225067,8.874603,10.245758,9.958862,16.978699
2006-04-26,10.102142,9.544281,19.452637,12.971924,7.1046143,13.452789,9.046173,8.885193
2006-04-27,10.800018,8.637482,17.049164,12.3689575,9.691589,9.918121,8.2673645,8.220001
2006-04-28,10.552155,8.499023,11.343689,13.306946,18.618317,10.637848,12.540314,8.778564
2006-04-29,7.192688,8.961029,9.736328,12.117554,19.311981,10.013092,12.036377,9.193726
2006-04-30,6.8315735,11.694183,11.32547,11.461975,17.916168,13.54776,14.535645,8.77417
2006-05-01,8.1718445,10.138367,18.823914,13.633087,13.453186,13.19693,15.63028,8.143616
2006-05-02,9.759552,8.408539,13.764252,12.135376,12.442902,11.346344,15.229462,10.168823
2006-05-03,12.250824,9.710846,13.946716,11.385925,13.555298,7.6161194,16.213593,9.715668
2006-05-04,16.46463,10.768951,15.895874,11.483765,13.584076,8.214264,16.517548,14.062073
2006-05-05,18.366974,11.899567,18.425018,13.164581,14.745697,10.398346,11.427002,9.727081
2006-05-06,17.537872,11.340057,15.754639,14.847931,15.026886,13.444,14.91687,8.131256
2006-05-07,9.353424,11.145599,14.37854,14.777832,13.517975,15.44693,15.873108,9.147614
2006-05-08,13.330627,11.852936,15.906921,13.269226,13.067108,13.121002,19.171417,10.1571045
2006-05-09,17.1409,11.206329,17.110352,14.030365,11.930206,11.37442,9.8767395,10.578247
2006-05-10,17.418,11.641602,18.438751,12.700714,12.362091,12.536285,13.44873,14.589752
2006-05-11,13.25235,10.54361,21.59607,11.710297,17.352112,12.714264,17.259735,10.916046
2006-05-12,8.410278,11.089996,20.105347,14.71933,10.424042,14.300201,12.743988,8.394623
2006-05-13,10.684784,12.805084,16.911377,15.759888,11.937958,16.875397,7.4973755,10.87384
2006-05-14,11.619843,13.155975,14.804443,13.737366,14.500458,16.768219,9.871704,12.698425
2006-05-15,12.691437,11.36377,14.599548,13.768738,18.835022,15.0868225,11.636444,15.405609
2006-05-16,13.62616,12.683014,17.23471,16.603851,18.112427,17.84317,9.277924,7.623413
2006-05-17,15.097961,13.021759,19.230286,17.855896,17.69339,18.97818,13.813843,10.590271
2006-05-18,17.887848,12.254974,20.962982,17.124725,20.766144,15.230377,16.342743,10.932159
2006-05-19,15.021881,11.693512,21.268158,17.451965,20.404999,13.953278,19.621155,13.6215515
2006-05-20,12.908783,11.652496,18.354462,17.163788,22.548004,12.695953,22.542053,15.303284
2006-05-21,12.5486145,11.764191,17.646149,12.663696,22.402771,12.299713,16.39209,17.227264
2006-05-22,11.932831,11.61795,18.480225,15.223389,22.334167,13.936676,9.852478,15.891907
2006-05-23,13.71637,12.591888,19.681885,17.15451,20.745483,16.030182,12.6409,14.657898
2006-05-24,15.023041,13.343475,21.63861,17.103516,20.433075,16.355377,17.14151,15.607208
2006-05-25,18.11734,13.094513,21.234802,17.565857,20.62976,17.492096,17.474884,19.100983
2006-05-26,20.667816,13.512238,17.406158,17.889465,17.231049,15.904449,15.086121,16.64447
2006-05-27,21.118622,13.896027,17.690918,19.467438,12.41922,14.8714905,15.945526,16.44104
2006-05-28,20.25119,13.775665,21.923767,19.357513,16.673126,17.568268,17.5513,15.820435
2006-05-29,17.209503,12.799683,23.40149,18.35971,8.91452,18.004303,14.8098755,14.934082
2006-05-30,17.06314,14.086365,21.473602,18.118225,9.025391,18.230865,17.604523,18.290344
2006-05-31,16.890656,13.465759,18.15802,19.974396,12.039368,17.999176,19.282288,19.991669
2006-06-01,12.126068,13.962982,18.20697,18.555054,12.931702,17.90689,19.165161,20.711853
2006-06-02,11.667786,14.632996,18.218414,18.696777,13.1171875,14.370026,17.68457,22.493011
2006-06-03,13.631226,14.768921,20.655365,18.865082,13.909149,14.139557,15.114502,17.299316
2006-06-04,16.393494,14.937988,21.693848,19.865448,16.615784,15.171295,16.678406,14.712006
2006-06-05,15.224091,15.339325,20.996582,19.807281,21.152435,15.424957,18.3396,18.004425
2006-06-06,17.88617,14.310272,21.925262,17.931427,21.884369,15.325348,15.185608,20.72583
2006-06-07,21.465118,13.685028,23.565063,18.624908,19.999634,15.443756,13.406006,21.964508
2006-06-08,22.944489,13.426544,21.094757,17.549438,19.521545,18.495026,14.91629,21.387238
2006-06-09,24.1315,13.492401,19.374603,17.363983,21.0831,14.816803,14.779144,21.803955
2006-06-10,25.404388,13.5034485,19.848267,20.479523,21.80603,16.475739,15.214386,21.558441
2006-06-11,24.97055,14.548553,19.973755,18.901031,23.291199,19.356598,17.290375,21.572021
2006-06-12,24.104584,15.477112,23.382355,18.939972,23.6969,21.355133,19.760406,16.670746
2006-06-13,23.193756,15.793304,23.880493,16.61145,23.528992,20.05606,21.798645,12.894653
2006-06-14,23.516144,14.365326,25.010986,18.162384,23.006805,20.086334,23.903168,12.098511
2006-06-15,23.295044,15.245911,24.621338,19.98471,23.730865,20.26529,24.01175,15.711853
2006-06-16,20.903473,15.674774,23.410156,20.748322,24.18039,23.673004,22.014313,16.169556
2006-06-17,20.023834,16.014252,21.772491,21.252045,24.054321,24.651031,19.602081,15.332397
2006-06-18,20.23056,17.093506,21.474823,20.688965,24.843445,25.947418,22.826874,15.458588
2006-06-19,17.555206,17.7341,22.218597,21.045593,25.055237,25.855621,22.020844,17.286987
2006-06-20,17.32486,17.2919,23.261871,20.558655,23.615906,25.775055,20.044342,19.19217
2006-06-21,19.223755,17.096405,20.459473,21.635956,24.44632,25.722565,22.153046,21.341858
2006-06-22,17.876617,17.257172,19.819275,20.970703,24.222961,25.083893,18.890778,22.804016
2006-06-23,16.388397,17.54065,20.511536,21.394775,20.289062,24.609772,20.973358,23.506622
2006-06-24,18.304962,17.740417,21.627716,23.67743,20.18869,24.64029,23.034058,22.758087
2006-06-25,20.621857,17.891693,22.412415,23.946136,23.176605,25.233551,27.032928,16.501038
2006-06-26,22.121613,18.181793,23.416779,25.419403,25.490295,25.774323,25.421356,17.747986
2006-06-27,21.868439,17.664032,24.895905,24.896027,26.465546,19.259674,21.949524,18.998566
2006-06-28,22.324066,17.363373,25.178894,24.825378,25.602692,16.126617,18.71643,15.96933
2006-06-29,24.540222,18.22696,26.367218,23.758667,25.174103,16.732819,19.14743,15.057129
2006-06-30,20.96408,18.006714,26.648773,23.012909,24.001587,22.174957,20.374664,16.506256
2006-07-01,19.212494,18.36203,26.637451,21.096863,20.6633,22.481354,23.587982,18.093842
2006-07-02,21.0419,19.329926,24.777954,20.683228,23.215363,21.021393,24.292603,22.216003
2006-07-03,21.530487,20.026154,24.904663,22.914429,24.313324,20.481842,16.665192,20.894867
2006-07-04,23.225739,21.329254,24.162567,22.573486,23.461182,18.217438,14.459991,18.516174
2006-07-05,24.532806,20.470276,23.585388,23.102753,22.52475,17.368317,16.679932,20.09491
2006-07-06,23.007751,19.592255,23.0047,22.962463,21.89325,21.188873,20.000854,20.426788
2006-07-07,21.615479,20.076416,23.3013,22.336853,22.935547,20.688385,19.9747,21.74231
2006-07-08,21.927948,19.537964,24.235596,18.820435,23.796082,21.290924,20.470367,20.86029
2006-07-09,23.952972,19.625214,24.966248,19.65802,25.261902,20.53238,22.931213,21.065979
2006-07-10,23.516449,21.250122,24.744781,21.258545,25.763641,22.069733,23.589111,22.355835
2006-07-11,25.425568,21.880768,25.205841,23.117065,23.679535,22.144684,21.946106,21.470367
2006-07-12,23.26059,20.835602,25.66278,22.31128,23.293945,23.582916,17.6716,20.593658
2006-07-13,22.276306,21.462616,25.912994,24.410858,23.898163,22.900543,18.206085,21.770172
2006-07-14,24.67566,21.631744,25.330688,24.194885,24.305328,22.271637,20.271301,21.320648
2006-07-15,24.627197,21.910126,25.491974,25.437988,25.749786,22.217926,22.2612,21.137848
2006-07-16,25.377014,22.659271,25.166931,24.740784,25.450104,22.504791,23.243042,22.608215
2006-07-17,27.527893,23.295074,24.880737,25.091522,25.343506,22.205719,25.692108,23.41507
2006-07-18,28.10019,22.237335,25.233643,23.123383,26.499115,18.632965,25.481781,23.595856
2006-07-19,25.73819,23.879425,25.230286,22.328125,25.218018,17.501617,26.715546,23.979034
2006-07-20,22.688599,24.27658,25.140533,22.229218,26.388184,18.86026,27.401642,23.942902
2006-07-21,23.56253,23.557037,26.207855,24.082397,25.215363,18.590729,26.257538,24.781677
2006-07-22,23.227203,23.094757,28.557434,23.793915,24.565613,19.699127,25.009796,24.705353
2006-07-23,24.74289,23.103912,26.171814,23.420654,23.99347,18.69107,23.670532,23.947754
2006-07-24,22.374664,23.394989,24.972137,21.440094,24.922424,20.425446,23.373322,25.118011
2006-07-25,22.630524,23.53128,24.422394,23.561462,24.190552,20.895172,24.23172,24.794708
2006-07-26,26.774628,24.05606,24.737091,23.827515,22.957031,18.404938,24.82074,25.158966
2006-07-27,26.990234,24.008392,25.27478,23.89502,24.566162,20.92276,21.533112,24.796417
2006-07-28,26.451202,23.990051,26.20819,24.210327,28.978882,22.873932,19.452484,24.495361
2006-07-29,24.112885,24.606598,27.359467,24.18753,29.100464,24.392975,21.161133,25.389832
2006-07-30,23.79599,25.060822,26.578156,24.24054,27.919952,25.204987,23.1268,22.150635
2006-07-31,25.276154,25.486176,25.532623,24.493439,27.105164,23.549957,23.750732,20.68692
2006-08-01,22.734344,25.085968,25.444641,23.198395,26.177185,23.03067,24.606262,21.63739
2006-08-02,22.043427,24.830963,25.12207,23.942047,25.541748,22.107819,25.415436,25.07611
2006-08-03,23.462738,24.737701,25.474731,23.631805,24.927002,22.59903,24.587921,25.904114
2006-08-04,24.230743,25.621857,26.44989,23.813354,24.525146,22.620758,23.745087,26.23175
2006-08-05,25.65622,25.854431,26.787659,22.394196,24.484863,20.680573,24.730255,25.673004
2006-08-06,22.17746,25.834442,25.43509,20.765503,24.519775,21.200836,24.871674,26.103607
2006-08-07,20.924774,25.07071,25.003906,20.064423,23.587036,23.875153,24.59851,24.52237
2006-08-08,21.710602,25.46637,25.072845,20.185028,24.651855,19.872223,24.979462,18.942444
2006-08-09,22.692291,24.310059,25.312164,21.132324,24.795135,18.845123,24.358215,18.36557
2006-08-10,23.43988,22.956116,25.732666,20.031128,24.64972,21.069,20.622955,18.225555
2006-08-11,24.849121,21.760345,25.303009,20.415802,23.07257,18.759186,18.74643,19.262177
2006-08-12,25.877838,22.213654,25.346191,21.92691,24.725403,18.882477,18.362915,21.410522
2006-08-13,25.310455,23.332031,26.280518,22.819733,23.8255,22.907867,19.10733,22.523499
2006-08-14,24.415985,23.536133,25.418182,22.639038,22.957214,22.221832,20.95279,23.73883
2006-08-15,24.201263,23.900055,24.256104,21.920532,24.352661,20.800201,24.529297,23.428131
2006-08-16,23.90857,24.310669,25.178528,22.445679,26.047546,21.140045,23.991272,24.253082
2006-08-17,22.27237,24.656769,26.013184,23.031067,27.516602,23.578278,22.94516,24.760468
2006-08-18,21.880127,25.006561,27.411743,23.745209,27.287445,21.922028,23.527313,19.451233
2006-08-19,22.595093,25.784943,29.22467,23.658844,27.096832,22.080963,24.302795,16.789429
2006-08-20,22.73996,24.353607,28.711426,22.396942,27.151093,26.100739,25.004028,17.26471
2006-08-21,23.318756,23.45816,25.8479,20.700958,27.188019,25.300201,25.736694,18.066315
2006-08-22,19.743073,24.216217,25.793304,19.916687,25.95169,22.164703,24.913574,18.834656
2006-08-23,19.45523,24.856781,25.251526,21.632477,25.908234,20.500885,23.284668,23.145111
2006-08-24,20.587555,22.764221,24.543304,22.859558,26.854248,24.641022,23.234741,25.621552
2006-08-25,20.821777,23.311493,25.100739,22.567871,29.015625,26.460602,23.427612,20.99292
2006-08-26,22.418457,22.184113,24.688232,21.555725,26.33783,26.332428,22.918823,17.65384
2006-08-27,23.762482,23.106537,25.153656,21.146576,26.807465,22.736725,19.140778,15.655945
2006-08-28,24.54129,24.833466,25.573639,20.446503,24.429749,18.5419,17.246246,21.153687
2006-08-29,25.394196,21.096283,25.576233,21.143433,24.638855,17.503326,19.896332,20.651855
2006-08-30,24.862366,20.656342,20.72818,20.23819,25.512238,19.308014,18.680511,20.78952
2006-08-31,21.967926,21.571564,20.923737,20.752777,20.502869,21.358551,19.700592,22.824738
2006-09-01,21.864136,22.974976,21.398102,19.406311,19.358795,22.006744,17.418762,19.767853
2006-09-02,24.204468,22.311005,22.160248,21.300568,22.000336,22.03775,14.8403015,14.715637
2006-09-03,24.524872,20.188385,23.496185,20.47992,21.243896,19.123932,15.364105,15.414429
2006-09-04,24.848236,22.412079,24.043915,20.133484,22.391632,20.062897,17.187134,16.147156
2006-09-05,22.239136,25.32013,24.26413,19.206085,26.031128,21.47818,17.219208,15.806305
2006-09-06,23.529388,24.910614,24.690063,18.500458,19.863495,23.289215,19.341125,17.076752
2006-09-07,19.959229,24.993774,25.49121,18.473297,20.980682,25.085358,20.70282,17.782867
2006-09-08,22.379791,23.390015,23.710419,18.700714,24.206879,23.694244,20.111786,15.782837
2006-09-09,26.308197,21.75232,22.11499,17.910492,20.620392,19.577301,17.88913,15.767242
2006-09-10,21.64981,20.226257,22.67752,16.852386,19.65805,17.7919,17.950989,17.300873
2006-09-11,20.12381,21.631683,24.011536,17.404144,23.118774,18.326569,19.22348,17.775635
2006-09-12,20.55661,21.402191,24.612946,14.679749,25.638184,20.262848,19.000488,20.481903
2006-09-13,21.327118,21.67807,24.904205,16.741516,21.317688,19.824615,19.165222,16.894348
2006-09-14,23.570465,21.043121,25.02069,15.729095,15.452026,20.679108,20.208435,17.220306
2006-09-15,24.965393,20.384186,25.089783,16.624237,17.556915,22.406647,15.989716,17.235413
2006-09-16,23.616364,21.165009,24.665253,14.852509,19.090332,22.884918,14.47287,18.09732
2006-09-17,19.475006,21.864227,24.585175,16.227264,20.298279,21.970612,15.77005,17.075836
2006-09-18,21.073883,22.059662,24.161743,16.303497,18.27948,20.585358,21.029419,18.165741
2006-09-19,23.524078,20.498444,25.072052,16.780945,18.401611,21.083405,20.489838,18.097351
2006-09-20,21.631317,20.841705,25.241638,16.894043,21.321655,18.479156,16.204956,18.915222
2006-09-21,19.173492,20.674683,21.960022,17.211395,23.3909,14.680084,16.34549,19.502563
2006-09-22,19.521942,21.764923,19.309479,16.907562,23.5961,15.860016,21.562225,18.650879
2006-09-23,16.554962,21.768097,20.037384,15.873993,24.41333,18.578033,20.969635,18.487335
2006-09-24,18.839264,22.266449,21.527435,16.717224,17.115112,19.022858,18.67276,13.746765
2006-09-25,22.629364,21.947357,21.511688,16.85205,14.060486,19.230377,19.322998,11.688629
2006-09-26,25.679596,17.965424,21.973755,16.995087,16.133667,19.256989,20.681458,13.360962
2006-09-27,22.394928,16.744904,22.848846,18.079407,19.429626,18.986725,18.61969,12.343353
2006-09-28,24.311066,14.544403,23.551239,19.164795,17.456451,19.357819,21.312317,12.397736
2006-09-29,26.57013,16.788422,23.330505,16.225372,15.481873,19.256989,20.740967,17.714722
2006-09-30,21.551544,20.546478,23.621246,14.214752,15.547516,19.162506,18.739136,14.043488
2006-10-01,17.235443,21.5784,23.862396,14.959625,13.704987,18.22525,13.218689,19.08191
2006-10-02,16.38974,20.75354,23.610077,14.657379,13.267029,19.84024,15.514893,21.151428
2006-10-03,15.476776,20.048096,22.546661,16.18457,14.964081,17.217682,17.686432,20.475037
2006-10-04,17.54071,21.955536,22.413818,16.105347,17.31659,20.065826,18.579407,14.443878
2006-10-05,17.004242,17.416687,23.244843,13.191284,14.67984,21.811432,18.362549,8.810791
2006-10-06,16.827606,16.06662,22.510834,10.297638,13.022003,21.33902,20.12857,9.842255
2006-10-07,15.392303,17.238007,22.656006,7.9863586,11.7899475,18.599274,15.9019165,13.470184
2006-10-08,16.959076,20.214813,22.94226,10.62854,11.10498,20.01773,8.06778,16.209564
2006-10-09,14.1319275,22.032806,17.789185,11.7960205,14.304932,20.919342,15.409332,10.3368225
2006-10-10,10.979095,21.388336,16.000214,11.258942,17.016937,15.72525,18.040619,7.5357056
2006-10-11,14.514252,18.883545,19.70813,12.205811,17.580292,13.957916,16.837494,8.033203
2006-10-12,12.429596,22.418304,16.661713,11.811127,19.540161,12.771881,20.377655,8.7083435
2006-10-13,12.307159,23.46408,14.115662,11.9522705,20.57846,13.703278,14.015961,7.4854126
2006-10-14,13.370239,19.180328,15.670349,11.900085,21.393219,12.97818,8.795288,12.139679
2006-10-15,14.649963,17.079071,18.523468,11.619324,20.59143,13.546783,10.765045,9.484985
2006-10-16,13.679474,21.432587,13.223419,9.793793,14.508881,15.312164,10.275085,8.648621
2006-10-17,13.320648,19.865051,14.311066,13.810883,15.748535,18.435211,7.5,8.2146
2006-10-18,17.856384,21.7966,16.033142,17.05365,20.829773,14.097321,7.684021,10.440308
2006-10-19,20.159943,15.606415,17.853271,15.286499,21.870667,8.690582,9.311462,12.208252
2006-10-20,19.126099,17.046356,16.583405,13.5355835,21.165924,6.324127,9.751892,13.727905
2006-10-21,10.231415,17.45047,19.024536,13.694794,14.882599,12.368805,11.846222,16.558167
2006-10-22,5.658966,15.249268,15.105988,13.358643,14.55069,17.391022,11.322113,15.384094
2006-10-23,3.6932068,14.685181,12.95813,12.317444,17.947968,16.389557,12.91507,14.333313
2006-10-24,7.8194885,15.187683,12.655518,13.051483,20.398315,5.0157776,17.963196,8.439972
2006-10-25,12.402435,17.310852,12.128479,11.473541,11.861725,5.790436,17.25946,8.229858
2006-10-26,13.40744,16.094666,14.529327,12.899872,7.7470093,4.4669495,10.723145,8.294678
2006-10-27,15.892731,11.445068,13.706482,12.575378,9.406769,4.644684,12.236237,4.7443237
2006-10-28,18.69107,13.103607,10.459656,10.871826,12.274078,7.2479553,19.273071,4.209076
2006-10-29,18.606537,17.957062,16.460022,12.604919,13.727051,14.680817,15.601013,4.3738403
2006-10-30,17.006622,13.706451,16.978241,7.9394836,11.570221,16.014801,7.715454,8.759735
2006-10-31,12.580841,15.068909,11.735016,8.261688,10.13443,15.913971,9.535034,8.132324
2006-11-01,10.671478,18.34262,11.448303,11.166565,10.755707,15.204742,10.804779,3.5658875
2006-11-02,3.0805664,19.073273,12.531342,9.65033,11.832947,10.98111,12.349884,13.855835
2006-11-03,4.3979187,14.064728,13.811676,9.956299,14.360138,11.688873,8.957916,14.319733
2006-11-04,3.3611755,18.92334,12.717529,10.215149,8.056732,15.842438,9.18866,15.363251
2006-11-05,2.4346313,12.728485,10.663849,5.121063,8.651306,16.93985,12.356537,13.4487915
2006-11-06,3.2563171,13.053314,13.094635,5.833008,7.6974792,11.792877,6.3511963,7.6183777
2006-11-07,3.1004333,11.413544,15.8064575,5.7780457,6.5107727,8.068512,1.4776611,9.77597
2006-11-08,10.182159,9.758209,11.3628235,3.9702454,6.6300964,4.5711975,1.7702332,12.300964
2006-11-09,4.525421,10.993317,11.91449,3.4467468,6.51593,2.058014,3.4525452,3.513214
2006-11-10,3.2102966,11.184845,16.549072,3.9243774,2.4718628,2.3666077,4.8238525,-0.44406128
2006-11-11,9.826538,11.450409,18.323822,8.004089,4.4284973,4.6285706,5.797577,1.5874329
2006-11-12,8.835114,8.901642,13.330963,11.325134,8.30603,5.476227,8.917908,4.57605
2006-11-13,12.505463,11.935577,12.110199,8.698273,4.5115967,13.6197815,4.414154,3.335266
2006-11-14,14.563934,11.739227,12.327576,7.5751953,3.8745422,6.813629,4.33432,4.6539
2006-11-15,6.61203,10.153107,14.797943,8.719208,1.8883362,1.7867737,14.089691,2.6982727
2006-11-16,5.03183,14.0815735,19.52124,10.805206,0.2281189,2.1400452,14.972717,4.874115
2006-11-17,7.03421,9.396576,19.58252,14.299988,-0.49475098,6.6947327,8.953705,6.215454
2006-11-18,4.459198,12.804962,12.421448,12.673279,2.2365417,11.014069,6.788147,6.7862854
2006-11-19,5.726837,14.912079,11.654785,10.468628,4.6934814,17.337067,3.9585876,3.530365
2006-11-20,9.597992,8.469696,12.592163,18.185394,2.2904053,15.211578,6.3805847,2.3977356
2006-11-21,8.597504,10.460083,15.776123,12.144409,4.860199,5.851959,8.843597,10.884094
2006-11-22,4.62265,12.820007,11.510986,6.4749146,6.469879,1.099762,13.854797,6.130371
2006-11-23,2.2671204,8.369049,13.119904,7.7037964,-0.23013306,1.32901,16.127228,4.0716553
2006-11-24,2.595398,4.1514587,9.844879,7.6395264,-0.9562073,6.299469,10.727417,10.235168
2006-11-25,3.5567017,10.3461,7.3997498,5.1733093,-1.9427185,13.740875,3.9560852,6.6941223
2006-11-26,3.4137573,12.568756,6.1600647,4.994934,-1.4898987,12.194244,3.6459045,3.649292
2006-11-27,3.1319885,9.78653,12.71283,6.272766,-0.2394104,6.863922,5.2721863,6.562317
2006-11-28,-0.52511597,7.1145935,15.136322,10.18454,3.813385,9.771637,7.4792175,2.0310059
2006-11-29,-2.658905,6.452484,16.942474,6.732971,4.501526,9.944244,9.507019,0.8194275
2006-11-30,0.45855713,4.798828,6.2638855,3.5409546,9.78598,15.302887,9.116638,3.5852966
2006-12-01,5.0437317,5.524872,6.527893,2.748932,5.0200195,4.0438538,8.90918,11.322845
2006-12-02,5.7600403,8.048279,11.002472,-2.058899,9.069153,2.507721,16.297058,4.147339
2006-12-03,10.194122,8.36853,6.2381897,-0.84957886,14.382751,2.9984436,10.484772,1.9944763
2006-12-04,7.4236145,9.691772,8.219147,1.2186584,4.014923,15.474518,3.3010254,4.6740417
2006-12-05,9.85202,11.763763,8.323608,2.1819458,3.366455,7.0052795,1.4800415,5.365631
2006-12-06,5.663971,10.409515,2.5507507,1.7483826,5.5687256,8.119049,0.21664429,2.3500671
2006-12-07,2.282898,7.4969788,4.27713,2.3017273,12.50235,11.788483,0.97702026,3.6462097
2006-12-08,-0.6816101,4.146759,4.317505,7.66922,0.46118164,8.16275,-2.0263367,2.684967
2006-12-09,-3.014923,3.2789001,5.093811,10.681976,-3.2463684,-0.797699,-4.7541504,5.3210144
2006-12-10,-0.5088196,7.104767,10.010284,5.1118774,3.7070312,1.8124084,-3.1083984,5.7132263
2006-12-11,-2.9341736,6.031769,4.0374756,8.135132,9.979645,6.754059,-1.2498779,-1.6646118
2006-12-12,1.036499,11.466461,1.8003845,6.610382,10.399811,8.937653,-4.269806,3.3779602
2006-12-13,3.176117,14.375397,2.3001099,-1.1401062,15.925232,3.3402405,-5.2594604,5.416321
2006-12-14,2.486145,10.464996,4.232605,-3.1262207,2.5313416,-0.037200928,-1.8132629,-0.9490967
2006-12-15,-3.0678406,8.975922,5.8934937,-3.493805,0.48727417,2.5209045,0.4133606,-1.99823
2006-12-16,-4.068634,9.765533,2.815857,-1.7164307,0.010559082,12.907867,0.86553955,-1.7464905
2006-12-17,7.5741577,10.915649,2.2310486,-6.6311646,3.6625977,3.0782776,1.3578186,-3.145874
2006-12-18,12.864899,7.6739197,0.90515137,-6.8211365,8.183868,-6.388275,1.2378845,-4.385376
2006-12-19,-0.23318481,6.039398,4.015808,-4.8387756,12.64679,3.287262,-2.061493,4.0752563
2006-12-20,-3.7649841,0.36846924,1.5913086,-1.0298767,13.48819,10.854401,-0.4941101,1.2641296
2006-12-21,-6.6698914,7.0534973,3.4634094,4.135132,-0.1343689,1.5072327,0.66552734,0.04269409
2006-12-22,-6.369232,0.07962036,4.658539,-1.1146545,2.1298828,-1.7461853,0.29577637,1.7781067
2006-12-23,-3.4102173,7.9754333,-0.30755615,-0.8946228,1.625885,5.1454163,1.3435669,-0.76242065
2006-12-24,-0.20230103,3.9170837,-2.2164612,-0.22201538,3.297699,3.287506,1.4655762,-3.4909363
2006-12-25,-2.0500183,-1.8424072,0.9593506,-0.38372803,14.581848,-0.009124756,3.2351074,-2.041504
2006-12-26,-1.8565063,-0.9253235,1.5479736,-0.71343994,-0.15487671,1.5465393,10.225311,-2.6601868
2006-12-27,0.7208557,6.050934,-2.5202332,0.40759277,-5.7241516,4.3788147,3.4084778,-1.8421326
2006-12-28,6.1735535,13.585236,-3.5178223,-3.661377,2.433075,4.947418,0.56637573,0.26397705
2006-12-29,-4.986725,12.35556,-0.73999023,-7.348633,13.576355,6.622711,-0.5477905,3.065155
2006-12-30,1.1026306,5.788971,2.2286682,-9.969421,0.5201111,6.29776,-0.11694336,-2.6724243
2006-12-31,8.342163,2.5867615,-0.26107788,-8.998901,-4.7349243,9.725739,0.27957153,3.9794617
2007-01-01,5.582184,-0.9699402,4.0682373,-7.2723083,-6.0750732,4.8592834,-2.7556458,1.7860718
2007-01-02,12.4687195,9.69043,13.536682,-7.299713,-5.057129,4.480377,-6.6954956,-3.809784
2007-01-03,1.232544,2.2533264,11.633331,-6.3194885,-3.155548,5.3417053,-4.183777,-2.222046
2007-01-04,-4.3649597,0.9538574,3.9803467,-6.5583496,-1.5059814,9.568268,-4.753784,-2.3759155
2007-01-05,-0.29312134,9.248077,6.5531006,-7.5003357,-1.3791809,11.687897,-5.6224365,-3.987915
2007-01-06,5.402405,5.1698303,7.8062134,-9.608185,-1.5518188,15.889801,0.053222656,-11.55835
2007-01-07,2.6219177,8.485809,8.645508,-8.373413,0.16583252,9.599518,-7.0641785,-7.5308228
2007-01-08,0.7782898,4.9626465,1.2024536,-6.572998,-1.7707825,3.600006,-9.909973,-8.21405
2007-01-09,-8.025665,6.3456116,3.3859253,-8.335724,-7.9602356,9.722321,-8.715057,-8.211609
2007-01-10,-16.607727,-5.4076233,7.1709595,-1.2631531,-9.53067,14.678619,-8.188751,-8.554565
2007-01-11,-18.081726,-6.5940857,7.472534,-4.425171,-2.028473,4.509918,-1.068634,-5.867584
2007-01-12,-12.395538,-1.1587219,11.968231,-3.7835693,3.0341187,-0.40853882,-2.9647827,-6.3393555
2007-01-13,-12.894379,-1.6871338,13.670837,-2.2485352,5.455261,-2.4805603,-1.4688721,-7.2514343
2007-01-14,-4.6325073,-1.6963196,8.97934,-3.5864868,3.367218,-2.1697693,-0.47833252,-6.0859985
2007-01-15,-6.3352356,-1.6923828,1.9081116,-5.1777344,2.0542908,-2.4756775,-12.738922,-5.3212585
2007-01-16,-5.4789124,-3.6150208,1.8171387,0.4383545,-0.28604126,0.20718384,-6.560425,-6.258423
2007-01-17,-11.268158,-3.2840881,-6.773468,0.42636108,-2.1250305,1.9464417,-0.09564209,-2.939392
2007-01-18,-11.943329,-3.910736,-4.7719116,-8.257904,-1.758667,-2.5115662,-1.8894958,-0.58987427
2007-01-19,-12.755341,-2.7253723,3.5221863,-9.6944275,0.08041382,-9.710297,2.715332,-5.834076
2007-01-20,-20.231277,0.6896057,-3.4736023,-5.374359,-2.115631,-11.605316,2.2406616,-7.739624
2007-01-21,-23.35965,7.2955017,-1.8581848,-5.087738,-2.5522156,-8.331146,-0.13150024,-9.453247
2007-01-22,-18.470825,8.983368,5.4090576,-5.273651,-4.917267,-5.6663513,-1.365448,-5.5197144
2007-01-23,-9.142303,7.18631,6.1095886,-8.945099,-6.805176,-3.931244,-2.9386292,-3.234192
2007-01-24,-6.03598,6.424286,3.5213928,-6.996002,-6.178131,-4.6182556,-8.604675,-2.89682
2007-01-25,-15.196991,3.7266846,5.9287415,-7.2147827,2.3125,-7.802582,-8.627594,-3.3484802
2007-01-26,-15.071869,0.74710083,10.491638,0.19735718,-1.0058289,-7.776703,0.5114136,-4.1549683
2007-01-27,-9.675995,5.9148254,4.8163757,-0.6798401,-1.5155029,-4.7608337,-2.28302,-1.1759644
2007-01-28,-6.135437,6.4916687,11.574219,-1.998352,0.25683594,-0.95980835,-6.2089844,-3.284851
2007-01-29,-1.792572,8.79715,6.9798584,-1.45755,-3.6012573,0.3614807,-1.4421692,-5.644165
2007-01-30,-17.860947,3.1963196,5.912262,3.7874146,-2.5796814,-2.4239197,2.401001,-7.0820007
2007-01-31,-20.594223,0.43466187,8.384216,6.033264,-3.5038452,-3.2852478,8.489624,-8.105286
2007-02-01,-18.929886,-1.0198975,13.834198,4.8041687,-5.410675,-13.414398,2.316162,-8.419861
2007-02-02,-9.211761,-2.4277344,8.262909,0.64404297,-2.1636658,-2.021576,-0.4211731,-8.99527
2007-02-03,0.20944214,7.539337,3.3260803,-0.9309082,3.1739502,3.7572327,-0.98965454,-7.47287
2007-02-04,7.7514343,3.5700378,10.535522,3.5209656,-0.030059814,4.7931213,-0.46203613,-0.56173706
2007-02-05,0.77075195,4.175659,4.997101,2.434204,1.3288269,6.5047913,2.3359375,-2.2286682
2007-02-06,3.3754883,10.128632,8.037903,1.3300781,-2.4847107,3.2938538,-0.63464355,0.4416809
2007-02-07,-1.3807678,8.730469,10.411591,5.7217712,1.4201965,-3.1370544,-0.54315186,-1.0105286
2007-02-08,-2.5727234,1.4552612,5.8391113,2.1071167,-3.7106934,-2.1619568,3.301056,-0.3748474
2007-02-09,5.914398,1.2807312,6.9319763,1.6777039,2.9030762,-2.3631287,7.352356,0.7243042
2007-02-10,12.309723,3.8747559,6.712372,0.4925537,-4.513031,-0.35946655,5.4580383,2.160431
2007-02-11,10.873505,-1.5105896,7.5980835,-1.3268738,-0.18084717,-7.5848083,2.0112915,0.4842224
2007-02-12,12.348358,1.8470459,10.979462,-2.0965576,-0.44354248,-0.85946655,3.7171936,-0.19769287
2007-02-13,13.695496,4.256073,8.44989,-2.8034973,-4.638092,7.709137,5.9943237,0.72528076
2007-02-14,5.5816956,4.2727356,1.2577515,-2.6808777,-5.112213,-4.847992,11.019379,-0.7816467
2007-02-15,0.51882935,4.255127,3.0264587,-2.0722046,0.24859619,-8.149017,16.186981,-5.1802673
2007-02-16,4.2739563,2.7087097,2.0924072,-3.421814,-1.3466187,-3.1617126,9.454987,-3.9146118
2007-02-17,1.0171204,1.8445129,4.4229736,-6.2137146,0.71481323,0.09341431,5.028839,-5.1183167
2007-02-18,-1.0378113,-0.7510681,8.083069,-2.4779358,0.5335388,3.4049377,4.17334,-5.697937
2007-02-19,-2.95578,5.2642517,13.759857,-1.8722534,4.2091064,2.3785706,8.6875305,-13.76944
2007-02-20,0.41482544,4.7781067,6.8332825,0.0028076172,9.227386,2.2359924,8.108826,-5.581024
2007-02-21,-0.8114319,5.950775,2.4837646,1.0042114,-3.6256409,4.1632385,10.400848,1.7363586
2007-02-22,5.060608,-5.153412,5.740906,3.804016,-3.9359436,1.5941467,12.13736,3.4446716
2007-02-23,3.23703,-3.3418274,3.888214,10.04306,3.451233,-2.4620056,1.9483948,-4.3054504
2007-02-24,0.7986145,-6.4776306,-2.6987,11.183105,2.198944,-0.2996521,2.2270813,-9.402985
2007-02-25,0.008880615,-4.7554626,-3.0827332,4.0191956,4.3385315,1.4154358,5.861267,-4.585663
2007-02-26,5.731476,-4.6080017,-3.5022278,3.5263367,6.789795,0.8595276,13.994812,2.0891113
2007-02-27,-2.1026917,-0.043182373,0.7293701,5.957947,3.2180176,-2.1487732,6.7609253,5.834503
2007-02-28,2.837616,-0.27005005,4.5440674,8.824219,6.3803406,-0.71762085,1.898407,11.791748
2007-03-01,-5.229645,3.3373413,6.0493164,13.463287,8.385559,-1.0516052,0.41967773,10.323944
2007-03-02,-8.361908,3.855072,3.2905579,15.505554,7.9782104,0.299469,-3.4423218,8.861816
2007-03-03,-4.235138,1.5400696,4.0949097,4.729309,-3.7598572,-1.8113708,-2.2456665,2.8145752
2007-03-04,0.92355347,0.86605835,9.059357,2.3480835,0.7015381,-8.638275,2.0730286,0.3916626
2007-03-05,5.2571716,-0.6342163,7.650757,5.601654,-3.0722046,-0.07455444,5.196747,-1.3438721
2007-03-06,11.780548,-1.9056091,2.6736755,8.918549,-3.6218567,-0.6861267,13.658173,0.5952759
2007-03-07,7.787842,-2.365326,-2.9187317,6.4150085,-1.0164795,-3.919281,16.571167,4.469269
2007-03-08,6.3217773,-2.0488586,-0.98187256,2.6526794,-4.9309387,-6.287201,15.140228,8.761017
2007-03-09,-7.452423,-0.20889282,-0.27368164,2.7089844,-4.5963745,-4.547699,5.279541,0.47277832
2007-03-10,-7.4027405,3.0752258,0.434021,4.544647,1.6231079,1.4918518,3.2902222,2.97464
2007-03-11,-6.172455,3.5550842,1.8947449,6.8493958,7.6567383,5.573395,6.3407593,1.3216553
2007-03-12,-8.888977,-0.39511108,3.4649658,9.266907,5.254669,6.727936,12.058624,4.92395
2007-03-13,-1.6942444,0.95532227,4.0656433,1.9456177,2.7148132,8.355621,12.536438,14.012268
2007-03-14,5.5829773,4.445038,2.3643494,0.78964233,9.786835,5.527252,10.892883,5.173584
2007-03-15,-3.67984,3.1427307,2.6025696,1.5371399,10.758636,3.698883,9.678131,-1.0846863
2007-03-16,-2.959198,1.2686462,5.1436462,2.8937988,-0.9751587,3.846344,12.087463,-0.74645996
2007-03-17,-0.81799316,0.8076782,6.171509,3.584381,-3.8310242,1.627594,6.4231567,1.5916748
2007-03-18,5.2411804,-1.4726868,10.030792,7.3443604,-3.194275,2.8873596,14.1631775,4.2973022
2007-03-19,-1.3371887,-2.8070984,12.764099,5.561615,4.6781006,5.9374084,8.566223,-3.1180115
2007-03-20,-1.9077148,-2.7367249,11.851532,4.279846,7.5787964,5.3541565,2.5986023,-3.2902222
2007-03-21,0.06375122,-3.5797424,4.5760803,4.47641,5.7508545,5.6437073,2.3164062,1.4079285
2007-03-22,7.184601,-2.3315735,6.7381287,7.4774475,11.1026,2.231598,5.486389,11.563171
2007-03-23,9.32135,-0.16220093,7.017914,8.704163,12.162018,4.903717,2.3985596,10.742798
2007-03-24,14.048676,-0.09152222,5.9220276,9.78064,7.8597107,9.112457,3.3078003,6.384094
2007-03-25,12.222961,3.334015,7.6332397,11.097839,1.8573914,2.7311096,10.989105,5.21994
2007-03-26,-2.1494446,3.0276794,6.5734863,11.042603,6.7681274,1.9718323,2.1603394,1.3979797
2007-03-27,-5.2208557,4.214905,10.541565,9.981445,3.506012,4.7259827,1.4480896,10.7734375
2007-03-28,2.9838257,5.4501953,11.0720215,6.7858276,2.9876099,6.8641663,7.651825,8.695007
2007-03-29,2.0463257,8.011627,9.174561,7.072815,5.587036,5.613678,11.564545,4.265564
2007-03-30,7.6397705,6.4389954,8.087616,11.332153,4.0494995,8.733307,1.6723022,2.5517883
2007-03-31,10.510529,3.739624,4.4406433,14.936188,7.340851,12.192535,0.86047363,12.258423
2007-04-01,2.8524475,2.4226074,6.2191772,20.621674,4.9033203,11.260162,5.115509,10.329346
2007-04-02,12.711273,5.0326233,11.052734,15.663666,3.5908203,9.031891,10.854004,3.1567993
2007-04-03,14.693848,6.789551,12.173981,13.569916,10.339935,11.767242,16.529388,3.9214478
2007-04-04,4.471283,8.270935,11.782166,14.021393,6.6920166,13.646149,18.726929,7.0263367
2007-04-05,1.3606262,9.661438,6.0743713,13.15213,4.638275,13.7565,18.509766,6.848999
2007-04-06,4.203247,7.8642273,7.8732605,13.700287,6.155304,9.162994,12.53656,10.209045
2007-04-07,5.6062317,8.060272,9.975708,11.084534,8.217712,9.272614,12.47757,12.962097
2007-04-08,6.200348,9.675507,11.585419,9.698547,9.297333,11.875397,15.512482,5.7307434
2007-04-09,6.6184387,4.029663,10.002319,10.762634,10.192383,14.829254,14.650909,4.6177673
2007-04-10,7.9261475,5.4195557,10.709778,11.226929,-0.3862915,5.6026917,7.9490967,7.3180847
2007-04-11,8.568146,8.572723,11.230591,11.920227,4.6519165,7.3612366,8.770447,10.797668
2007-04-12,8.589569,10.280914,13.318939,10.037415,4.886505,13.480377,15.765381,13.694
2007-04-13,11.527618,8.409821,14.907593,13.16803,8.521362,16.025787,13.617432,15.545502
2007-04-14,10.532135,10.028107,13.469757,12.934387,13.561249,15.9947815,12.893768,9.506775
2007-04-15,8.468048,11.062225,12.933044,12.45108,14.390533,13.527252,17.016174,5.4281616
2007-04-16,13.39917,9.606598,14.0529785,11.11615,19.541748,15.353668,16.317322,4.767029
2007-04-17,18.08722,8.732208,17.95462,12.70871,18.919281,8.8461,15.045685,3.7240906
2007-04-18,20.214142,9.011444,15.69809,13.40744,10.570099,13.656158,15.171265,4.260193
2007-04-19,19.85727,8.662933,12.235077,11.564514,6.5101624,15.540924,14.3185425,4.3094482
2007-04-20,17.776093,10.604523,9.667297,11.548859,10.114288,11.303131,15.550415,4.5232544
2007-04-21,14.667633,11.536652,10.642975,12.161713,12.390717,12.6683655,17.444458,4.4734497
2007-04-22,11.2013855,13.141449,9.595612,11.391876,8.864319,6.740631,18.984924,5.2828674
2007-04-23,9.601074,10.880951,9.140289,11.007294,11.669342,4.9322815,20.732208,6.5679016
2007-04-24,9.079132,11.728638,9.531097,12.8194275,13.445496,4.3719788,21.513031,11.217957
2007-04-25,10.501343,11.107483,9.002136,11.895081,7.159546,4.4147034,19.46463,10.275024
2007-04-26,11.213898,10.205841,9.110168,11.51178,12.4357605,10.360504,19.09967,7.0962524
2007-04-27,12.825348,11.461395,10.795166,10.725891,15.723755,7.3907776,22.0253,5.212494
2007-04-28,16.799896,11.938141,14.045166,9.953522,16.197357,5.2081604,22.47409,5.273407
2007-04-29,19.067047,10.578003,11.946442,8.838715,17.808167,3.8263245,14.851593,7.6984253
2007-04-30,17.264313,10.787262,8.569611,7.5608826,11.585632,7.129547,11.779938,12.589844
2007-05-01,13.760468,10.924896,9.64621,10.402985,14.323456,9.027496,12.292755,7.3754883
2007-05-02,14.611725,11.57785,11.328339,8.950134,15.725372,9.917389,14.05191,9.470306
2007-05-03,18.392365,11.463654,13.471924,7.5256653,11.081696,10.234039,7.881195,7.18454
2007-05-04,21.233582,13.392059,20.639496,9.222473,5.6445312,10.493805,10.102264,12.089325
2007-05-05,17.163666,14.221313,14.331116,12.340149,8.388245,12.41568,16.934998,16.823914
2007-05-06,18.57608,12.162231,11.181427,14.984375,7.4286194,11.401276,14.341797,13.886383
2007-05-07,11.044403,12.813751,11.983551,15.297821,9.847412,10.9027405,17.597046,11.273865
2007-05-08,12.665161,13.47757,15.018158,18.66449,13.669006,13.96402,20.635834,12.472778
2007-05-09,14.794647,12.618591,16.86261,18.639526,18.666748,16.902496,15.834595,14.162628
2007-05-10,17.085785,13.787262,19.527252,15.578186,16.816254,17.697662,15.062744,13.285034
2007-05-11,17.57663,13.984833,19.126465,15.790314,12.082123,12.710358,15.423828,16.19809
2007-05-12,20.146454,13.715912,18.931976,14.547882,15.080231,13.94278,20.423431,14.887299
2007-05-13,19.163177,16.256561,15.522766,14.925018,11.078247,17.415192,21.541443,16.622925
2007-05-14,12.988281,14.743683,14.894043,16.95401,9.856903,21.090973,20.882599,17.976776
2007-05-15,15.139343,15.098785,15.980347,13.535217,15.580261,16.31314,21.42044,18.733429
2007-05-16,14.938171,14.810852,17.500427,10.547607,16.031708,19.523834,15.147919,13.899292
2007-05-17,15.152435,14.657379,20.644775,12.857086,17.328827,19.607086,18.619171,12.389496
2007-05-18,17.554443,13.594727,22.057251,15.24527,15.528412,13.423248,21.67041,13.431519
2007-05-19,16.684723,14.051056,19.326233,13.867371,14.922668,13.066803,21.145233,15.1073
2007-05-20,15.687256,14.690521,21.470734,13.571259,13.795807,12.850494,17.552155,16.254486
2007-05-21,15.291473,14.684509,19.757355,15.314545,11.726715,16.516754,14.888855,18.358154
2007-05-22,15.318268,15.485626,17.873047,17.29837,12.314087,12.359772,16.919891,13.616791
2007-05-23,16.319977,16.87323,21.074219,19.624756,14.437317,13.034088,20.487823,9.862946
2007-05-24,17.514648,17.220612,21.318756,20.180634,14.659637,13.487213,19.639618,12.599304
2007-05-25,16.406006,16.554138,22.97754,19.260712,17.221008,11.560944,19.112274,10.590912
2007-05-26,18.576141,13.617584,23.08191,22.669464,19.072357,11.496735,21.642029,11.31427
2007-05-27,16.07431,16.096527,19.756805,24.097107,20.02594,11.433502,21.401123,12.876038
2007-05-28,15.073761,16.9068,18.291168,25.006165,20.104858,11.912262,15.420746,14.3078
2007-05-29,14.46225,17.71231,22.356812,24.455261,22.446533,12.167389,14.330719,16.110779
2007-05-30,14.6354065,17.73758,21.248383,25.001709,22.508118,12.5086975,16.438202,15.453827
2007-05-31,14.109467,18.207397,17.789795,21.789642,23.689972,13.329742,19.358643,13.541321
2007-06-01,17.747345,17.634735,17.563965,19.980621,23.334717,14.374176,16.23944,19.747284
2007-06-02,14.391022,17.118317,19.001434,18.694916,19.01239,17.176666,18.207306,16.996399
2007-06-03,10.615753,19.069427,20.133514,18.6969,21.71756,18.119781,20.36847,13.476898
2007-06-04,13.110504,19.402557,20.824554,17.796051,24.621918,16.068756,21.409973,12.593964
2007-06-05,17.357483,19.109558,21.948608,21.405426,19.870514,18.209381,21.227203,11.522064
2007-06-06,18.070526,17.620117,21.157257,22.66629,13.19455,16.542145,20.95996,11.774384
2007-06-07,21.071625,18.086517,15.916412,21.912079,18.755798,11.215729,19.772064,11.773804
2007-06-08,22.555695,17.704468,17.397705,21.276886,13.732086,14.988922,15.060486,13.289581
2007-06-09,20.161194,19.28476,17.990845,17.519226,15.399139,17.25357,16.154358,14.115601
2007-06-10,19.87799,18.578217,17.235321,16.124023,21.722687,17.194489,17.03772,14.209473
2007-06-11,20.468231,20.066498,18.70758,16.37381,22.03122,15.028473,17.095032,17.343323
2007-06-12,22.142426,20.964203,21.361908,15.350861,19.189087,22.301666,20.820007,16.147034
2007-06-13,19.828583,20.041718,22.524017,17.252686,22.090057,24.45401,22.636627,19.06491
2007-06-14,21.714325,19.39743,21.410797,18.050781,24.293427,25.471344,22.282349,20.848145
2007-06-15,21.305328,18.140167,20.709137,19.33139,25.113464,19.514557,22.641083,16.422852
2007-06-16,21.066986,19.726349,21.303925,20.813385,26.214478,16.74356,24.062073,15.517944
2007-06-17,19.876434,19.589172,22.661926,19.336334,24.093536,16.373932,23.877228,15.415649
2007-06-18,19.459564,20.633759,24.125946,20.019897,21.105164,17.534088,18.806976,14.942261
2007-06-19,19.210175,21.0336,24.345459,22.04306,22.129852,18.285065,17.349976,15.439911
2007-06-20,20.569427,21.78717,23.875519,23.571625,21.654846,18.76651,12.865204,19.314758
2007-06-21,18.10141,21.307281,24.10318,22.760956,21.894714,18.928864,14.485504,15.78775
2007-06-22,19.882599,21.99405,25.130554,19.747742,19.778778,24.605865,19.419708,16.98291
2007-06-23,25.243439,22.519379,25.862885,18.812439,21.715149,23.386871,24.429321,16.735779
2007-06-24,19.267426,23.390594,24.619354,20.483154,23.826935,21.090729,25.756104,15.023712
2007-06-25,19.44577,22.589386,22.646454,21.243835,23.21225,17.640533,26.414032,17.657898
2007-06-26,20.947662,20.82431,21.565979,20.727966,22.692322,17.767487,22.62677,15.017883
2007-06-27,20.072113,21.05545,22.573883,20.513397,24.211578,19.11612,19.956238,14.209991
2007-06-28,20.244568,22.71283,23.25003,20.56012,23.897095,17.839996,18.675568,15.542175
2007-06-29,21.20404,21.376831,23.68277,20.911407,23.568909,17.52237,17.917877,16.365173
2007-06-30,21.221039,22.562103,25.789124,21.218842,22.650421,20.229645,19.12619,18.789734
2007-07-01,21.682861,22.265137,26.128296,23.067993,22.888885,22.73404,20.06601,24.070984
2007-07-02,21.498962,21.17099,25.085052,23.578033,23.885742,20.211578,22.171143,22.113586
2007-07-03,21.335754,20.34967,25.57608,23.328766,23.405182,20.67862,20.938385,18.652191
2007-07-04,21.76941,20.662018,25.005676,25.853027,23.297394,21.283844,20.114746,20.199677
2007-07-05,23.747833,20.576324,24.264679,27.289703,25.677094,22.467682,19.62555,22.048523
2007-07-06,24.545715,21.049225,23.599518,27.4859,25.284027,21.464996,18.189636,22.783936
2007-07-07,24.040924,21.025177,24.294067,27.61734,25.650238,21.140533,21.838593,21.727448
2007-07-08,25.220123,21.887726,24.46991,27.709229,22.725952,20.375153,25.743835,20.64627
2007-07-09,26.012848,21.607208,24.838867,25.81308,24.273468,21.921051,24.584656,19.41745
2007-07-10,25.54361,21.785828,24.492615,24.970886,25.079926,19.065826,24.738342,17.901825
2007-07-11,24.747711,23.771393,24.259064,25.244202,25.789307,21.138336,25.682251,18.461914
2007-07-12,25.14273,23.61795,24.738037,25.492188,25.55075,23.040192,25.48169,19.007935
2007-07-13,23.050201,24.114075,27.47641,24.755249,24.291107,21.197418,25.293701,19.564545
2007-07-14,22.736847,24.655792,26.14917,24.303131,25.283478,19.85196,25.712921,21.394623
2007-07-15,22.381683,24.592133,25.089844,25.521454,23.455383,22.825836,26.905304,22.034027
2007-07-16,21.58664,23.921173,24.988464,24.845612,24.284088,22.123688,23.43808,22.953766
2007-07-17,21.390228,24.243591,24.911346,23.369324,23.062805,22.857086,27.179504,24.036407
2007-07-18,20.91217,24.524261,24.733307,23.677673,23.78418,23.194244,29.155396,25.259155
2007-07-19,21.749542,23.841217,24.739777,22.221893,27.254608,22.20279,26.816925,25.197998
2007-07-20,24.135529,24.975983,24.452332,22.867432,24.664795,22.123932,25.735046,23.57071
2007-07-21,22.569916,26.009186,25.513855,24.820068,24.138031,23.019928,26.153503,24.115417
2007-07-22,21.782684,25.634644,25.483795,24.732727,23.37793,21.912262,21.997742,23.943115
2007-07-23,22.51892,25.717133,25.780365,23.742981,22.613647,23.941559,20.485443,24.373291
2007-07-24,23.433441,26.826294,25.845581,22.513336,23.441803,25.956696,21.468079,19.979645
2007-07-25,26.724152,27.527496,25.74826,23.692505,23.42694,18.042389,22.759705,16.675385
2007-07-26,28.293243,26.204803,26.026245,24.276947,24.691406,16.045807,23.997375,20.426971
2007-07-27,28.873077,24.475494,27.16919,23.926086,25.79953,18.197906,25.133698,21.523682
2007-07-28,26.17276,25.164124,27.565796,23.833313,27.905365,18.944,26.75476,22.404022
2007-07-29,24.632935,26.55777,26.075745,22.272919,28.45581,20.947662,27.81482,25.38562
2007-07-30,23.072845,27.413422,28.52353,22.640808,25.000458,20.154694,26.063782,22.372284
2007-07-31,23.460907,26.796478,26.923706,22.52179,25.411133,20.605865,27.265533,21.724152
2007-08-01,22.32779,26.137909,24.784576,23.022858,25.554047,21.660797,27.971802,23.813934
2007-08-02,22.430695,24.967194,24.536743,25.679321,23.158325,21.35025,28.760986,19.126892
2007-08-03,22.609528,27.134705,24.865662,24.091766,27.043396,22.201324,24.727692,20.477875
2007-08-04,23.040283,26.212372,24.955566,24.62381,26.158295,23.39566,23.197449,21.125946
2007-08-05,22.893524,25.949554,24.730743,26.42633,25.791107,24.609772,21.926514,21.344421
2007-08-06,23.332916,24.5253,23.964691,25.35794,25.604889,23.368317,23.093872,21.40335
2007-08-07,22.594513,21.7247,25.166107,24.346802,27.961517,23.030426,23.777466,23.88562
2007-08-08,23.994019,21.5018,28.009247,23.166962,28.611115,24.466461,25.211243,22.4505
2007-08-09,26.30191,24.704742,28.003052,20.460083,26.456482,24.048492,26.553772,21.73819
2007-08-10,26.636688,26.698273,28.536194,21.269684,25.127838,24.521881,27.707245,22.11499
2007-08-11,26.943848,26.242523,28.759033,19.376373,26.589447,24.437164,28.09668,22.695679
2007-08-12,25.672455,27.103455,28.346344,20.340424,26.799225,23.283112,26.56839,21.281982
2007-08-13,25.265076,25.046692,27.685883,21.643463,26.385498,21.531647,24.017242,16.994354
2007-08-14,25.531769,25.716766,27.015411,21.065094,27.521088,20.79483,25.598145,17.038849
2007-08-15,25.738525,24.795044,27.160675,21.753937,25.835968,19.880768,26.349274,18.189392
2007-08-16,26.050262,24.00528,27.128113,23.164246,25.489288,19.760162,25.403198,20.633484
2007-08-17,25.463379,25.463593,26.51181,22.96054,25.419464,21.64737,23.496704,21.573975
2007-08-18,23.306732,24.912262,26.473846,22.212189,25.552124,23.913727,23.319061,23.866669
2007-08-19,22.302582,24.76184,26.190948,20.91681,23.753876,24.878082,22.662079,21.753845
2007-08-20,22.662384,24.415466,25.85846,19.47522,24.81723,24.512848,23.877808,17.656738
2007-08-21,25.274353,23.901611,25.853546,20.863373,27.588501,25.663239,24.479065,19.398651
2007-08-22,22.82956,25.749817,25.977478,21.163208,26.77536,27.486969,24.628235,23.606415
2007-08-23,23.977753,23.236603,25.97647,21.311035,23.939758,23.995026,24.441925,20.930817
2007-08-24,23.302948,22.714722,26.271301,21.92868,25.094513,23.299225,24.447327,20.411865
2007-08-25,22.481873,22.094208,26.114166,22.23291,25.965546,25.704987,25.493256,24.25351
2007-08-26,24.965546,21.87445,25.826263,21.532349,25.863037,20.197662,26.406067,21.670288
2007-08-27,24.065643,23.835968,25.592926,22.306366,25.487823,21.83609,25.99588,18.680267
2007-08-28,22.621582,25.660492,25.353882,22.594818,25.921661,24.617096,26.546082,17.235168
2007-08-29,24.493317,23.42102,25.650787,21.802826,23.68573,19.909332,25.907318,17.173676
2007-08-30,25.310883,24.770538,25.079285,23.163483,19.348663,18.386383,26.348206,17.42099
2007-08-31,24.007568,23.153503,22.728516,22.434235,19.468018,19.746979,26.540985,18.683167
2007-09-01,22.996307,22.61084,22.92569,22.301483,20.066223,21.889557,26.259186,22.63504
2007-09-02,21.101532,23.302216,24.277863,22.902191,21.113586,24.275055,24.034851,21.292053
2007-09-03,21.164886,22.484406,24.703308,22.875397,21.069763,22.605865,25.029663,15.023834
2007-09-04,22.49881,23.415375,24.752014,22.493988,22.09375,21.731354,25.662415,14.07489
2007-09-05,18.721527,25.798859,25.35498,21.706604,22.470459,24.639801,25.768188,16.920135
2007-09-06,19.303558,26.666412,25.569305,20.400421,23.95224,25.631256,24.083557,18.270355
2007-09-07,19.466461,26.417633,25.785126,19.81894,24.99939,25.168121,24.897675,20.417328
2007-09-08,21.661896,26.470703,25.554565,19.2706,24.029846,24.789703,26.362762,22.707458
2007-09-09,18.796051,25.102417,25.975311,19.927612,24.801117,23.420074,26.426025,22.973267
2007-09-10,18.333282,25.385986,26.047455,19.173615,23.377075,24.197418,25.423553,18.354034
2007-09-11,21.743378,22.812897,26.046265,18.069519,25.042938,23.303864,26.76944,17.01773
2007-09-12,22.497223,20.29187,23.79721,16.938477,27.127625,15.657623,26.630646,17.609406
2007-09-13,24.350342,18.251526,23.25473,20.914581,27.06018,14.87735,26.17804,19.549011
2007-09-14,24.098114,21.099396,22.703033,20.970367,25.773773,17.730621,24.935944,21.270813
2007-09-15,22.875916,24.675934,23.750885,16.394012,25.21103,19.463531,19.236847,21.556793
2007-09-16,15.912933,21.96228,25.280579,15.633759,25.623322,20.2836,16.524078,19.828583
2007-09-17,14.368103,22.223083,25.46579,15.971436,24.997314,20.43106,19.960205,20.409637
2007-09-18,19.804047,21.76764,20.2164,17.071869,24.95285,20.864655,23.658752,20.959839
2007-09-19,20.198517,22.263824,17.795532,18.79895,22.711548,14.447418,22.747894,23.321594
2007-09-20,17.20398,21.84076,19.414032,18.670868,22.78305,15.792389,19.595703,22.342468
2007-09-21,17.45523,20.373322,20.484222,15.544434,18.991913,20.153717,18.423859,19.003235
2007-09-22,17.528229,22.42044,21.534485,15.109283,16.234802,23.420807,16.209747,20.063385
2007-09-23,17.280914,23.827728,22.861938,13.933411,18.833801,18.59195,16.228668,17.624023
2007-09-24,17.109192,19.815857,22.310211,17.09201,19.641388,18.547516,19.380737,12.271179
2007-09-25,18.545319,22.383179,19.094452,19.652191,14.79184,20.325348,21.84555,12.606812
2007-09-26,20.77478,25.107147,22.072815,19.846313,14.632538,17.734283,22.448883,18.797546
2007-09-27,20.88681,23.278534,21.630646,19.921509,17.803497,15.580475,22.150665,21.316925
2007-09-28,17.470917,21.605103,18.49936,20.542633,20.191193,15.819489,21.38678,14.453644
2007-09-29,15.374939,23.235168,18.97696,17.98581,17.959656,19.473541,16.433258,16.132935
2007-09-30,16.229767,19.220734,21.64093,17.635803,17.224976,18.101715,18.234222,12.633667
2007-10-01,19.02121,17.69223,24.391571,16.036469,17.829681,16.828033,21.724548,14.1553955
2007-10-02,21.2247,18.966034,23.445404,14.986511,19.513672,14.873688,22.99768,17.78653
2007-10-03,17.683136,19.104095,21.926727,14.032745,20.31839,15.388092,18.025635,20.229889
2007-10-04,15.213745,21.233917,20.25763,15.446625,21.386017,20.013824,14.848389,19.649628
2007-10-05,16.743378,21.843964,20.45346,11.860596,22.465729,19.088287,14.304932,14.921814
2007-10-06,17.826477,23.311798,20.66568,12.044769,18.216583,14.518707,13.583466,14.494019
2007-10-07,16.206451,19.480103,18.708649,12.32901,15.443512,10.836334,14.655518,16.804077
2007-10-08,13.8472595,17.631744,20.317993,15.611298,15.29837,11.3697815,13.480652,20.786072
2007-10-09,11.247833,19.545868,19.485413,15.924652,15.84259,12.532379,14.823212,20.376862
2007-10-10,14.15744,20.936981,17.55838,12.215179,12.436279,9.1649475,9.85614,14.748596
2007-10-11,15.693237,21.84433,17.78653,9.729492,16.134949,6.174225,8.619171,12.000916
2007-10-12,12.316376,22.647064,16.94168,11.196014,17.451752,6.5794983,14.071472,9.56015
2007-10-13,9.165527,15.80661,18.080078,12.192657,15.290955,9.686432,13.465424,9.501068
2007-10-14,11.763397,12.8107605,16.323547,12.264313,16.644714,15.379303,7.021759,8.626617
2007-10-15,12.935974,12.859558,15.516296,15.292877,19.94217,18.473297,10.333405,4.5112305
2007-10-16,10.204956,12.046234,14.3927,14.385498,17.709106,11.421051,11.595917,2.9032898
2007-10-17,8.716217,18.397491,14.92395,10.183105,13.697205,15.779449,9.803986,7.242737
2007-10-18,10.228363,21.327942,15.873749,8.276001,14.659637,19.61734,10.94809,11.241394
2007-10-19,7.0212097,19.226288,18.588654,8.050049,18.562317,19.614655,13.421204,8.707428
2007-10-20,3.8038635,17.437653,19.470917,10.19931,12.729492,13.681549,13.633087,6.3266296
2007-10-21,10.231598,18.264618,14.773682,8.858246,9.284393,12.500397,15.883789,3.010498
2007-10-22,6.8329163,16.122467,13.28717,7.679596,5.2556458,14.250885,12.626587,5.09729
2007-10-23,6.819031,15.267914,15.108154,7.900482,7.935364,15.382477,8.205292,16.92398
2007-10-24,10.120148,15.865662,14.431671,9.142914,10.9999695,15.436676,9.845062,8.017731
2007-10-25,9.38562,16.777771,15.292358,9.776489,10.505859,18.372711,6.590637,7.749634
2007-10-26,9.993683,16.460114,17.259766,10.882507,11.219177,16.534576,11.794708,6.15213
2007-10-27,10.036163,19.815094,18.610168,11.761871,13.229309,3.1647034,13.960419,3.9057922
2007-10-28,6.885559,18.444855,19.342346,11.848053,11.990936,3.874176,15.324127,12.077515
2007-10-29,5.4914856,15.414764,19.624023,10.544525,8.8845825,2.7098694,13.437714,8.817047
2007-10-30,4.8770447,10.527252,16.621155,13.269714,5.7782288,1.0235901,13.776855,7.143219
2007-10-31,4.9504395,12.927521,16.203613,10.392822,4.942749,2.1354065,14.933716,7.490326
2007-11-01,3.7239685,12.718964,17.697693,9.951691,5.2736206,2.9859924,15.308899,4.2846985
2007-11-02,3.4427795,9.273102,19.279419,7.0622253,5.5181274,3.2113342,17.338623,3.6819763
2007-11-03,5.4320374,9.045563,17.9682,5.908539,7.777649,3.1200256,15.711945,6.2423706
2007-11-04,4.4658813,8.945709,17.890411,4.972473,7.651642,2.8036194,4.13385,7.689453
2007-11-05,4.4252014,8.427399,16.325592,5.570648,9.9010315,2.893219,6.1581726,3.2973633
2007-11-06,7.5028687,8.518951,15.314178,8.092377,8.149628,5.821686,13.316681,-1.0871887
2007-11-07,6.7738953,10.290558,20.528107,11.21875,9.163483,12.422516,13.255615,-0.83258057
2007-11-08,4.426483,11.987518,19.958221,13.87973,8.823425,18.118317,12.404114,0.8570862
2007-11-09,9.1719055,8.591278,18.469696,15.639435,9.956268,9.394196,8.1536255,0.9012146
2007-11-10,10.596222,7.98822,11.999359,11.259674,6.2096252,6.2064514,4.4487,1.0200806
2007-11-11,7.182007,8.228302,10.363281,7.459137,5.0921326,4.62735,6.1381836,9.2743225
2007-11-12,5.4642334,14.905365,13.34668,9.271271,9.893646,5.815094,9.065704,3.5963135
2007-11-13,5.259613,16.585205,9.296417,12.312805,9.713226,9.943512,10.358215,2.7575684
2007-11-14,8.365631,13.531342,8.636505,15.494812,12.95932,15.754303,8.837769,3.5154724
2007-11-15,11.574554,13.130615,13.864227,17.629547,14.023315,16.031647,9.1328125,6.8170776
2007-11-16,7.649658,9.263916,14.9852295,15.599335,16.154572,7.213043,8.6467285,2.4362488
2007-11-17,5.9967957,10.963623,13.439941,8.341553,7.154022,4.1717834,7.117859,1.638977
2007-11-18,7.4755554,10.7187805,12.134888,6.514862,6.721161,3.0990295,14.373413,0.8638611
2007-11-19,4.6119995,7.1250916,9.747437,6.2607117,10.384766,4.299469,12.900696,0.9551697
2007-11-20,0.55270386,7.1735535,7.80896,5.9203186,12.884094,8.875641,7.1759644,0.9883728
2007-11-21,2.0932312,10.781769,7.5230103,5.2510376,17.489105,4.7933655,8.771637,0.040374756
2007-11-22,11.6683655,7.7196045,13.675415,3.6945496,18.618073,11.915436,11.973633,1.6407776
2007-11-23,3.8854065,10.858429,13.424561,2.848999,6.425415,10.365143,11.830292,0.53900146
2007-11-24,2.1776428,16.586212,8.981689,6.5520325,3.3301697,3.1056213,15.510681,4.1295166
2007-11-25,4.177185,9.485168,9.534241,1.117981,4.43692,1.6100159,12.022949,1.3526306
2007-11-26,1.8144836,3.7268372,12.077362,0.6581726,-1.2881775,0.8565979,2.4786377,0.6063843
2007-11-27,-2.2901306,0.84936523,13.776306,-0.1800232,1.7046509,1.9381409,1.53125,2.0821838
2007-11-28,-3.0045166,4.749939,13.547119,0.7456665,0.60809326,2.4723206,1.7939148,6.6305847
2007-11-29,-1.7234192,3.2416687,17.23294,2.2055664,11.669769,3.813385,2.0821838,5.1517334
2007-11-30,-2.7036743,4.851471,8.6979065,1.6448059,-3.3238525,5.4010315,0.5366821,0.29714966
2007-12-01,4.20343,7.443207,3.493103,-0.7186279,-5.2444763,5.9532776,0.6652527,4.0733643
2007-12-02,1.7253113,5.8690186,9.6297,0.67892456,-7.2901306,8.684967,4.5655212,14.965912
2007-12-03,0.4125061,2.3782349,16.614685,-0.23205566,-5.6292725,13.186676,0.28359985,7.188263
2007-12-04,5.0988464,7.3324585,19.673798,2.1335144,-6.456024,3.1578674,1.573761,1.7388916
2007-12-05,2.2098083,9.660065,11.106506,5.4925537,-2.5606384,1.8888245,7.796356,-2.1898499
2007-12-06,0.47906494,6.697113,10.718597,7.5863953,-3.8199768,11.382233,-0.8744812,-2.5134888
2007-12-07,0.73880005,1.5610046,12.138428,9.785004,-4.246002,3.3329163,-1.3790588,-1.9549866
2007-12-08,11.825531,3.190918,10.076813,11.2795105,-2.2763367,0.8434143,4.890259,0.91293335
2007-12-09,14.751099,3.8615417,10.7439575,11.855164,-4.209259,1.07901,11.652893,-6.8407593
2007-12-10,13.225433,7.4212036,7.678528,4.3969727,-2.181427,7.4110413,10.811798,-5.6930237
2007-12-11,0.61795044,12.317657,4.5542603,2.7506104,3.2707214,13.003815,13.464478,-2.6925964
2007-12-12,6.075165,7.6593018,5.7290955,1.5358276,0.21292114,15.214264,15.680145,0.74438477
2007-12-13,11.342499,4.809204,8.738678,1.920227,-1.9599609,3.1305237,9.637604,-0.29260254
2007-12-14,-0.07247925,2.5688782,10.711914,3.826294,-3.5267334,1.094635,10.8479,1.8607788
2007-12-15,-2.7858887,5.773163,13.535126,0.809021,1.538971,-0.56307983,12.025635,0.50839233
2007-12-16,-3.728424,6.3435974,9.960266,3.8592834,1.4283752,-1.4954529,7.448181,-0.9881592
2007-12-17,-0.21304321,1.8916016,10.55191,9.1901245,-0.8477478,0.57925415,0.30664062,1.5203247
2007-12-18,-1.105011,8.9487,12.967926,4.259796,-0.23135376,-1.4898376,3.1191406,1.6504517
2007-12-19,2.3139343,14.129791,7.318207,1.4593811,0.92941284,-3.697113,14.468994,1.9452515
2007-12-20,-1.7639465,11.558533,6.221283,2.3933105,5.6071777,-3.6265564,7.8930054,1.3461304
2007-12-21,2.426941,5.327118,7.922058,2.9318542,3.5343933,-3.4878845,3.1157532,0.70059204
2007-12-22,-1.0429993,2.0709534,4.43338,-0.18188477,0.28549194,-1.1075134,6.1109314,-1.6535034
2007-12-23,3.9333801,10.416229,0.21966553,3.4003906,0.07736206,-2.2330017,0.67123413,-2.4050293
2007-12-24,9.675781,6.4602356,2.4290466,3.3029785,-0.26611328,-2.919281,-6.2185364,-1.4642029
2007-12-25,8.233856,9.668488,2.5767212,-1.0592041,-0.5823364,-1.586029,-9.045349,-0.10110474
2007-12-26,-2.4095764,7.343933,1.3975525,-2.539734,-1.1568909,-0.62924194,-7.0343323,-1.2175903
2007-12-27,-4.481842,8.147125,5.0724792,-1.3907471,0.88397217,-2.0938416,-4.2398376,-1.796814
2007-12-28,-0.8503723,6.1686096,5.863098,-1.2159119,1.5293884,-4.3890076,-5.029114,2.027008
2007-12-29,-2.7789001,1.445282,-0.9103699,-2.845642,0.21975708,-4.080902,-2.356903,0.01727295
2007-12-30,1.3384094,4.0262756,-2.770691,-3.6471252,-0.8554077,1.8229065,-3.6725464,5.4787903
2007-12-31,9.299072,8.429718,-0.060272217,-2.9333496,-0.32226562,1.8458557,-6.207855,-5.056305
2008-01-01,9.256195,6.433197,1.0959167,-2.1585083,1.691742,-5.162445,-4.966736,-2.3849182
2008-01-02,13.064423,4.421631,4.7955017,-2.1712646,10.9711,-4.617279,4.2946167,-1.164032
2008-01-03,13.847076,3.0379944,4.991211,-0.26278687,14.809082,-2.006195,1.8399048,-2.5224
2008-01-04,6.9082947,0.72158813,3.6542358,0.93551636,8.097076,-5.4927673,-1.8551025,-8.141144
2008-01-05,-0.71102905,1.6798706,2.100891,-0.7017517,1.1473694,-4.2376404,-3.9432983,-2.6107483
2008-01-06,2.2913513,4.2480774,-0.9578247,2.0438232,-1.5899048,-0.8916931,-1.5767822,-1.3754272
2008-01-07,7.804779,0.42785645,-0.37734985,-4.4778748,-0.8580322,8.355621,1.5823364,1.3048706
2008-01-08,3.500702,1.8343201,2.4816895,-10.012665,6.9335938,-3.0037537,1.1106873,1.0068359
2008-01-09,3.597412,1.8586121,5.777649,-8.46582,2.3383484,-4.368744,-0.08117676,3.6984558
2008-01-10,11.429657,-1.7674866,6.2832336,-5.7469177,-1.6625671,-3.709076,0.86032104,-2.3396301
2008-01-11,-1.5061035,2.6249695,5.9897156,-1.8522339,-6.665741,-5.0000916,1.4788513,-9.103088
2008-01-12,-1.2389526,1.8141174,3.2286682,-2.5334167,-4.0466003,-4.549164,1.5583801,-6.3933105
2008-01-13,-1.2256775,-3.3640747,0.8137512,-3.9622803,-2.07135,-3.6844177,3.0931396,-6.968628
2008-01-14,-0.5957031,-0.8678894,2.8796997,-3.7618408,1.7366638,-3.8023376,9.377045,-7.6937256
2008-01-15,6.9056396,2.9317932,4.268463,-1.3192139,-0.80130005,-2.2952576,5.68631,-10.439911
2008-01-16,-1.4059143,-0.64489746,-1.4506226,5.3147583,-2.9369202,-0.7762146,0.36676025,-10.110107
2008-01-17,-0.38064575,-2.3460388,-3.234192,7.429291,-3.2398682,-5.269623,0.028015137,-11.067169
2008-01-18,-3.0322266,3.7135315,-3.999878,-2.7532349,-5.9147644,-5.506439,3.9665222,-9.222656
2008-01-19,-1.3157043,3.0273132,0.7665405,-5.5319214,-3.5660095,-3.1997986,5.673889,-4.537018
2008-01-20,-11.649445,2.1464539,5.0768127,-2.2635803,-2.533905,-16.38388,0.73602295,-3.0156555
2008-01-21,-9.521393,2.6371155,0.72613525,-1.5021667,-2.8422852,-16.168549,1.9912109,-0.5008545
2008-01-22,-9.5659485,-0.7602234,-1.7751465,-3.7757874,-1.7802429,-13.047943,4.2893677,3.732483
2008-01-23,-9.535187,-0.033294678,-1.1264038,-6.9404297,0.19482422,-10.04599,4.430176,-2.0235596
2008-01-24,-1.6205444,-6.652954,3.33609,-5.281006,-7.436554,-10.178558,7.384857,-4.73053
2008-01-25,-4.2014465,-0.0034179688,5.4709473,-6.7539673,-7.338318,-10.569183,9.878326,-3.7583008
2008-01-26,-15.003937,-3.9839172,5.1852417,-1.8516846,-3.4215698,-6.535736,11.736725,-3.1611328
2008-01-27,-11.761932,-5.69339,6.631134,-4.6908875,0.19134521,-1.0335388,13.265045,-9.001648
2008-01-28,-12.463959,-1.9749451,2.8709412,-2.651184,2.8263855,7.7496643,8.401276,-5.9565125
2008-01-29,-10.268677,-0.0640564,-3.1192322,1.0493469,-0.9432373,3.8605042,2.227539,-2.9379883
2008-01-30,-8.154358,-3.8974304,-4.0029297,-1.5014648,2.0132751,-1.6372986,4.6033325,-2.3437195
2008-01-31,-2.0613708,-6.0691223,-0.27069092,-0.7541809,-3.1316528,1.0387268,14.600403,1.6568909
2008-02-01,0.7845154,-0.6413269,1.2061768,-2.3011475,7.056366,3.51651,8.178772,-3.6828918
2008-02-02,0.5558777,1.2937317,6.671417,-2.681427,-1.9620361,2.7777405,-0.84924316,-3.0247192
2008-02-03,-4.008972,2.6636047,0.29037476,-1.5760498,-5.214142,6.315338,-0.7082825,-0.65963745
2008-02-04,-4.9302673,-0.16732788,-0.6229553,-3.6253052,-2.4421692,10.694977,7.599945,-2.5968933
2008-02-05,-6.816925,-3.7548523,4.08374,-2.4223328,2.8926392,13.06778,0.45339966,0.5010376
2008-02-06,-12.356049,4.8414917,3.9517517,-5.470703,6.1526184,5.202545,-3.4074707,0.91293335
2008-02-07,-0.2890625,8.311371,9.848297,-4.4093323,13.055359,3.1075745,-6.7085266,-0.027404785
2008-02-08,-12.082794,4.6338806,8.322449,-0.030822754,-1.936615,5.06485,-1.1802368,1.2127991
2008-02-09,-17.346985,-0.2960205,3.7933044,-6.229889,0.7071228,11.924469,1.3477478,-3.0705872
2008-02-10,-12.249176,-2.1735535,0.46905518,-5.1210327,-4.9893494,0.36367798,3.887024,-5.1419983
2008-02-11,-7.6273193,0.85769653,0.30142212,-5.0033264,-2.1118164,0.23916626,2.6395874,0.27166748
2008-02-12,-4.4062195,-6.169403,6.0376587,-4.3974304,5.310425,1.184967,2.1435852,-0.12432861
2008-02-13,6.3988647,0.6452637,4.4997253,1.6454163,2.4161377,1.2120667,-4.793518,5.1109314
2008-02-14,5.4046326,-4.1096497,3.9128418,0.6106262,0.6152344,3.6703186,-5.210968,9.79483
2008-02-15,1.4174805,-4.647461,9.221344,-2.7218628,6.3931274,10.281647,-4.61084,13.0147705
2008-02-16,-3.6557617,-2.1462708,1.0273743,-5.8129883,0.61880493,1.6737366,-1.4084473,12.210815
2008-02-17,1.909729,-3.4403687,-0.001159668,-3.2755432,10.939636,6.2481995,0.45568848,3.083252
2008-02-18,2.9653625,-3.5846252,6.4985657,0.4335022,11.354553,0.9310608,4.085785,-1.9786072
2008-02-19,-9.204895,0.05697632,7.4162903,-2.6527405,-1.2749634,-0.7852478,6.60437,-1.2637634
2008-02-20,-3.5490417,4.2625427,10.733093,-9.128265,5.5024414,3.8944397,12.524658,-0.08502197
2008-02-21,1.2929382,5.682251,1.6183777,-8.164856,6.6249084,6.5887756,13.180237,-1.1849976
2008-02-22,-7.431732,2.9101257,-0.43792725,-6.051239,1.0231934,-2.0733337,1.8464661,1.3279419
2008-02-23,-2.2096252,2.8069763,-1.2968445,1.4646912,8.408386,0.60440063,-4.953583,5.9951477
2008-02-24,-1.3668213,0.76119995,-2.7822266,2.782196,14.16684,-2.2071228,-5.7499084,11.236725
2008-02-25,4.011078,5.0834045,3.389038,-1.5679321,7.1810303,-2.6990662,-0.65097046,11.938232
2008-02-26,9.387543,5.3973694,11.079041,-5.3780212,5.7641907,-1.655365,4.335022,9.572754
2008-02-27,15.376862,5.4827576,8.074249,-5.0107117,7.1581116,-8.859222,9.720032,6.1137085
2008-02-28,2.9378052,2.1185608,16.69629,-1.2987671,1.1221313,-3.6910095,4.1763,9.018219
2008-02-29,-9.06012,2.472351,,-0.6489258,5.2471924,3.311676,,
2008-03-01,-6.768097,3.8908997,11.164154,-1.6334229,7.7142944,1.2728577,1.7956238,7.4820557
2008-03-02,0.18728638,1.4332886,3.9177246,1.710022,5.5966187,-2.896576,-1.8936462,6.5165405
2008-03-03,10.547058,3.3588257,6.489105,-0.10702515,-5.0832825,-5.1963806,-4.574768,8.789307
2008-03-04,8.6397705,4.337616,7.5065002,1.3059998,-4.3707886,-13.427826,3.7084045,8.053101
2008-03-05,-5.1105957,3.730011,2.5443115,2.0705872,1.3398438,-6.909027,10.91275,8.90802
2008-03-06,-3.1417236,6.159027,2.4244995,1.912323,11.715912,-7.199066,7.8951416,11.128601
2008-03-07,-0.1244812,8.344269,7.0957336,0.7529297,4.613922,-1.2203064,13.957916,3.6400452
2008-03-08,-7.961853,8.639191,7.342743,1.7304993,-0.15646362,0.7154846,4.10553,1.3924255
2008-03-09,-5.8079224,1.1506958,13.038818,2.7759094,1.9173584,2.5455627,5.34256,2.2363281
2008-03-10,-7.933502,-1.3552551,12.20752,-0.1982727,5.5204773,3.2174377,6.274231,2.6757812
2008-03-11,-8.270935,-0.02822876,13.700562,-1.2359314,5.7478027,1.2511292,0.1741333,4.2830505
2008-03-12,-4.743164,5.1822205,10.128235,-0.7124939,-0.3692627,0.20596313,4.6334534,7.325714
2008-03-13,-1.9048157,3.0871582,6.606781,-0.2782898,1.2689819,4.306549,9.058838,8.005066
2008-03-14,2.9335022,2.1932678,7.9600525,1.1683655,12.318695,5.457428,2.9059753,4.237274
2008-03-15,2.6678772,2.4071045,10.952515,3.3551636,14.540741,3.5189514,-3.2339478,5.969055
2008-03-16,-0.02746582,8.092224,11.181824,3.7782898,4.1847534,2.481598,-1.5637512,9.002228
2008-03-17,0.5890198,4.6166687,9.271759,0.70880127,7.4448853,2.0492249,-0.55493164,1.4373474
2008-03-18,-1.2897644,0.09310913,10.040894,-0.020446777,7.8004456,3.1354065,0.60632324,2.0852356
2008-03-19,-3.2865906,4.2573547,4.7202454,0.42282104,12.526733,2.3761292,1.7341614,9.516266
2008-03-20,-6.981476,4.591858,3.7181702,0.18527222,-2.2118835,2.2967834,5.7960815,15.721252
2008-03-21,-5.1526184,6.897583,7.8047485,-0.05508423,-2.0062256,1.6168518,11.03006,7.4160767
2008-03-22,-1.5183411,7.503479,9.916321,1.8308716,-0.39938354,2.132721,15.6528015,1.3119507
2008-03-23,7.356659,2.9266052,4.1779175,3.223999,7.268982,2.4791565,11.473267,2.210846
2008-03-24,3.162506,1.8212585,5.21875,0.67163086,13.219543,3.3841858,17.29541,3.3144226
2008-03-25,11.193024,3.1032715,6.7930603,0.2164917,3.6048584,6.0746155,6.2160034,6.4172363
2008-03-26,2.7541504,4.3208313,8.465973,-0.62490845,7.5588684,6.1305237,6.0348816,4.641083
2008-03-27,-0.85458374,7.339905,8.979584,0.43811035,6.0794983,5.4269104,12.317261,8.553131
2008-03-28,0.057800293,5.9928894,10.275665,4.2494507,7.152588,5.7623596,12.998169,5.913727
2008-03-29,2.7730408,9.085907,10.526489,5.72229,8.996735,3.0282288,11.687592,7.473877
2008-03-30,11.366852,10.782196,9.508362,7.4422913,4.987152,2.9864807,7.328125,10.542664
2008-03-31,13.463654,10.47879,11.62912,9.828125,8.523254,4.0680237,13.687378,12.028687
2008-04-01,15.2309265,10.675079,8.185974,6.9519043,10.440826,3.9415588,14.659851,10.694672
2008-04-02,15.444366,12.229828,9.256989,7.396057,4.825409,3.6219788,14.003571,1.1529846
2008-04-03,6.762787,8.844971,12.107605,7.5361633,6.3612366,3.8287659,10.180542,-1.7776794
2008-04-04,8.410797,9.915497,13.379272,7.426056,4.1282654,9.171295,10.215668,0.30477905
2008-04-05,4.6752014,2.515747,14.807922,4.5588684,4.9690247,14.694977,16.704163,1.5427551
2008-04-06,0.9932251,3.615448,12.518311,3.2735596,7.944824,11.725006,18.626587,1.5255127
2008-04-07,2.130005,6.700714,12.866394,0.52282715,5.0231323,2.2992249,19.54895,1.8583374
2008-04-08,6.7779236,7.8399353,12.015686,3.7892761,5.834717,2.4459534,14.011871,5.351715
2008-04-09,10.463104,9.090393,9.362183,8.170044,1.4505615,5.943512,8.163452,11.530945
2008-04-10,14.478058,9.309479,11.3385315,10.828064,2.2053528,7.1473694,8.246582,12.383636
2008-04-11,16.415802,9.475281,10.514038,11.713959,1.4405518,11.2464905,13.452332,7.2063904
2008-04-12,9.152191,9.798431,8.741211,11.74646,-0.5993347,9.163971,10.407959,5.3452454
2008-04-13,7.2410583,11.179077,9.469055,12.399841,3.0960693,6.9862366,9.450836,7.906372
2008-04-14,7.749054,10.520111,11.773163,13.428192,10.78183,9.307037,15.6258545,12.255524
2008-04-15,9.396088,12.644501,14.775177,11.8479,10.106232,10.329987,17.105438,13.735291
2008-04-16,6.2552185,11.816528,13.97937,9.434509,14.972107,5.394928,17.642975,7.068329
2008-04-17,6.8983154,8.012146,12.04068,10.361847,19.251648,8.20816,14.648315,4.4046936
2008-04-18,8.699646,7.618927,10.970825,11.979187,13.361816,4.994293,20.184387,3.1609192
2008-04-19,12.305084,8.680054,11.141327,14.902283,6.896576,3.7530823,23.48706,2.5449219
2008-04-20,10.806854,10.627045,14.342072,12.177673,7.1947327,3.9083557,20.312683,3.1356506
2008-04-21,12.743988,10.416443,16.988007,10.172699,9.242828,5.769684,14.898651,12.127808
2008-04-22,15.83374,11.707001,18.145233,11.76123,13.410248,10.58902,19.098541,15.161163
2008-04-23,19.088043,12.178986,15.833435,11.903717,11.726715,10.165436,9.321991,13.460754
2008-04-24,20.497375,11.871307,16.277435,8.075989,16.369202,8.342194,7.236206,4.7757874
2008-04-25,18.830475,12.841339,15.250092,5.8525696,5.402771,10.397125,12.441589,5.833252
2008-04-26,14.656586,13.1362,16.767822,11.283661,1.6721802,12.816315,11.924957,9.855835
2008-04-27,12.663452,14.35556,18.402924,15.4151,2.2874756,9.956207,10.170349,11.534668
2008-04-28,13.4617,13.179443,17.912903,15.15094,3.578888,9.386383,17.662659,8.732025
2008-04-29,14.194244,14.909607,16.658875,14.184967,6.390381,10.110992,21.624939,7.0229187
2008-04-30,12.781158,12.7934265,17.31546,13.007751,5.727722,11.260162,22.596283,7.5268555
2008-05-01,12.815033,13.357391,19.120178,15.4841,6.7207336,14.279449,21.563354,14.037781
2008-05-02,12.05954,13.08017,14.892639,16.338074,9.94519,15.856598,18.551727,17.500916
2008-05-03,10.408997,14.574005,14.893066,16.43985,8.574524,16.792145,12.079254,16.62799
2008-05-04,9.893463,15.960602,19.272186,18.4982,8.090942,15.2430725,14.714355,12.44986
2008-05-05,10.466583,15.245819,14.706543,17.665924,8.195862,13.662262,16.806152,11.627869
2008-05-06,12.363434,14.803497,10.230957,13.510559,8.667023,15.875397,19.974304,13.062347
2008-05-07,9.617157,14.63031,10.952209,14.487305,11.673248,18.569733,23.657349,14.421814
2008-05-08,11.654907,15.956787,10.705383,14.894318,14.671722,16.424469,23.306976,14.102905
2008-05-09,12.122864,16.25058,12.732697,13.548401,12.41803,13.332672,19.006989,15.103638
2008-05-10,10.396698,15.481689,14.614319,9.840027,12.472229,10.091705,11.501648,11.725586
2008-05-11,15.504547,15.552643,15.664185,7.870819,14.781616,9.405426,9.715698,9.191498
2008-05-12,16.068024,14.631195,17.393066,12.122314,15.328705,11.5104065,17.806244,8.672485
2008-05-13,18.040192,15.991638,18.572601,14.2751465,15.292023,10.592194,21.428558,10.464386
2008-05-14,15.427582,14.02597,19.277252,13.130005,15.082916,14.956451,12.805023,12.028687
2008-05-15,14.13327,12.72406,19.402802,12.346466,13.3324585,18.727448,11.981567,12.488922
2008-05-16,19.527252,13.9878235,19.206543,13.973907,15.428955,18.576569,15.694397,10.194
2008-05-17,18.98996,13.580963,19.045319,15.233643,13.702179,14.880768,18.66925,10.931213
2008-05-18,13.907227,12.665863,19.389832,16.108978,18.973114,12.251129,16.8768,11.813171
2008-05-19,16.248566,13.55188,19.987274,16.396606,18.166504,15.735748,14.691101,16.840729
2008-05-20,17.980316,14.453857,19.436401,13.781525,19.532104,19.183258,18.34668,13.856842
2008-05-21,21.310211,14.114166,16.618439,13.5937805,20.815338,14.623199,20.921448,13.123901
2008-05-22,19.781372,14.652618,15.775543,12.174774,21.63678,16.128326,14.156616,15.028595
2008-05-23,19.2247,14.151093,19.45929,14.634186,21.722778,22.394196,11.671539,13.920013
2008-05-24,18.677094,14.820343,20.874817,16.145142,17.677032,21.743073,13.315552,15.936188
2008-05-25,17.552979,15.121338,21.67572,17.090607,19.410797,16.72647,16.194305,17.145142
2008-05-26,17.00769,15.325806,20.496521,19.67389,21.194183,11.472565,19.098724,19.111267
2008-05-27,17.515259,16.948486,19.391235,19.935638,22.42749,12.447174,18.812347,19.268677
2008-05-28,19.513397,16.77597,19.20636,19.552979,22.426819,12.933014,19.547852,19.295105
2008-05-29,14.400177,17.956207,19.302917,19.75418,21.160522,15.218658,20.213715,19.392487
2008-05-30,13.68045,18.589111,19.426971,19.346466,18.181213,18.91397,19.970917,21.85846
2008-05-31,16.836975,18.715637,16.866394,16.97351,17.513275,19.106354,18.570038,21.267578
2008-06-01,20.270477,18.501862,16.331146,16.594269,17.644958,18.404205,15.119995,19.471466
2008-06-02,21.785126,18.3461,17.526276,18.514313,21.036346,20.38272,14.697845,19.177124
2008-06-03,21.708649,15.327362,18.186768,16.563751,21.492035,19.048492,21.872192,19.888428
2008-06-04,22.156403,17.509216,19.430756,19.935394,19.615417,18.32022,20.999084,19.801971
2008-06-05,23.544128,18.488312,20.764923,21.779541,18.947723,19.840729,18.471588,20.007141
2008-06-06,23.44519,17.210114,18.048676,21.500122,18.569275,15.159088,14.984375,18.676544
2008-06-07,23.806,19.529755,17.305054,19.507812,19.261139,13.898834,12.443481,15.8151245
2008-06-08,24.068634,19.563477,18.215302,17.075073,19.518188,13.265533,13.777161,16.982727
2008-06-09,22.872833,16.21109,21.001038,17.49472,18.753387,15.282623,15.904236,18.756927
2008-06-10,20.96231,15.543488,23.43457,19.274414,18.85904,17.802155,19.927917,19.149323
2008-06-11,17.571136,15.520935,18.549316,20.97638,20.245544,17.132477,18.704803,19.032135
2008-06-12,19.23465,15.923248,18.445679,21.740906,19.785461,17.258453,19.528778,19.156403
2008-06-13,21.284607,16.282318,18.512634,24.680756,21.455505,16.071686,17.335083,22.654175
2008-06-14,24.545197,18.091095,22.471405,24.634338,20.927063,16.768219,15.133514,24.383392
2008-06-15,24.608673,20.498077,23.49887,23.234589,19.666443,13.481354,17.505463,24.350433
2008-06-16,24.081635,21.124054,24.070404,20.914978,20.158264,14.738678,20.751923,23.85553
2008-06-17,24.143402,20.507935,23.839722,20.158112,22.425385,18.521393,21.994019,23.943237
2008-06-18,24.341034,20.292389,23.16092,22.57663,18.841736,19.951569,21.756378,23.381226
2008-06-19,22.819733,20.723663,22.768524,20.772888,19.955109,21.06192,22.542175,19.484528
2008-06-20,19.387482,22.084137,20.162598,20.296783,19.598328,21.03482,24.224304,19.418396
2008-06-21,18.944702,22.329803,20.543243,18.176605,22.26651,20.059479,23.47171,21.561249
2008-06-22,21.076874,22.283905,20.641571,19.684723,23.256287,19.862213,22.215363,19.038239
2008-06-23,23.8685,22.4151,20.730316,20.488098,24.353241,21.909576,22.494507,17.368347
2008-06-24,22.10138,20.757355,25.038513,21.781708,26.477112,20.50064,22.279602,17.64618
2008-06-25,21.632538,20.150421,20.914368,22.725586,28.334991,19.332672,24.633057,19.387695
2008-06-26,22.828918,20.861969,20.48999,22.081085,28.958954,18.924957,23.253113,22.075867
2008-06-27,25.17331,22.627045,21.051361,21.834442,24.552887,20.228668,22.317444,20.403778
2008-06-28,25.755463,22.97113,21.831451,20.38498,21.744385,19.103912,22.46701,20.467712
2008-06-29,24.785156,23.044403,21.701538,20.511627,22.040741,19.397858,22.589417,19.601044
2008-06-30,23.367828,22.995636,24.697845,17.874786,23.641937,20.09317,23.295135,25.30066
2008-07-01,23.94461,23.487518,24.23172,21.170044,25.856567,21.224762,22.143951,23.553314
2008-07-02,23.595856,23.829468,23.428589,24.952148,28.37381,23.55777,21.422668,21.225037
2008-07-03,24.827118,24.263397,23.639984,24.542236,29.16742,23.519928,23.178314,22.64151
2008-07-04,24.707489,22.89746,22.996033,24.355682,27.089111,21.420319,24.630585,19.871094
2008-07-05,23.60202,24.337067,22.179535,22.892181,25.52533,21.09732,24.9758,19.819885
2008-07-06,22.797089,25.4747,23.974945,24.346283,26.037506,22.785797,24.851776,22.030853
2008-07-07,24.7294,25.658813,23.87207,22.006409,25.465576,20.121246,24.960083,23.334991
2008-07-08,24.206268,24.745087,22.485779,24.069855,24.291382,22.49356,24.895325,25.42984
2008-07-09,21.876251,23.012024,22.90207,24.822083,20.744812,24.972809,26.111298,22.950653
2008-07-10,21.699982,22.655792,22.594635,22.747803,23.070374,27.308014,26.824371,19.465912
2008-07-11,21.981354,22.898407,24.025543,22.789673,23.632965,27.841217,25.820099,22.893188
2008-07-12,23.599365,22.648132,25.742096,22.249939,19.014923,26.293854,23.667664,22.642853
2008-07-13,23.717987,22.69107,25.635437,22.00418,23.245697,22.839752,23.920563,23.935577
2008-07-14,24.034943,22.822052,24.333221,19.042511,23.60315,23.518219,23.852783,21.312592
2008-07-15,24.460358,22.295807,24.565277,19.315918,21.906433,24.719147,24.856506,20.489227
2008-07-16,24.939758,21.966797,24.896698,21.237701,22.513885,24.14859,25.685028,22.581146
2008-07-17,23.318054,23.130615,24.595154,21.94455,22.34311,23.228668,25.060028,24.229279
2008-07-18,23.502777,24.350494,24.774078,21.933502,22.388702,22.337555,25.28189,23.56842
2008-07-19,23.589233,24.779907,25.464233,20.029541,23.208984,23.017242,24.685608,24.934753
2008-07-20,23.26065,25.155853,25.527466,19.587067,24.522736,25.463287,23.293335,25.426727
2008-07-21,21.991669,25.005096,26.014435,21.142029,23.758453,21.633942,20.226562,25.622467
2008-07-22,22.010742,24.768768,26.297577,19.299408,23.2529,22.175201,19.838928,23.518341
2008-07-23,24.793549,23.635834,25.366364,21.40561,23.877045,20.200592,22.813782,22.662842
2008-07-24,26.366028,24.9393,26.049927,23.029205,24.252869,20.990631,25.644562,22.829224
2008-07-25,25.53717,25.339874,25.206177,23.78772,25.36139,26.932526,26.796448,23.867218
2008-07-26,23.82959,24.671234,27.00235,24.832703,25.943726,26.724762,27.573364,22.022644
2008-07-27,21.931366,25.695984,23.77414,25.490417,23.875397,24.893707,28.237549,20.591156
2008-07-28,23.11673,26.96936,24.121704,24.801544,23.380707,21.012848,28.85147,23.33191
2008-07-29,22.745514,27.805328,25.4328,23.392517,23.377228,25.18155,29.362274,21.67337
2008-07-30,23.554047,28.183197,27.564972,25.117004,23.115143,24.006744,26.12857,20.519684
2008-07-31,23.08731,27.931244,30.635162,24.570618,23.118866,22.332672,23.150208,19.682861
2008-08-01,23.507416,25.05194,27.824005,25.759735,24.63559,21.186432,21.922699,23.717468
2008-08-02,23.693298,23.545746,25.277527,27.776093,25.447693,22.729889,23.381592,26.348907
2008-08-03,21.665192,23.668152,24.879395,28.592316,25.19345,19.169098,25.083984,23.184265
2008-08-04,22.407257,24.00467,23.904907,27.390076,24.971375,19.265045,26.617065,20.235199
2008-08-05,23.951447,24.418365,27.326569,24.221222,24.432678,19.199371,28.227509,21.976288
2008-08-06,26.01175,24.091705,24.150818,25.173523,23.979584,20.971588,28.209991,20.864594
2008-08-07,25.20636,24.277802,23.287506,25.921387,24.424194,23.39737,25.94104,20.837708
2008-08-08,23.321136,25.195831,23.131256,23.923065,24.679596,23.897125,25.47528,21.78711
2008-08-09,22.104614,23.243073,26.898407,21.265198,24.40216,22.335358,25.830048,20.955444
2008-08-10,22.922577,22.173065,25.825073,22.037048,23.525513,21.073883,26.942505,21.136017
2008-08-11,24.878265,22.713043,26.041534,22.732483,24.840576,21.244781,27.070068,21.468872
2008-08-12,25.256256,23.113708,26.254883,23.968994,25.951782,20.541656,25.404755,23.056946
2008-08-13,25.716705,23.811249,26.449493,21.551636,25.300812,21.39273,24.265015,22.989868
2008-08-14,26.636078,25.394287,26.457916,22.358582,24.508728,23.572418,25.69104,23.520142
2008-08-15,27.164612,25.896759,27.397583,23.0253,24.864807,21.996735,25.604889,24.589203
2008-08-16,28.33728,25.994293,26.437225,22.390106,24.266663,22.221344,25.410797,22.898407
2008-08-17,25.24057,25.380646,28.449066,20.889038,24.87082,23.235992,25.362732,19.135895
2008-08-18,22.940613,26.074371,29.99878,20.62793,26.878754,23.526031,20.477997,20.37085
2008-08-19,23.895294,24.943726,27.35147,23.483276,27.19159,23.848053,15.529938,21.998596
2008-08-20,25.678375,24.735626,26.678284,21.790833,26.50116,23.089264,19.088806,20.372284
2008-08-21,26.068024,26.543213,24.353912,18.078583,24.696136,23.345367,22.513702,18.3096
2008-08-22,22.843842,25.533478,23.762268,16.474152,24.411499,23.152008,23.742828,19.868866
2008-08-23,17.349152,20.948029,24.108063,17.777954,25.01007,24.589752,25.680908,18.609528
2008-08-24,18.404633,20.903961,24.637787,19.16507,24.546875,23.725983,25.753906,18.079498
2008-08-25,20.564423,23.307953,24.598053,19.743774,24.760803,24.005768,24.682404,17.466309
2008-08-26,22.140717,26.680847,26.328552,20.48465,23.631592,25.977692,24.648834,19.424194
2008-08-27,22.375214,25.028961,29.216217,21.118988,23.402924,23.013336,24.624115,19.286652
2008-08-28,21.859161,24.892883,25.623047,21.857178,23.60675,20.35904,21.43866,18.914612
2008-08-29,23.821991,24.716675,21.941193,22.263428,23.460602,21.14029,13.820526,18.32254
2008-08-30,22.23996,22.479889,21.778412,23.136017,26.479736,21.740387,15.192505,17.148651
2008-08-31,21.676239,18.966583,22.271515,21.088654,27.892914,20.936432,17.183868,18.36731
2008-09-01,22.788422,18.146698,25.084381,20.237335,29.61383,20.217194,19.081696,19.97586
2008-09-02,22.792206,19.639801,25.701843,21.04602,27.60437,22.892975,21.923157,21.680023
2008-09-03,24.29544,20.666351,25.915222,20.877472,27.023804,26.029938,23.837585,18.60788
2008-09-04,23.264557,23.210236,25.319916,19.937958,25.270813,23.930817,23.617249,18.47107
2008-09-05,21.991486,25.496735,22.643616,19.430664,23.45337,23.449615,23.771667,17.204987
2008-09-06,22.223907,26.9935,22.586456,17.531525,23.412048,24.889557,23.687408,17.47113
2008-09-07,21.82846,25.547546,25.624146,19.118011,21.989258,23.49234,19.58545,17.189362
2008-09-08,19.546417,24.326202,25.77298,19.976685,21.096375,25.876373,18.205383,17.817108
2008-09-09,22.970123,22.879974,24.28006,20.156555,22.595123,23.295074,20.27295,17.899048
2008-09-10,25.530548,23.264923,27.682465,18.956085,20.929901,21.522858,21.919434,18.116882
2008-09-11,22.08963,23.580597,28.319336,17.686523,21.367859,21.155426,22.45047,14.66452
2008-09-12,19.585297,24.038727,25.41449,18.36026,22.94934,22.561676,22.935547,17.598602
2008-09-13,18.118134,19.770905,22.781586,19.370728,23.475525,23.406158,24.03534,20.083282
2008-09-14,18.026001,19.34726,23.1604,19.455536,23.724274,23.278473,25.20691,14.820709
2008-09-15,17.973724,16.191864,23.552155,18.912292,21.974426,22.456696,24.336182,11.988373
2008-09-16,19.097687,19.442413,21.156677,18.31668,22.202576,23.64444,23.935333,12.219055
2008-09-17,19.107239,19.63852,22.699493,19.553467,19.897888,23.508698,24.896606,13.835175
2008-09-18,16.903168,20.003357,24.907654,19.681519,19.012573,24.71988,24.802185,14.078583
2008-09-19,17.062225,19.108856,22.349854,18.714539,17.083527,22.6669,24.155426,16.53946
2008-09-20,16.931305,15.4522705,20.98819,19.497559,15.550079,20.984283,22.884857,15.279358
2008-09-21,17.768646,17.760834,21.444733,20.528961,16.615662,20.005768,23.1362,13.532013
2008-09-22,19.75116,21.555359,25.046936,20.217651,20.861298,19.257965,18.58142,12.869171
2008-09-23,20.102814,23.915314,25.378448,19.253632,20.268982,19.298248,13.494232,13.209442
2008-09-24,17.354462,19.34607,24.887848,19.740326,17.703094,21.27359,11.222229,13.973358
2008-09-25,22.729706,19.443542,25.697174,17.405273,17.098297,20.919586,12.3368225,14.220093
2008-09-26,22.35727,19.394806,26.750305,17.179443,16.655548,21.833649,13.704346,14.477753
2008-09-27,19.452454,20.385895,26.906677,15.853638,15.371338,20.307037,14.566986,14.660797
2008-09-28,16.07248,20.463715,26.82611,16.003296,15.078552,17.910553,14.168762,16.60263
2008-09-29,15.608673,21.32431,21.88324,16.895203,15.270264,18.266998,14.847992,13.3394165
2008-09-30,15.801483,21.20044,19.30487,16.02478,15.312347,18.888336,19.048706,8.747009
2008-10-01,13.500519,23.0755,24.276672,15.867645,15.977661,10.419586,18.572449,8.354584
2008-10-02,17.284515,23.338837,22.279724,15.281433,16.366882,14.615143,16.974182,14.639282
2008-10-03,21.048492,23.660248,18.394806,16.156464,16.313385,11.878326,17.83197,18.659576
2008-10-04,11.5086975,17.313995,19.807312,16.636658,16.358246,10.934967,18.493042,19.614899
2008-10-05,10.829559,14.520782,21.679565,16.206482,14.89502,7.757477,19.1409,21.651794
2008-10-06,11.065643,13.5979,24.084045,20.8396,11.572937,5.688629,19.651855,14.520966
2008-10-07,11.194794,17.075256,23.01419,15.214813,13.276489,8.489899,19.234009,13.468597
2008-10-08,14.453369,19.042938,19.578522,11.482239,12.661377,14.506012,17.793701,16.517944
2008-10-09,12.227875,20.655792,17.718994,9.908844,12.678589,17.375153,16.961609,14.470306
2008-10-10,15.748444,22.5289,16.529419,9.236298,16.495148,19.310944,14.943848,10.41095
2008-10-11,17.536499,21.321777,17.088287,9.448914,21.22638,18.074127,15.474152,12.375885
2008-10-12,12.20874,16.886566,17.94455,10.423737,21.164185,12.725739,17.130737,11.556641
2008-10-13,14.878632,13.991577,21.309357,9.067932,19.48352,12.3854065,19.226349,7.5793457
2008-10-14,16.199799,12.964142,19.3833,12.20813,11.554199,13.127106,20.199158,7.509735
2008-10-15,17.080475,13.301239,15.230621,16.282898,10.875305,13.780426,17.120758,11.995361
2008-10-16,10.554596,15.770813,17.746124,12.212555,9.815369,12.779938,19.29956,8.346222
2008-10-17,10.022888,15.690033,22.236084,10.380188,12.455475,13.643951,20.493347,9.087433
2008-10-18,16.23825,13.1091,21.684052,10.83902,12.384796,15.697418,17.272827,7.2977905
2008-10-19,8.916992,15.382172,15.016449,12.248474,9.474304,18.25357,17.26474,8.583099
2008-10-20,6.3931274,17.504913,15.228668,13.898407,11.060242,13.217682,11.10733,13.192291
2008-10-21,8.537415,16.61081,15.760101,14.1073,13.540436,15.645172,5.9719543,15.545502
2008-10-22,10.1041565,13.736633,17.735382,13.689697,14.545319,9.780914,4.332794,15.876678
2008-10-23,10.412933,11.452759,18.638275,12.6936035,10.691925,4.8939514,6.6104126,15.741608
2008-10-24,16.662079,14.813416,20.067413,9.853699,10.073395,10.959869,7.930084,15.426666
2008-10-25,19.373352,16.380066,18.699738,13.729919,9.69339,11.558258,11.168732,17.784637
2008-10-26,17.827606,16.111816,17.816132,15.900269,2.8043518,12.757477,12.209381,16.075012
2008-10-27,12.114105,15.641846,20.075043,15.860413,5.441162,15.88028,11.58371,10.757874
2008-10-28,11.93457,14.588409,16.04013,16.56128,5.8976746,9.3836975,12.578339,9.714386
2008-10-29,12.642975,11.787811,13.323608,12.270569,5.821228,5.8387756,12.954193,9.846527
2008-10-30,17.141663,11.804321,12.462402,9.756287,8.184692,4.0729065,17.874115,7.541046
2008-10-31,14.531464,13.937897,12.97525,10.520081,7.012085,1.6954651,18.134857,8.401001
2008-11-01,15.96994,11.698334,15.404175,9.63324,1.501831,1.9046936,18.497467,10.3611145
2008-11-02,7.0119324,10.794067,17.707397,7.3550415,6.1382446,1.7906799,13.542694,17.04129
2008-11-03,5.2872314,15.259369,18.98584,6.54422,1.5369568,2.938385,4.9479065,16.906158
2008-11-04,8.877472,17.589905,19.623016,7.4680176,2.2652893,5.93985,5.4486694,7.258026
2008-11-05,4.472687,14.000153,19.102936,10.879913,2.192566,7.8365784,8.532867,3.7646484
2008-11-06,4.087921,10.556183,10.129089,6.7444153,7.308716,3.2206116,13.574799,4.751465
2008-11-07,3.9672546,8.715973,9.021637,4.9024963,1.2720032,2.1910706,14.691772,1.2418823
2008-11-08,8.920746,8.260895,9.03656,3.8495178,4.568878,2.7167053,6.448059,3.4890747
2008-11-09,6.408966,11.12616,9.976624,3.399353,6.948059,3.0502014,5.9284363,1.5696716
2008-11-10,4.3205566,17.239807,12.002716,5.418091,14.5260315,4.403473,11.321716,0.5252991
2008-11-11,0.03012085,19.02121,15.453918,6.212921,16.986786,8.504059,14.502716,1.910614
2008-11-12,0.8577881,11.028473,17.141083,9.882477,16.035278,12.629547,7.4084473,12.783478
2008-11-13,1.0755005,8.746063,17.854492,11.213287,6.9375916,4.759674,7.640045,5.5291443
2008-11-14,10.819794,6.2084656,18.915924,9.608307,5.830414,2.8622131,14.777466,2.7428894
2008-11-15,8.732513,13.092072,19.66101,9.591888,9.00412,2.2467346,17.001678,0.82510376
2008-11-16,-0.43829346,12.232544,19.094849,12.278931,9.137787,0.4923401,10.191406,-1.0377197
2008-11-17,-1.1182861,9.540558,20.27771,8.997864,9.33255,2.9681702,4.213684,0.06011963
2008-11-18,-1.0431824,9.499603,17.966675,6.9207153,10.381714,1.318512,4.549347,1.7365112
2008-11-19,-0.39437866,12.938629,11.604492,9.359436,7.9095154,0.5177307,2.7466125,-0.55929565
2008-11-20,-2.9649353,15.240601,11.457794,13.580292,-0.49917603,-0.035247803,3.0739136,-1.9064026
2008-11-21,-3.3931274,10.447845,13.891083,15.130524,-0.3574829,-0.09701538,6.150482,-1.3153992
2008-11-22,2.9413757,9.337616,16.655365,8.531952,1.0007935,-0.47128296,2.322998,-1.6283569
2008-11-23,7.5852966,13.014069,16.192566,8.473938,-0.14239502,-0.040863037,-2.5338135,-2.0447388
2008-11-24,8.295685,16.182953,12.385834,9.600647,-0.43151855,6.0367737,-0.3947754,-0.35531616
2008-11-25,4.1532288,13.55838,16.042969,10.54834,-1.8725586,4.7782288,6.9569397,-0.3131714
2008-11-26,-1.2274475,9.168549,17.926544,15.369263,-0.67004395,2.9652405,13.419922,3.2280884
2008-11-27,-2.288086,10.656891,20.16861,14.021088,-4.9069824,2.5243225,14.874695,-0.009552002
2008-11-28,2.094818,7.0837708,19.046234,10.597656,-5.622162,-0.6636658,1.6801758,-0.9293518
2008-11-29,3.721527,4.4807434,10.570648,7.087555,-4.62027,-1.0315857,0.87957764,1.2578735
2008-11-30,2.3059998,7.924713,9.082794,5.937378,-2.8893433,1.115387,2.6253662,-0.12432861
2008-12-01,-1.2021179,10.899384,10.443573,5.1924744,-3.1028137,1.4212952,0.57977295,1.902008
2008-12-02,-1.5450745,9.680237,9.742889,8.554199,-3.6089478,3.5086975,-0.009552002,0.38998413
2008-12-03,-2.5923157,6.6297913,12.7795105,10.338135,-2.6677856,6.587555,2.410492,5.280731
2008-12-04,-1.9322205,5.2969055,14.684143,6.3823853,-1.3922424,3.7171936,9.845673,3.1781921
2008-12-05,0.56985474,6.800171,11.242615,6.317688,-1.5448303,1.2401428,4.052704,5.566681
2008-12-06,3.4969177,4.5434875,15.39859,7.4892273,-1.8371582,2.2706604,10.896179,4.3279724
2008-12-07,1.7343445,1.7155151,16.79013,10.919281,-2.0630798,3.6234436,6.0826416,2.3076782
2008-12-08,-0.050079346,4.7817993,19.566284,13.783661,-3.531067,9.911285,2.2157593,13.582489
2008-12-09,1.5717468,2.2324219,9.55838,11.351379,-1.4709473,-3.9449158,3.1318665,14.45639
2008-12-10,5.3840027,2.0758972,6.3217773,8.202667,-1.4384155,-6.255951,1.7859192,5.326233
2008-12-11,-0.9875183,9.658966,8.4843445,7.406616,0.022155762,-5.2591248,0.12805176,3.573578
2008-12-12,0.43289185,8.475006,14.736328,5.293701,-1.1520691,-4.144867,-0.013824463,4.983246
2008-12-13,1.7288208,6.7793274,16.08545,4.092407,-2.1791077,3.9388733,2.610962,5.680725
2008-12-14,-1.9553528,4.306732,17.272644,7.419464,-2.0618896,9.78067,3.809143,8.525543
2008-12-15,-3.8504028,2.4355774,16.428253,5.0012207,-4.76062,-0.8560486,0.6833191,13.115356
2008-12-16,-4.7655945,3.0317688,10.769745,4.486084,-8.079346,0.6878967,2.029602,11.960541
2008-12-17,-4.1545105,8.194305,9.483643,4.7768555,-8.345886,-2.361908,6.2343445,1.769165
2008-12-18,-2.4692078,12.98349,2.3869324,4.75589,-3.2260437,-5.00058,9.667664,-1.9008179
2008-12-19,-5.602417,6.5154114,5.335663,4.157898,-1.9857483,-5.367279,-3.9300842,-3.1514282
2008-12-20,-4.693695,1.2580566,8.688782,2.342682,-14.783356,-4.3265076,-2.8558655,-2.2301636
2008-12-21,-4.720398,0.9767761,3.001831,0.4784546,-13.288788,-4.6062927,0.4371643,-3.7601318
2008-12-22,-7.2528076,-0.33081055,4.875763,-1.2589722,-13.797668,-1.5887146,0.8678894,-3.986267
2008-12-23,-6.5743103,0.5711975,9.961151,-2.6860046,-14.986511,0.85317993,2.5581665,2.9698486
2008-12-24,-5.3274536,-0.4203186,10.416077,-2.5116577,-13.612457,0.6112366,10.99472,10.680634
2008-12-25,-6.2687073,-0.8864746,9.904968,-6.0505066,-11.873108,1.1969299,8.571655,-0.41088867
2008-12-26,-4.4039,-0.9419861,5.053833,-5.8006897,-14.150452,2.1825256,3.0194397,-0.20626831
2008-12-27,-5.227539,-2.5014343,6.2313538,-7.2171936,-12.950867,3.8346252,4.0290833,9.350952
2008-12-28,0.2074585,6.6756897,9.099243,-8.898804,-11.862549,-1.2710876,1.8514099,-0.82995605
2008-12-29,2.6541443,6.0240173,5.9778748,-2.1564636,-10.938599,-0.2840271,1.712738,-3.7143555
2008-12-30,-0.14175415,2.2311096,1.7788086,0.47912598,-7.5486755,4.7877502,-0.8095093,-3.86615
2008-12-31,-0.35299683,-0.5465088,3.1244812,-0.772522,-5.8867188,1.5589905,-1.3788147,0.5557556
2009-01-01,-5.247467,-1.287262,5.636902,2.062622,-1.6090088,-0.2671814,-4.4661865,6.989441
2009-01-02,-7.134308,-2.9427185,10.908844,0.9897766,-1.414978,2.438385,-4.413666,0.7402954
2009-01-03,-8.281738,-0.010345459,3.3524475,0.56903076,0.34072876,3.1446838,-2.6760864,-2.8083496
2009-01-04,-2.21109,9.863861,1.5791931,0.15151978,3.2971191,4.257965,-1.0879211,-2.7609558
2009-01-05,-3.495636,5.3908997,1.0021667,-0.050598145,-1.5706177,5.579254,-0.67578125,-0.865448
2009-01-06,-9.509613,3.3002625,5.3758545,-0.7861023,-6.488434,2.3634338,2.9398499,-2.0707092
2009-01-07,-8.076996,1.6656494,11.313965,-3.8292236,-9.033508,-3.3755798,7.058899,-1.1945801
2009-01-08,-8.769531,1.5509949,8.385651,-4.4723206,-7.0664062,0.49038696,3.0897522,0.60375977
2009-01-09,-6.3333435,1.4761658,6.6240845,-4.1892395,-0.38510132,12.808014,1.2432251,-0.44641113
2009-01-10,-8.287018,0.13607788,5.7964783,-5.167389,-7.1028137,0.30337524,9.752167,-2.009491
2009-01-11,-5.7344666,-1.7588196,-3.557312,-3.4933777,-10.631714,-2.8008728,2.5950317,-2.1269226
2009-01-12,4.431183,5.492401,-0.6926575,-1.5455017,-9.037476,-0.9097595,-7.5861206,1.2105713
2009-01-13,2.0762634,-0.36019897,1.3106995,-2.0833435,-10.144043,-8.39389,-3.6255188,1.0346985
2009-01-14,-15.238739,-2.4413757,0.91342163,0.61987305,-8.371338,-10.434906,-4.581726,3.678772
2009-01-15,-12.089081,-3.5206604,0.6480713,0.32131958,-5.7851562,-17.837982,-5.04657,7.3201294
2009-01-16,-4.8072815,-1.7829285,3.204712,-2.61792,-5.418518,-20.61264,1.7419739,12.540314
2009-01-17,-1.8930359,5.747284,8.476501,-1.5427856,-9.877502,-14.445892,1.0686646,4.375824
2009-01-18,-9.636078,7.139557,4.8935547,0.5665283,-9.867584,-5.2137146,8.386169,5.0843506
2009-01-19,-5.992035,-0.30551147,2.3640442,0.73480225,-9.523376,-0.14486694,-2.0480042,0.12722778
2009-01-20,-14.083832,6.6688232,0.24508667,1.1575623,-9.168732,0.53970337,-6.2976074,1.5324707
2009-01-21,-14.870148,6.7569275,-2.092682,0.2829895,-12.346893,0.29434204,1.8625183,3.542694
2009-01-22,-17.093445,3.8454895,4.0361023,-0.6613159,-7.2103577,0.84780884,6.2941895,-0.4480896
2009-01-23,-15.239502,-1.6523743,8.348206,-1.1130066,-0.13308716,-2.0230408,3.360382,-4.5251465
2009-01-24,-4.256439,-4.9964905,14.4444275,-2.6471863,-0.7978821,1.7606506,5.6383667,-0.8183899
2009-01-25,-5.2844543,2.6784363,13.61441,-3.888855,1.9173279,9.233795,8.498962,1.510376
2009-01-26,-5.987274,0.015045166,6.141815,-1.1332397,4.997986,4.2836,12.216034,-0.9649658
2009-01-27,2.8179932,-4.093292,4.3893433,0.15957642,3.006897,1.1568909,6.1368103,0.36398315
2009-01-28,-2.3506165,0.85873413,8.164307,1.8147888,12.444763,2.033844,7.595886,-1.378418
2009-01-29,-4.5663147,4.2964783,6.090637,-1.4601135,2.7845154,7.4945374,10.003479,4.883606
2009-01-30,-1.7987976,-0.22695923,7.6289673,-7.159607,-3.7198792,11.6315,1.1290588,4.2055664
2009-01-31,-4.0448303,5.137726,4.5984497,-8.569305,-5.8959045,12.35611,-1.2275085,-0.0211792
2009-02-01,2.5335999,7.594513,2.684845,-6.5763855,-5.5840454,1.3558655,-3.077423,0.08743286
2009-02-02,3.074829,-0.88101196,3.4828491,-6.4636536,-1.8780518,1.0030823,-1.454956,1.6894226
2009-02-03,-5.4289856,-1.2697449,5.5021057,-5.1809998,-3.4789734,1.6300354,3.5765076,2.0255127
2009-02-04,-3.0764465,-0.040985107,6.400482,-5.3276367,-11.204132,-1.7774353,1.5992126,4.6219788
2009-02-05,-10.818085,4.69516,7.3222656,-10.420471,-11.538605,-7.2120056,7.8824463,9.689667
2009-02-06,-11.019196,3.4763489,8.211212,-3.414154,-3.4855957,-4.149994,-1.0341492,3.7426758
2009-02-07,-9.264404,2.1928406,11.771393,-0.64068604,-0.22155762,-5.0750427,-1.2104797,12.249268
2009-02-08,-5.261078,4.3385315,13.452606,3.6337585,-6.002716,-2.5779724,7.7059326,3.634735
2009-02-09,-4.8467712,3.3526,14.230194,7.76474,-4.781067,-2.797943,7.092682,-8.162018
2009-02-10,-0.585022,3.1470642,0.73690796,4.1976624,-5.342163,-8.201508,-0.8803406,-2.7796326
2009-02-11,-5.161438,-1.7799072,-0.177948,3.8839722,-7.0095215,-8.213715,-5.6492004,-0.037994385
2009-02-12,-10.334534,-3.3597107,3.9640198,3.6460876,-9.284058,-5.9412537,-5.256439,1.9021912
2009-02-13,-12.292633,-3.8127441,12.58725,4.519348,-10.999512,-4.8523865,0.9303589,4.9983826
2009-02-14,-11.651825,-2.0896912,9.905243,-1.2198792,-7.5342407,-2.190277,3.4317932,11.139069
2009-02-15,-7.3461304,-1.3354797,0.18844604,-1.5692444,0.2322998,2.6817932,7.80011,3.229889
2009-02-16,-7.628998,2.048462,2.7228699,-2.02771,1.0159912,5.9720764,1.0950623,1.5271912
2009-02-17,-7.10318,4.7416687,6.9558105,-1.0047913,3.6585388,0.59194946,-2.4820557,1.2534485
2009-02-18,-2.8318787,0.24887085,8.762024,-0.54229736,-2.7038574,0.6317444,-6.7618713,-4.4929504
2009-02-19,-2.376007,1.4448547,3.9637756,-0.79629517,-5.776764,6.9464417,-9.823151,-1.4659424
2009-02-20,-7.369446,0.038879395,4.085083,-1.1295166,-2.6107788,1.8614807,-10.177185,6.5337524
2009-02-21,-5.1681213,1.0635681,6.401306,-0.9190674,-2.5966187,0.5643616,-9.162109,1.8353271
2009-02-22,-7.6081543,2.5829163,6.0274963,0.025939941,1.2129822,-1.5965271,-9.167847,2.4805603
2009-02-23,-12.0372925,1.6211243,0.36065674,-0.07910156,-0.001739502,0.7257385,-6.487274,4.5588074
2009-02-24,-9.240631,8.766388,5.036621,-1.2677612,-0.5019531,3.7184143,-12.764587,-2.2184753
2009-02-25,-6.2095947,1.9444885,10.243042,-1.5433044,-2.4761047,2.8182678,-12.895569,-4.116974
2009-02-26,-1.0793152,3.4467163,14.121674,-0.47073364,-1.1856079,-1.7972107,-17.92041,-4.1098633
2009-02-27,-1.2936096,7.975342,10.999939,0.745697,0.7604065,-9.429779,-13.346191,1.8396606
2009-02-28,-0.72732544,6.7444763,2.9098206,1.4941406,1.5376282,-7.909027,-8.717957,9.421051
2009-03-01,4.5420227,6.084137,4.4855957,2.7333984,4.918274,2.398346,-1.3266296,-0.26153564
2009-03-02,7.105377,5.3243103,6.011017,2.863678,0.5721741,8.200836,3.559021,-0.0007324219
2009-03-03,5.7287292,5.143219,8.135956,3.3079834,-2.046692,12.006744,7.236664,2.402954
2009-03-04,1.3925476,4.042145,2.0130005,1.9187622,-1.0774231,6.1246643,12.762238,-0.81069946
2009-03-05,-3.0038757,5.917053,0.47528076,4.6103516,-2.2680054,4.103668,12.865173,11.093201
2009-03-06,0.7159729,7.4648743,1.1811829,5.1701965,-0.72109985,7.089508,10.51059,5.1623535
2009-03-07,1.6227417,6.2652283,5.2070923,1.0850525,2.2009583,9.906647,7.9683228,-0.27163696
2009-03-08,2.262848,2.2035828,11.101135,-0.68930054,1.1653137,10.886871,8.646057,0.47314453
2009-03-09,3.8996582,2.1105652,15.718842,-2.1116333,1.0721436,-0.15438843,2.1126404,0.21185303
2009-03-10,6.8520813,6.0954895,17.664001,-1.0116577,1.045929,0.2735901,1.6638489,-1.3629761
2009-03-11,8.595917,5.8033752,14.977814,0.70822144,2.1256104,-1.0684509,2.1029053,0.98605347
2009-03-12,8.488556,4.1684265,10.603088,4.6932373,0.75427246,-0.95932007,2.8640137,1.6098633
2009-03-13,9.772614,5.6549377,7.0994873,10.736938,0.9206848,-1.6714783,3.5257874,2.7366028
2009-03-14,12.188416,5.8467712,6.9602966,13.773468,4.0288696,0.7569885,9.652924,4.097595
2009-03-15,1.9243469,5.4026184,6.854248,9.069519,-9.328766,2.8131409,15.811249,9.310059
2009-03-16,1.6781921,6.144287,10.278229,7.340851,-3.8502502,3.8136292,8.097931,6.49646
2009-03-17,9.814667,6.937378,11.424255,6.922821,2.6868896,4.65567,0.99957275,1.78479
2009-03-18,2.4665222,6.99881,6.400177,8.715851,3.5709534,5.2447815,-0.7682495,8.565308
2009-03-19,2.117218,7.7379456,2.0592346,10.424438,1.6147461,7.3209534,0.40298462,10.6076355
2009-03-20,3.9201355,6.8561707,8.871674,10.607849,2.282074,7.9076233,2.194336,14.276398
2009-03-21,6.8730774,6.3647156,6.781128,13.065063,2.910797,5.709137,7.88855,7.259796
2009-03-22,4.3540955,7.203949,7.3591003,13.912048,7.2947083,5.301178,1.8638,4.0815735
2009-03-23,7.793091,5.8715515,9.531586,12.267731,9.461029,5.632477,2.7683105,7.9610596
2009-03-24,6.6199036,3.900116,7.3461914,13.745514,13.33493,4.115631,0.58395386,12.841766
2009-03-25,2.908905,5.1701965,5.149597,15.143829,4.2998047,6.5502014,-0.29901123,9.820984
2009-03-26,2.7796936,5.8996277,4.766632,16.934082,2.0657654,7.0782776,5.2318115,5.3779907
2009-03-27,0.9871521,8.85318,7.381836,16.764008,7.9206543,9.967926,11.768616,4.304016
2009-03-28,-1.4573059,7.4359436,10.650757,17.330841,10.541595,12.116119,14.6779785,6.060913
2009-03-29,2.806366,7.481659,9.655914,16.29898,10.696869,13.890045,9.066589,5.3039856
2009-03-30,4.4055786,4.11911,9.5937195,15.220337,10.8776245,11.512848,2.7328796,4.6431274
2009-03-31,6.027649,8.722015,13.752563,16.546356,3.8103638,7.7914124,2.592804,4.565979
2009-04-01,6.9868164,10.20224,11.415497,16.020935,-1.805603,9.866852,5.553589,5.057434
2009-04-02,7.632721,10.617706,7.3942566,13.124512,1.3594055,5.1459045,12.111359,5.59494
2009-04-03,9.98172,6.2602234,11.479614,12.532013,3.186432,-0.062347412,7.019104,11.722809
2009-04-04,11.858276,7.854065,12.142822,10.089569,1.7678833,1.0167542,9.750885,15.0060425
2009-04-05,14.315094,5.2496643,8.909485,9.65918,6.196472,0.9371643,12.98587,10.259674
2009-04-06,10.794647,5.431549,8.076294,10.359833,11.891113,0.330719,9.243042,10.709625
2009-04-07,4.48761,5.896515,10.282745,10.151794,6.5767517,1.5904846,4.4797974,13.750549
2009-04-08,11.073639,5.360901,11.224213,12.118805,-0.19448853,2.6669006,8.7659,4.6322937
2009-04-09,12.667023,6.2878113,10.295105,13.819885,4.0740356,3.033844,11.184967,3.5841675
2009-04-10,11.846405,6.5398254,9.574219,17.996277,4.585144,3.643219,8.512268,4.7585144
2009-04-11,-1.0976868,8.664551,8.947388,17.890686,4.8743896,6.5003967,17.517761,6.2134094
2009-04-12,-1.1507874,8.75705,5.610504,17.21753,1.075531,6.444977,15.402161,8.592194
2009-04-13,0.8121643,7.321167,8.067993,17.996887,-2.357666,6.603424,6.870331,8.866913
2009-04-14,2.5604858,7.197357,9.156006,17.46225,-2.5360413,6.5482483,9.291138,10.977295
2009-04-15,4.3783264,7.1761475,9.888275,17.061401,0.8869324,4.721588,15.505157,13.003052
2009-04-16,6.017029,6.8020325,9.794983,18.46994,1.0708313,5.101959,12.532745,10.331329
2009-04-17,5.547943,8.012146,9.908844,16.127808,0.6694641,6.1544495,8.967926,8.999176
2009-04-18,5.538971,8.648956,12.399872,14.322266,2.496704,8.294342,9.910431,1.9912109
2009-04-19,3.6372375,10.944489,11.951172,14.891022,0.99172974,6.835602,10.807404,2.0057068
2009-04-20,6.8515015,11.019897,9.008789,17.639252,0.872345,4.3038635,14.045959,2.093933
2009-04-21,10.876862,10.237701,8.921783,18.643524,2.1427307,8.43277,18.783752,3.0002747
2009-04-22,10.074799,11.380127,10.181976,18.77649,4.218811,14.212799,23.294617,2.17807
2009-04-23,10.48111,9.584625,12.268829,17.636414,3.4527893,15.602203,22.09497,3.7835999
2009-04-24,11.065369,9.326111,14.363464,16.580292,5.2561035,8.087799,21.168701,5.845703
2009-04-25,9.438751,9.190094,12.154633,17.521881,8.242401,5.448639,22.046936,5.8831177
2009-04-26,12.083405,8.968231,11.80191,17.935638,2.849823,9.674957,22.871307,6.596283
2009-04-27,13.950836,9.79245,12.187622,18.036743,2.1983032,13.898346,20.122437,10.030518
2009-04-28,12.986023,11.086029,12.698181,15.260559,5.1239014,9.016022,24.618591,6.8663025
2009-04-29,9.999237,10.010834,11.569519,13.485992,9.688934,9.3055725,24.908783,10.256348
2009-04-30,13.131622,11.358856,12.016083,15.405304,10.838928,12.184967,19.862427,17.282837
2009-05-01,11.882538,11.139496,13.845734,18.107574,12.101807,12.951324,18.852692,12.100555
2009-05-02,14.199524,11.184723,14.881256,17.91687,13.228027,12.200836,14.359863,10.091431
2009-05-03,10.330353,11.426422,13.0989685,16.94278,16.14038,12.718903,16.339172,9.17572
2009-05-04,8.807068,11.229492,13.051575,16.108124,15.028015,12.753815,17.83664,12.644897
2009-05-05,10.181122,11.108948,15.617493,16.023773,15.249359,10.529205,7.0072937,11.750793
2009-05-06,14.783417,10.498505,12.168335,18.821442,15.894012,10.544098,10.236572,7.433655
2009-05-07,13.339813,13.173004,14.371277,19.042725,10.43103,9.802643,17.15326,6.9286194
2009-05-08,12.679321,12.8749695,19.106018,18.222534,12.148926,10.854645,20.756653,9.362518
2009-05-09,11.371307,11.6371765,19.765808,18.138641,11.632446,10.225739,21.72995,8.729309
2009-05-10,13.5954895,11.837799,20.338837,14.660339,7.2898865,12.7464905,13.044159,7.632416
2009-05-11,14.490173,12.589935,20.510712,15.2690735,9.893311,14.858795,11.123199,14.588318
2009-05-12,12.333862,14.056427,18.483215,15.7771,13.426361,12.860748,12.807343,17.680145
2009-05-13,12.390106,13.066925,16.282349,14.831299,12.96637,13.231598,13.414185,11.441528
2009-05-14,13.223755,12.553253,15.166199,17.013702,14.870911,11.486481,10.482361,10.721893
2009-05-15,15.586121,11.998291,15.997223,18.470337,18.794647,17.171051,18.522736,11.814423
2009-05-16,15.1910095,13.921997,18.634338,17.431122,13.782623,16.099274,21.310791,15.177521
2009-05-17,13.439117,14.712616,20.405518,16.995117,12.146606,8.848297,22.867462,15.231171
2009-05-18,12.979767,16.000671,19.737122,16.835388,15.585236,8.422516,20.813965,15.685333
2009-05-19,14.355621,15.659637,18.831543,17.427094,15.497223,10.309479,14.240692,16.46405
2009-05-20,14.458282,13.827789,19.89859,15.753265,12.226318,16.272858,14.45816,16.236725
2009-05-21,14.064178,15.054443,15.065247,15.461884,16.58844,18.668121,14.937012,17.999268
2009-05-22,14.890045,14.657501,13.608185,18.434723,18.884186,13.981598,17.46289,16.710999
2009-05-23,14.531555,15.5902405,13.829102,21.291565,17.135254,11.758209,19.206787,10.583496
2009-05-24,11.48111,14.850067,14.566071,22.391785,15.630798,10.08902,19.091034,11.785461
2009-05-25,13.184601,15.120453,14.311707,20.410736,13.605103,13.384674,19.033112,13.063721
2009-05-26,14.144196,14.43866,14.7873535,17.87088,14.91098,10.609039,20.668335,11.258759
2009-05-27,12.265472,16.637482,15.74353,16.89685,14.68335,10.866608,22.064087,12.461365
2009-05-28,13.559418,16.053223,17.45578,17.793427,11.440521,14.457672,22.913666,14.582855
2009-05-29,14.820526,16.103302,18.630676,17.071869,13.230988,10.740875,20.037811,13.809723
2009-05-30,16.348541,17.16626,19.70694,17.904266,16.169098,8.274567,17.9747,16.695007
2009-05-31,16.081879,16.506378,17.284454,17.57544,18.867188,10.6586,20.27362,15.129791
2009-06-01,19.258942,15.603241,16.215637,17.25888,21.781342,12.962555,18.877655,10.53006
2009-06-02,20.641083,16.642548,16.633148,18.209808,21.520813,15.259918,17.749603,11.738983
2009-06-03,20.693298,15.58847,18.638123,17.613739,21.896301,14.70816,22.066254,14.530823
2009-06-04,19.948761,16.204865,20.293701,17.9404,21.459717,15.397858,23.441132,18.300476
2009-06-05,20.028412,15.506561,19.841064,18.859802,20.444153,17.700348,20.01474,14.787903
2009-06-06,18.052277,13.594666,20.322632,19.499084,21.426788,15.153717,19.22528,15.862335
2009-06-07,17.414124,14.791107,22.041199,19.67044,22.330597,15.307526,22.304474,15.119843
2009-06-08,17.507294,14.982849,24.573029,18.506958,23.283783,21.372711,21.480133,14.1474
2009-06-09,18.442657,15.792755,23.026459,22.497131,21.983765,17.152496,21.602142,17.31842
2009-06-10,19.01242,15.959137,21.074951,23.247375,22.43814,19.767975,16.503326,15.525055
2009-06-11,19.997955,17.888947,20.614594,23.437592,22.81543,18.911774,18.767914,14.5997925
2009-06-12,18.670471,17.936188,21.999329,23.094696,22.63324,15.804596,15.149445,14.749176
2009-06-13,18.483002,16.568817,20.047028,21.333923,21.682312,17.4357,19.14447,13.750427
2009-06-14,20.033478,17.042267,21.717194,19.836792,21.070862,20.185455,24.702454,15.452972
2009-06-15,21.417938,18.04483,22.89032,21.2359,23.85608,20.690582,24.194275,18.466156
2009-06-16,20.913239,17.746124,23.057465,21.70642,24.40683,20.194733,21.46634,21.887878
2009-06-17,20.719452,17.461548,22.424774,22.649567,21.564545,17.648102,22.424622,23.060852
2009-06-18,19.179169,19.000336,19.498627,22.788544,17.572693,16.15152,21.981964,16.578339
2009-06-19,20.139801,19.010468,17.349335,24.472717,17.034546,14.132965,20.670105,15.773132
2009-06-20,18.34253,17.577911,19.540497,25.736725,17.134766,15.01358,21.3703,17.579407
2009-06-21,15.124908,16.933807,22.259338,27.165253,18.408173,19.377838,22.74591,21.889832
2009-06-22,17.316223,18.239899,24.333923,28.546722,21.123383,20.223053,26.4281,19.692963
2009-06-23,19.670197,19.88742,21.703796,27.82196,20.260834,21.928375,24.93747,21.078796
2009-06-24,22.066223,19.195587,21.222076,27.074707,19.136353,21.54654,23.165833,22.161255
2009-06-25,22.778107,19.299744,21.747864,27.93045,20.524994,18.54483,22.065735,23.997498
2009-06-26,24.39914,19.252289,21.396667,26.76886,23.66565,15.416901,22.46524,23.617462
2009-06-27,25.510254,18.918549,22.531006,23.96582,23.942535,16.433502,22.102844,23.704224
2009-06-28,23.589111,19.263641,24.128113,24.190552,21.002533,21.25821,18.500793,25.39273
2009-06-29,21.847626,20.713165,25.57312,23.857788,19.06549,22.095367,17.727234,22.350708
2009-06-30,21.772247,21.000458,26.000488,24.046082,19.91037,21.451569,19.931671,21.376556
2009-07-01,20.982635,19.977753,26.061432,23.581696,19.762543,21.963531,23.125092,21.663177
2009-07-02,21.889282,20.193756,25.900787,22.7948,20.633759,22.047516,23.538605,20.772064
2009-07-03,22.946991,20.8349,27.055328,22.339355,21.21286,22.235748,22.763092,18.875946
2009-07-04,21.454132,20.83078,27.066284,22.825043,22.87732,23.267487,23.009277,18.84784
2009-07-05,20.384064,20.74704,26.276245,25.985626,25.100403,21.61026,25.016937,19.97345
2009-07-06,20.17212,20.40506,25.389618,26.508179,25.578064,20.823639,23.20636,21.46521
2009-07-07,22.640808,21.391998,24.19278,26.820007,26.626282,19.13565,17.615265,22.915985
2009-07-08,22.399689,22.546265,24.244904,25.920258,28.303772,15.70108,20.474854,22.853516
2009-07-09,23.415619,22.095428,23.56662,24.750977,25.524445,16.927155,25.196625,22.774231
2009-07-10,22.72818,22.345642,22.651093,23.916473,22.106964,21.586334,18.305786,21.506195
2009-07-11,22.125275,21.711426,23.417603,25.71103,18.999786,25.08023,14.561188,20.712952
2009-07-12,20.378387,22.025848,23.697937,26.12677,20.068665,24.108795,16.731934,25.683563
2009-07-13,20.555023,22.598145,23.829346,25.594818,22.307251,23.626617,21.577759,24.622437
2009-07-14,20.989838,21.18457,26.644348,26.866608,23.201569,17.752594,21.553009,25.036255
2009-07-15,22.30484,21.55722,27.989563,25.424835,22.77826,17.34903,24.098785,24.186523
2009-07-16,25.226837,22.28067,26.764496,22.974823,22.951569,17.701324,24.756409,24.505066
2009-07-17,24.967255,22.565521,30.051117,24.565338,23.345856,18.211823,23.97168,24.001892
2009-07-18,22.76535,22.536072,27.526093,22.647247,24.026855,19.326324,25.406525,22.959167
2009-07-19,23.55307,23.068817,28.773926,22.69754,23.796753,19.913483,25.662292,21.543274
2009-07-20,25.520782,23.655243,25.980804,24.740143,23.254852,21.533844,26.687378,23.261261
2009-07-21,25.769043,23.88089,24.131195,25.485565,23.307373,21.628815,26.862549,23.919464
2009-07-22,26.297821,23.597687,24.350311,24.9971,23.81015,23.942535,28.86267,23.948914
2009-07-23,26.945892,23.816711,25.73642,25.445496,24.153076,24.310211,26.88916,24.22116
2009-07-24,26.899902,23.760345,25.524445,24.053802,24.426422,23.07193,25.311554,25.477722
2009-07-25,27.278534,24.030487,25.13971,25.799225,24.737122,22.49942,23.786346,24.093323
2009-07-26,27.57312,24.49582,26.39331,26.35846,24.23462,22.8378,22.042877,20.010284
2009-07-27,24.13852,24.601044,26.671082,25.63736,24.684113,22.846832,21.817566,20.066162
2009-07-28,20.16922,22.357086,28.500519,24.993713,25.038452,22.52237,22.558716,22.899261
2009-07-29,21.698181,22.335419,28.049866,23.222717,25.131989,22.192291,24.276886,24.804321
2009-07-30,27.497467,23.233551,27.121246,23.304474,24.626251,21.167389,25.875885,26.60675
2009-07-31,26.231445,23.900726,25.81491,25.109283,25.001099,17.473785,26.425385,23.73529
2009-08-01,24.581635,23.160065,26.539917,25.875793,26.06073,17.842438,26.545044,20.233093
2009-08-02,24.37387,22.61728,26.73288,25.578552,26.664429,18.37027,26.241913,19.72171
2009-08-03,24.592896,23.269165,28.115479,25.876526,25.209503,21.266754,25.429596,20.523224
2009-08-04,23.854889,23.322357,29.83905,26.144043,26.920563,26.32193,27.228455,18.417664
2009-08-05,21.599854,24.906464,28.832428,25.957611,27.097534,27.441315,23.806519,18.30722
2009-08-06,21.701385,25.429047,26.476105,25.574677,27.117249,28.66861,22.395386,19.68222
2009-08-07,21.511322,24.792816,30.353882,25.47522,24.39801,29.196442,19.810577,22.342285
2009-08-08,21.824524,23.91159,27.162506,23.73294,23.452545,27.299225,22.551483,22.892914
2009-08-09,22.12674,23.163391,26.511658,23.544922,23.571777,25.27359,21.60196,24.473877
2009-08-10,23.33609,23.89215,27.799469,24.289825,24.977417,23.633942,21.634888,26.362244
2009-08-11,22.943329,26.228546,25.205872,24.26056,25.501984,22.371246,21.869019,23.94934
2009-08-12,24.508514,26.94867,28.034576,25.411682,27.00177,22.087067,21.925934,18.372253
2009-08-13,24.556915,25.897003,29.559296,24.088745,28.373474,18.738922,22.711609,17.434814
2009-08-14,23.43045,24.302887,25.867065,24.446259,26.80252,19.794098,24.80481,19.64618
2009-08-15,23.665192,24.784363,24.433167,23.117462,24.575958,21.324127,26.799164,20.867615
2009-08-16,23.024689,25.100372,24.82196,22.584534,23.757263,22.936676,26.80957,24.00058
2009-08-17,21.482422,23.408417,24.63559,24.05832,23.659302,23.25528,26.013397,26.293732
2009-08-18,22.062408,23.907928,26.329712,24.57074,23.588318,23.846588,26.402588,26.438477
2009-08-19,24.159668,23.67273,26.862244,25.752289,23.489502,25.440826,26.969482,26.732147
2009-08-20,24.592804,23.201721,25.849915,24.728088,22.83667,25.289703,27.146576,26.173737
2009-08-21,24.412872,22.585175,24.800415,23.12207,22.845825,25.13028,26.203186,21.871582
2009-08-22,22.720612,22.189545,24.708832,23.52884,23.087585,23.857819,24.812897,23.915405
2009-08-23,23.348236,23.653168,25.430573,23.507507,23.301208,23.737701,25.710602,21.507874
2009-08-24,25.25058,23.779327,24.770569,23.352234,22.823517,25.266754,27.494537,23.499115
2009-08-25,25.241425,24.631927,25.355865,22.171814,22.167938,25.39981,28.444397,21.261353
2009-08-26,24.009796,24.100739,27.218903,21.467651,22.919434,25.257965,26.49701,21.789093
2009-08-27,23.097809,24.588623,28.231812,20.937958,22.686981,22.126617,24.655518,23.33728
2009-08-28,22.988708,22.838593,27.125397,20.858215,24.302032,21.450836,26.509338,16.364532
2009-08-29,24.523132,19.815887,26.28003,18.379822,25.446198,21.930817,26.08014,14.320984
2009-08-30,24.828278,22.024902,25.77829,19.24353,24.414154,19.238678,21.261902,14.954803
2009-08-31,23.391571,23.440338,25.966583,19.049652,25.833557,18.25821,20.960876,18.884338
2009-09-01,19.58902,23.803558,26.38623,19.625122,24.760712,19.406647,20.687775,21.32846
2009-09-02,19.505829,23.832062,26.539948,19.297699,23.624878,19.699615,21.207031,24.05545
2009-09-03,22.530243,22.722687,26.580994,19.17273,23.787354,21.374664,24.807068,25.081299
2009-09-04,22.905914,20.473785,27.307098,17.330994,25.653564,21.661041,21.714935,23.710632
2009-09-05,20.69629,21.681671,26.125488,16.957367,25.031555,21.382477,20.641754,23.366821
2009-09-06,22.23233,22.310242,21.853394,17.837921,24.093506,21.43277,23.421936,24.86383
2009-09-07,23.85962,23.506836,20.829742,15.6302185,23.638275,22.94107,25.044556,25.20691
2009-09-08,17.691925,23.012665,22.918701,15.84256,22.950623,23.096588,24.48941,19.242584
2009-09-09,16.564972,22.449677,25.607635,16.658295,20.672943,23.43155,13.575897,18.9935
2009-09-10,16.453522,23.81131,25.980469,16.684143,18.949585,16.274078,12.681183,18.4469
2009-09-11,18.621368,21.602692,25.480652,16.598724,18.898132,11.642975,15.636688,20.86322
2009-09-12,22.47226,18.458832,25.895172,18.752716,20.032654,12.272125,18.221222,21.195892
2009-09-13,24.157135,19.796112,25.71344,19.9346,20.206085,13.205719,16.820526,22.061584
2009-09-14,24.79181,21.535248,26.252472,19.605713,21.92923,12.383942,19.770355,19.093658
2009-09-15,24.9122,23.824066,24.962189,19.920624,24.897888,14.035553,22.265839,19.277252
2009-09-16,27.434723,22.571747,23.327606,19.83255,20.218048,14.708893,18.550842,22.50821
2009-09-17,28.546722,21.652191,22.08905,17.98053,20.992615,16.929596,19.502563,24.640167
2009-09-18,25.660095,22.025238,19.588867,17.832977,20.708527,16.95987,20.426971,24.334442
2009-09-19,20.570648,20.761139,19.337067,18.944733,21.142029,18.605377,18.538147,23.609253
2009-09-20,18.511566,22.625946,19.749573,19.84903,21.752655,18.926422,17.212006,24.93393
2009-09-21,13.865875,23.209747,21.279602,17.94931,19.020966,19.398346,19.448883,24.817383
2009-09-22,13.866089,20.299957,21.369415,17.141571,18.03659,20.133698,16.523895,17.540161
2009-09-23,19.835022,21.394867,20.979858,17.271088,18.521973,17.685455,15.7836,15.982269
2009-09-24,18.352997,23.366913,20.373077,17.945465,17.531708,9.960602,16.80838,12.907654
2009-09-25,16.328522,23.764923,19.965973,18.498291,16.81192,13.621979,18.25824,13.928009
2009-09-26,16.62674,21.749847,20.414001,17.293854,18.309387,17.55655,19.167847,13.570862
2009-09-27,18.321014,17.80777,21.093842,16.615906,14.178162,8.947418,19.69754,12.013367
2009-09-28,21.412872,16.813446,21.67099,17.843018,15.0868225,7.403473,20.16336,15.222443
2009-09-29,21.345581,16.168304,22.390442,15.867981,15.791107,8.146393,21.68518,9.2100525
2009-09-30,18.727356,21.15207,23.025543,19.039185,12.441376,8.587555,19.605438,9.42691
2009-10-01,22.418549,19.399017,22.271698,19.955933,13.28064,10.634918,12.820068,11.24057
2009-10-02,24.169983,16.225464,22.320557,17.619232,13.520966,14.368805,14.717682,14.300568
2009-10-03,19.116058,16.350494,23.575195,15.260376,13.0896,13.928375,20.334167,17.004944
2009-10-04,15.21405,17.683746,22.106262,12.772278,13.190704,15.412506,21.19574,11.68985
2009-10-05,19.68689,16.077087,18.397064,12.5269165,13.208405,16.72232,19.21344,12.89566
2009-10-06,13.128937,21.331024,18.399078,12.692627,13.188995,18.635162,21.438477,12.441223
2009-10-07,11.021637,17.836395,19.258148,12.562714,13.679352,19.552155,20.553162,10.526978
2009-10-08,11.351898,14.669159,20.162506,13.4704895,13.553558,8.984528,14.880615,17.371948
2009-10-09,11.377533,19.462616,22.052063,14.325317,16.201904,7.181305,21.343964,18.763184
2009-10-10,14.073975,18.934692,19.011536,13.094757,16.690002,5.4947815,17.17627,18.41095
2009-10-11,15.717194,16.310883,15.897766,12.819397,16.149567,6.723053,14.310883,20.01471
2009-10-12,17.392426,17.944,15.819214,14.474457,13.7153015,3.1549377,14.2708435,14.499237
2009-10-13,14.666107,19.26712,17.481445,15.310394,12.348541,3.7391663,20.026123,10.813507
2009-10-14,9.108856,19.530853,17.022247,14.862457,15.560577,6.674469,21.375763,12.784821
2009-10-15,7.8784485,18.68991,16.098145,14.500702,16.253021,10.620758,13.319153,5.185486
2009-10-16,8.083435,18.300446,15.453949,16.105377,12.3411255,12.853424,9.331421,6.4470825
2009-10-17,6.7395935,19.6044,15.77179,16.798279,10.833923,16.481598,12.951965,10.259888
2009-10-18,7.4076233,11.603241,18.717316,16.218079,11.622284,19.315582,19.189087,11.591309
2009-10-19,6.9233704,10.874725,20.888855,16.081787,11.698151,16.283356,15.289734,12.756531
2009-10-20,7.641876,11.699005,20.666016,17.072235,8.9861145,11.143463,12.659454,14.604034
2009-10-21,8.588959,12.082214,16.95404,12.739563,7.911804,12.020172,8.611328,15.573975
2009-10-22,5.604065,16.188873,19.436981,11.67157,7.1581116,14.271637,12.668976,11.799103
2009-10-23,2.9356995,17.919983,18.929688,10.933685,6.2044067,18.33023,10.86731,10.887329
2009-10-24,11.037689,19.366028,20.314636,10.724182,9.848267,19.798492,7.812134,12.573273
2009-10-25,10.11142,19.433868,22.560028,11.137054,14.546417,15.654694,11.565338,8.032196
2009-10-26,14.062805,16.306976,20.0672,8.618408,9.227173,10.430817,17.27539,4.413788
2009-10-27,13.621674,10.533325,16.330078,12.556335,11.152832,15.033844,18.465149,5.0599365
2009-10-28,10.280518,17.250946,17.676605,10.613739,13.834778,9.834381,19.669342,3.3284607
2009-10-29,11.199432,17.339691,18.679749,11.560211,17.014557,6.9579163,19.002777,5.2591553
2009-10-30,13.24234,12.73941,14.293945,10.969177,16.555115,14.776276,14.60907,4.6654053
2009-10-31,14.810486,16.06723,14.80307,8.838257,9.513184,21.10904,10.130249,7.1268616
2009-11-01,12.179962,15.220154,18.420593,10.688202,10.004425,21.06314,12.500885,10.857086
2009-11-02,12.856171,11.742584,19.631897,11.66806,10.394653,8.703278,15.0035095,7.9960327
2009-11-03,6.9691467,12.791595,16.907562,12.889435,10.7447815,2.1080627,9.779175,4.1082764
2009-11-04,6.5351257,16.088806,12.910828,10.355896,3.1246338,1.629303,9.552521,12.547607
2009-11-05,13.0289,17.338837,14.397827,8.125458,1.8120117,3.4317932,6.2198486,3.8676758
2009-11-06,17.739471,19.43222,17.846436,7.011841,2.093567,2.952057,4.9531555,3.7801208
2009-11-07,18.263031,16.032501,18.570068,7.778961,2.6053467,2.278717,4.983612,9.129669
2009-11-08,13.175995,13.8854065,19.6503,8.308655,3.926056,1.6781311,16.412537,14.687805
2009-11-09,5.1692505,11.345825,18.639374,6.792511,5.119629,1.3050842,9.67215,3.0519104
2009-11-10,4.4243164,12.49765,13.268188,4.348572,6.3298035,9.257477,6.4451294,1.850769
2009-11-11,5.4500732,14.43692,18.24765,5.0672607,10.033844,9.925446,4.7385254,5.4752502
2009-11-12,3.3166199,9.803864,14.18866,7.8813477,9.998871,12.536285,4.958557,-0.0005493164
2009-11-13,8.385284,6.150482,11.961792,8.985504,9.362213,14.054108,8.211914,1.4562378
2009-11-14,11.460815,9.1032715,11.216034,7.5933228,4.6557007,14.637604,5.656372,-0.084747314
2009-11-15,10.945618,17.2211,13.724579,6.570221,4.425293,15.615631,3.9459229,1.8106384
2009-11-16,10.871033,16.347137,14.435516,7.699768,5.745575,10.641998,16.886597,10.144745
2009-11-17,12.40921,10.085297,10.917847,9.469574,6.3685303,4.528717,15.877563,5.10672
2009-11-18,14.196503,17.678986,12.677124,7.5936584,11.853577,3.9112854,8.17627,2.948059
2009-11-19,14.923859,9.873016,13.462341,5.881531,14.477203,10.959625,10.682434,3.8311157
2009-11-20,14.354034,7.903595,15.242462,3.9620972,15.131897,1.9466858,10.952942,6.487793
2009-11-21,15.212219,4.5535583,16.601105,5.382477,5.426422,0.0035705566,12.8862,5.053528
2009-11-22,11.237793,6.6779175,15.981567,6.7919617,4.5536194,-0.25375366,13.950562,3.7514038
2009-11-23,13.0694275,9.523956,18.610382,5.8553467,4.2832336,0.5694885,4.577942,2.0812073
2009-11-24,3.9143372,9.934418,16.622986,5.703827,5.1440735,-1.7622986,4.051056,3.0708618
2009-11-25,-0.26931763,5.3662415,12.822937,8.847534,12.034363,-2.9605408,7.625763,9.338715
2009-11-26,-0.87210083,3.2389526,11.772247,10.106628,2.8979187,-3.2986755,10.47171,3.995758
2009-11-27,-1.0965881,1.622406,11.235291,8.536194,-1.1008301,0.813385,10.563995,-0.2559204
2009-11-28,-1.523468,1.2721863,12.15686,4.4723816,-0.5951538,2.9806213,6.843933,1.1123352
2009-11-29,-0.3557434,2.8976746,9.963898,2.8313599,1.9277954,4.658844,14.360962,2.1941528
2009-11-30,0.01675415,5.886322,6.9576416,3.0610657,1.5071716,9.816559,15.234772,0.336792
2009-12-01,-0.8149719,2.0196838,9.085968,1.0664368,2.8094482,5.0799866,9.585968,-0.8682251
2009-12-02,0.41534424,6.081024,8.090515,0.17941284,5.7826233,2.000885,17.35608,-0.47079468
2009-12-03,-5.086731,11.2265625,2.9502563,0.29562378,6.0398254,6.423004,18.967773,-0.34179688
2009-12-04,-4.6152954,4.396942,3.0362854,-1.4017944,10.3758545,1.6734924,14.394592,-1.7458801
2009-12-05,-4.526306,6.7583923,5.449829,-0.13903809,4.9105225,0.72940063,1.2976379,-0.50546265
2009-12-06,-3.5055542,10.009003,7.360016,-4.3709106,1.4812317,-0.69540405,3.5645447,-1.973175
2009-12-07,1.2461853,14.870697,13.919128,-3.3113403,0.31985474,3.8622131,11.220306,-3.112152
2009-12-08,2.8205261,3.8371277,19.504303,-3.12146,1.4207153,2.1529846,15.496185,-2.5194702
2009-12-09,3.9142761,0.77249146,7.705475,2.3191223,-0.22058105,2.6024475,18.54773,-0.46206665
2009-12-10,6.8244934,-0.5701599,5.5450745,3.999237,-1.7172241,1.6844788,17.98938,-0.45477295
2009-12-11,16.106781,6.750824,4.577423,1.7540283,-1.7288513,-0.13607788,17.337006,1.6546326
2009-12-12,3.807953,6.489807,5.424652,3.2433167,0.2468872,1.896637,2.6564636,1.1652832
2009-12-13,-1.3645935,7.6093445,6.2621155,1.9685669,-4.2575684,12.690826,5.225952,-1.598114
2009-12-14,-1.683258,3.1860352,7.339966,0.65634155,-6.8070984,13.818512,14.073883,0.012329102
2009-12-15,-3.95813,2.4108887,11.773041,0.7162781,-5.936676,7.17984,16.869537,0.07217407
2009-12-16,-2.1568298,5.13266,9.513641,-0.32711792,-0.11968994,4.5672913,5.0007324,1.5609131
2009-12-17,-1.0780334,5.588928,10.735748,-0.51937866,0.44058228,-0.25863647,4.040436,0.3116455
2009-12-18,-6.6194153,10.79953,9.27652,1.2432556,-2.532135,-1.073822,5.8207703,-0.9819031
2009-12-19,-4.802704,6.03598,12.434113,4.283661,-5.7865906,1.0995178,4.2371216,-3.880249
2009-12-20,-6.33786,4.367981,17.855316,1.1036072,-2.4461365,4.460602,4.9050293,-5.866577
2009-12-21,-6.1132507,4.406952,11.896362,-0.84265137,-6.6772766,2.9772034,2.0104065,-4.1941223
2009-12-22,-5.9182434,3.844635,6.11499,-0.3069458,-3.9563904,1.6940002,10.048737,-2.8147278
2009-12-23,-9.968262,6.2567444,7.0539246,-0.4260559,2.6515198,8.167633,5.4768677,2.575714
2009-12-24,-9.995575,4.1139526,8.758331,0.88674927,13.207245,4.184723,0.34265137,1.2254944
2009-12-25,-9.395599,11.157257,16.085327,-2.6617432,-2.4747925,-0.3999939,-3.6424255,-1.1578064
2009-12-26,-10.081268,8.325165,12.044678,-4.5965576,-4.475189,1.2284241,-1.6408386,-2.671875
2009-12-27,-11.118439,3.8738098,5.226532,-4.722931,1.0874634,1.9706116,-5.754364,-3.080597
2009-12-28,-8.483612,5.804596,8.277222,-3.5155945,4.8607483,6.181061,-10.231354,-2.8448792
2009-12-29,-8.307648,10.466156,8.742737,-3.34964,9.497803,5.1839905,-4.1854553,-3.230774
2009-12-30,-10.002594,2.2297668,11.789459,-4.8208923,5.261078,1.5521545,8.491791,2.366394
2009-12-31,-5.556488,-0.6109009,15.032379,-5.730713,-7.420166,-0.68466187,1.7251282,-1.2941284
2010-01-01,6.76178,1.5186462,12.316467,-1.3597412,-6.5008545,-1.5455017,-1.1937561,-2.4864502
2010-01-02,9.296143,5.1072693,1.4093628,3.3700562,-3.8945312,1.0138245,-4.311676,-1.3048401
2010-01-03,2.717987,5.052948,3.0140076,0.81503296,-4.053528,1.5250549,-2.7500305,4.038269
2010-01-04,-0.053527832,1.532074,6.738861,0.7187195,-12.4956665,2.575348,-3.1759338,-2.7546387
2010-01-05,-2.9095764,-0.41036987,7.7532043,3.366333,-10.607422,4.54776,-5.1015625,-3.0242615
2010-01-06,-4.577484,-3.4903564,10.177063,6.43869,-8.815582,6.6180725,-2.3650208,0.675354
2010-01-07,-8.80545,-3.8118591,7.1698303,8.705536,-12.674622,3.782135,0.77627563,-2.078827
2010-01-08,-7.9861145,2.955536,4.716614,10.03949,-7.7052307,3.8089905,3.4180603,-3.1147766
2010-01-09,-5.705841,9.554901,5.0047913,10.233368,-4.549988,6.947174,9.079468,-1.5454407
2010-01-10,-2.4382324,8.695221,8.423126,15.193787,-13.962128,11.881989,4.8440857,-6.0090027
2010-01-11,-3.5030212,11.086029,13.746307,5.656616,-7.1011047,13.297516,-0.087249756,-2.1866455
2010-01-12,-3.8316956,9.803864,9.882355,2.8852844,-13.881256,6.351471,-2.9430542,1.1352234
2010-01-13,-1.3340759,0.6763611,7.887848,3.3994446,-11.157837,3.216217,-2.1949463,5.00354
2010-01-14,-2.721466,-0.8123474,7.599945,3.3345337,-2.1896057,8.6041565,1.342865,4.740814
2010-01-15,-6.3721313,-1.184967,6.699829,4.7390137,3.0065308,10.226471,3.7866516,5.5287476
2010-01-16,-8.447662,-2.2705688,5.5610046,9.692413,2.0265198,-5.3316345,9.057739,0.27285767
2010-01-17,-2.9248352,-2.529663,2.3191833,3.121704,-1.1039124,-3.8882751,0.41607666,-4.457428
2010-01-18,-5.3157654,-1.4599915,2.5752869,-0.4911499,0.5383606,0.072906494,3.1914978,-1.1385803
2010-01-19,-10.548767,-1.3222961,4.6102295,-0.69122314,0.8998718,-2.2476501,2.7612,1.2759094
2010-01-20,-7.7602844,0.78186035,4.081726,1.5776062,-1.9733582,-4.8560486,2.4645386,-3.7352295
2010-01-21,-0.8367615,3.145935,5.57605,1.4150085,-1.6454163,2.4925842,4.7062683,-5.043518
2010-01-22,-0.8840027,-2.8404236,4.4304504,8.664398,-2.4811096,11.07486,2.7450256,-5.035675
2010-01-23,-4.1559143,-7.5539856,-1.8233032,8.885071,-5.968506,7.219391,-7.102936,-4.185211
2010-01-24,-0.8221741,-3.1970215,1.2258606,1.6159363,-4.4832764,11.710358,1.5076294,-7.833557
2010-01-25,-4.9890747,0.53097534,-3.279663,1.2727966,-5.34494,10.66275,2.1896667,-4.9574585
2010-01-26,-2.6272888,1.5357056,-0.384552,1.7009583,1.5505371,1.1878967,-3.118225,-3.662384
2010-01-27,-0.9272766,-2.2816467,4.271118,1.5585938,1.2561646,-1.5242615,-0.7810974,-3.149353
2010-01-28,-1.9559631,-3.1547546,9.955109,4.609497,3.0978699,-2.160492,-1.0809021,-2.869873
2010-01-29,-1.3664856,0.27920532,6.5167236,3.6239624,2.5736694,0.59854126,5.170532,-3.6921387
2010-01-30,-1.6500549,2.9074097,3.2626343,8.372711,-5.5858154,-0.780365,1.5782166,-3.3842163
2010-01-31,-2.8034363,-2.5018616,8.979675,7.181946,1.4721069,0.6666565,0.9671936,-4.265503
2010-02-01,-1.3626404,-3.113739,5.521057,2.75177,-2.2149353,0.4689026,-5.10141,-3.2934875
2010-02-02,0.46292114,-7.7157593,-1.6085205,0.8611145,-7.221222,-2.08432,-11.593262,-0.87887573
2010-02-03,0.019134521,-10.138641,-0.44274902,0.23348999,-4.1581116,-3.4517517,-10.874603,-2.1453857
2010-02-04,-5.762909,-4.5377197,5.3779907,-0.3972473,1.7556152,-1.2732849,-4.7225647,-3.5075989
2010-02-05,-11.342316,-5.331543,-0.7342529,-1.6650391,0.9651489,0.4815979,-6.0130005,-7.0651855
2010-02-06,-10.673798,-5.666321,2.6651306,-0.7071228,1.5491333,3.561432,-5.38562,-8.7248535
2010-02-07,-5.7365417,-2.040741,7.2959595,0.34066772,3.088684,4.0626526,-4.433777,-6.3526
2010-02-08,1.1659851,-8.193573,7.0429077,-5.9854736,2.979004,2.2347717,-4.0726013,-4.0339355
2010-02-09,-0.22976685,-10.034851,4.177124,-4.2172546,7.681946,9.966217,-0.64294434,-0.6462097
2010-02-10,-2.8944397,-5.069336,2.6751404,-2.5582886,10.730774,9.690338,4.8711243,1.1914978
2010-02-11,-5.4753723,2.9250183,4.790222,-0.6373596,12.879028,3.6905823,3.8928223,-0.71572876
2010-02-12,-6.4181824,5.6497803,6.651062,0.73553467,7.4894104,5.726715,-0.9246216,-0.6220703
2010-02-13,-6.358429,-0.11975098,5.1476746,-5.1278687,11.547577,8.816315,-9.975281,-3.3776245
2010-02-14,-3.8276672,-5.823944,1.502533,-7.180176,13.694946,13.166412,-10.01004,1.8522034
2010-02-15,0.5510559,-6.7819214,3.4195862,-4.693207,5.77771,1.2066956,-4.947632,6.0708923
2010-02-16,0.4012146,-6.7760315,4.047577,-6.3555603,-2.5953674,-1.4507751,-10.300781,-5.0790405
2010-02-17,-9.310455,-2.0455933,7.691284,-10.185059,-1.9758606,-1.0157166,-13.235046,-6.5543213
2010-02-18,-3.4899597,-2.7969055,5.2190247,-4.7063293,-1.7467041,-1.1968689,1.3765259,-3.6157837
2010-02-19,-3.45578,1.1421814,4.354248,1.7199707,1.6400146,2.8126526,-0.8600464,-1.973114
2010-02-20,0.35443115,-0.26028442,7.5842896,0.6312866,6.0512085,4.4879456,-0.92492676,3.773407
2010-02-21,2.2131958,-1.1532898,7.902527,-3.6855774,8.054718,-2.3770447,2.011963,2.5322876
2010-02-22,8.936707,5.212799,4.793762,-1.833435,10.181946,-7.773041,1.6200562,0.882782
2010-02-23,-1.4398804,4.2410583,3.830841,-0.51797485,-0.63153076,-7.1875916,5.4769897,-1.1624756
2010-02-24,-0.08554077,-0.7692566,4.80072,-1.011383,0.62887573,-4.6341248,11.590881,-3.6676025
2010-02-25,-3.2511292,-2.5455322,-1.5508423,-3.7104187,2.7303467,-3.0745544,7.34021,0.4721985
2010-02-26,-5.2183228,-0.26461792,-4.605255,-1.6945801,3.55661,-6.105072,-0.08169556,-3.089508
2010-02-27,-4.323517,1.4367371,-2.6512146,-8.353394,6.2164307,-4.6492615,9.4216,-2.741272
2010-02-28,5.6142273,1.1563416,-1.6213989,-4.1379395,4.9880676,-7.3543396,15.95874,-4.7213135
2010-03-01,10.988922,5.8039246,1.2973328,-3.9605713,7.5785217,-7.6978455,16.262634,-0.4857483
2010-03-02,-5.58136,5.3764954,2.7344666,-1.3486328,5.5375366,-6.650482,7.008911,2.2901306
2010-03-03,-6.554596,3.6471863,1.7399292,1.1905212,3.1851501,-8.544037,0.969635,4.2524414
2010-03-04,-2.0528564,6.910309,0.45098877,-1.5985718,2.3972778,-10.016937,1.3081665,4.6917114
2010-03-05,-2.8067322,6.738098,-0.6878967,3.7685547,0.19067383,-10.771332,10.677582,1.3623657
2010-03-06,-1.8430481,8.077545,-1.6046143,3.2645874,-1.0978394,-11.249359,15.701324,3.2174988
2010-03-07,-2.0503235,7.1149597,3.4349976,-2.0433044,9.140533,-8.439056,10.125183,1.2532959
2010-03-08,-3.4734192,4.8262024,4.625885,1.9490967,10.244873,-5.0906677,4.777649,3.053955
2010-03-09,-3.67099,0.9783325,6.1450806,6.0650024,14.004272,-2.0403748,3.9525146,0.6522522
2010-03-10,-2.8700867,-3.060669,10.825592,6.2630615,10.81015,-2.2742615,0.804657,-3.3136597
2010-03-11,-1.3522644,5.1475525,3.8138123,7.17511,4.1855774,-3.9739685,1.4809265,0.5814209
2010-03-12,6.1760864,6.0829163,-1.995636,6.464813,0.9489746,-4.479828,8.632782,3.1827698
2010-03-13,8.922424,3.9925842,-0.5250244,13.034485,0.4003601,-4.21933,5.4023743,4.1558228
2010-03-14,-1.3862,2.7531738,1.9894409,15.337067,-2.567505,-2.9148865,1.2843018,-6.05011
2010-03-15,1.0567932,5.948822,5.0766907,14.503357,-2.7189026,1.0914612,4.8932495,-6.1533813
2010-03-16,0.7557678,1.7251282,5.600891,15.309143,-1.4640808,1.144928,8.801819,0.08432007
2010-03-17,-0.8996887,0.17593384,5.323761,15.6409,6.0968933,-0.07748413,-0.40203857,2.4299316
2010-03-18,-0.26766968,3.584381,7.740906,13.727661,2.0538635,-0.8760681,2.4624023,1.7833252
2010-03-19,-0.04058838,4.0500183,8.0896,12.839325,2.1403809,-3.915619,10.531006,-1.5671387
2010-03-20,1.2705994,5.61557,9.2899475,8.081604,1.5293884,-7.8440857,12.760315,-2.021698
2010-03-21,8.425812,5.333832,6.633484,6.3112183,0.8071289,-4.849457,14.552734,0.8371582
2010-03-22,13.464905,3.8536987,6.0980225,5.2721863,1.6949463,-5.0091248,4.2232666,4.6011353
2010-03-23,7.947357,3.2215881,12.979675,6.1931763,3.6525574,-3.648285,-2.9807434,4.826599
2010-03-24,7.381012,4.4290466,15.175812,3.0561523,7.5643005,0.5038147,-2.464447,8.159546
2010-03-25,6.0608826,3.403778,5.0062256,1.446106,11.388794,2.834137,0.9507141,6.8650208
2010-03-26,5.983673,3.8998108,3.7181396,5.680176,13.372894,2.122223,5.627533,7.0025635
2010-03-27,5.0075073,9.030914,7.4840393,6.895813,13.544708,4.9515686,9.461639,11.435974
2010-03-28,4.8731995,10.842621,11.665192,9.115509,4.807495,6.9603577,-1.2008667,10.877258
2010-03-29,1.688446,9.487213,11.414642,10.682587,3.4049683,2.632965,0.84347534,12.629242
2010-03-30,2.9713745,5.8752747,11.062073,16.39862,10.62616,3.5672913,9.542297,14.716461
2010-03-31,2.6322937,5.7750244,12.871948,10.483215,14.61084,8.379791,5.7112427,15.604034
2010-04-01,3.7488403,8.564026,12.586334,9.511047,13.3133545,11.5746155,2.2054138,6.463257
2010-04-02,6.9551086,10.466095,12.851776,8.681213,10.352753,13.466705,-0.17556763,1.8648682
2010-04-03,3.891571,7.035309,11.3654785,10.568481,8.128601,8.75528,5.0385437,2.2990112
2010-04-04,-2.2864685,8.360535,10.902985,9.136719,6.8148193,6.794098,12.109283,4.512268
2010-04-05,-1.8623962,9.763306,9.645386,11.503143,5.486847,7.6251526,6.226532,5.045868
2010-04-06,6.752228,6.21875,9.118805,12.20401,5.373291,6.794098,3.5705872,4.503296
2010-04-07,4.788208,4.301544,7.9022827,12.489227,7.203888,5.8631897,7.721283,4.8017273
2010-04-08,4.5513,6.7999573,8.106018,12.6831665,7.6267395,6.358307,12.93158,4.272522
2010-04-09,7.933899,7.0152283,8.467194,12.545166,8.104218,5.7882385,14.946747,4.784668
2010-04-10,9.925171,8.417725,8.641083,14.346802,13.252869,5.5126038,12.338806,5.551239
2010-04-11,9.947296,8.409637,8.493195,16.987885,5.895355,4.761383,4.168396,5.2120056
2010-04-12,10.056854,9.464447,9.119965,19.044464,7.1840515,6.8802795,4.4313354,8.071869
2010-04-13,10.910431,9.365997,9.238495,16.700653,1.621582,10.772614,9.969452,7.9378357
2010-04-14,9.344147,7.16037,8.014801,10.485931,12.53241,14.650299,14.75415,10.341736
2010-04-15,6.0102234,4.202942,7.973816,6.241272,13.404938,14.210846,13.304474,11.703369
2010-04-16,3.9238586,6.962799,6.9312134,6.5105896,7.9474487,7.4151917,14.79306,7.703247
2010-04-17,8.032471,7.570923,11.224976,9.819641,4.7776794,9.494049,15.579102,7.5434875
2010-04-18,11.0659485,6.215912,14.606628,11.03775,10.367645,12.792633,12.552155,7.9864197
2010-04-19,11.006317,6.226593,11.396484,11.931488,4.8680725,7.131256,17.037231,12.721252
2010-04-20,12.772247,8.946411,11.384888,13.409637,8.389862,6.3312073,15.296204,6.2050476
2010-04-21,11.3013,8.665985,12.159241,12.588593,7.3598633,4.485016,12.212921,5.4370117
2010-04-22,10.145569,8.711609,13.123413,10.875916,5.624115,6.676178,10.77832,2.3727722
2010-04-23,7.854889,8.601959,12.93811,10.448486,8.240021,9.002838,16.653961,1.0433044
2010-04-24,8.104462,8.327728,15.047424,13.402283,8.01712,10.334137,14.844391,3.3827515
2010-04-25,11.264221,6.8892517,15.660858,15.721008,9.592804,6.4339905,19.617798,5.00058
2010-04-26,14.314697,8.702209,17.095245,13.361603,6.38916,5.280426,12.084076,6.649353
2010-04-27,7.544098,9.154755,16.253998,11.661011,6.2487793,6.986969,11.436554,15.8437805
2010-04-28,6.3224792,7.9687195,10.987915,12.148071,6.1089478,7.5516663,10.376007,18.640839
2010-04-29,16.637512,8.297394,9.202698,15.65448,6.284363,7.361969,14.491699,15.22934
2010-04-30,13.515503,9.235687,9.244568,16.56314,8.498657,10.241119,16.409271,18.644226
2010-05-01,6.491974,8.398132,8.024719,21.141632,10.489777,10.253815,9.081146,9.762573
2010-05-02,10.930603,7.52063,10.162628,21.799591,16.94403,17.457428,7.3226624,8.119537
2010-05-03,14.055634,8.7378235,12.651245,20.280853,17.460327,18.917877,9.765869,8.226501
2010-05-04,15.662445,8.789795,14.980072,15.363251,10.0963745,17.920563,12.636963,9.335632
2010-05-05,16.79367,8.231293,16.201294,11.373657,12.554443,15.723297,15.334778,9.608154
2010-05-06,15.000336,12.203735,13.142853,10.342712,14.047394,13.773346,17.30127,11.85199
2010-05-07,18.780182,10.867584,12.458527,10.453644,15.661804,11.459137,18.219269,11.7361145
2010-05-08,16.960907,9.693207,15.766968,11.015869,15.005035,11.9791565,11.513611,13.641022
2010-05-09,19.084381,9.067657,19.773895,10.12146,13.6622925,13.4461975,11.721466,11.109802
2010-05-10,18.496277,9.562744,20.180786,10.948486,14.180054,12.959137,12.610687,10.655914
2010-05-11,14.753174,11.23172,14.625153,11.513245,16.74347,12.127594,15.61554,12.065857
2010-05-12,14.917084,10.344696,11.620148,12.497894,14.655304,14.181061,19.835938,12.044891
2010-05-13,15.63559,11.114441,13.335327,13.758423,12.613342,8.778473,17.454956,14.356384
2010-05-14,19.690216,12.311249,15.176056,14.257233,13.9422,7.5482483,10.631775,13.189301
2010-05-15,20.306732,13.426025,18.708527,15.539673,13.093292,10.0961,12.972137,14.454987
2010-05-16,17.560577,11.544189,19.187958,16.402374,16.813385,12.266022,15.697998,11.479523
2010-05-17,16.483673,11.369965,18.506317,18.654236,17.290161,12.926178,17.150787,13.704712
2010-05-18,14.8089905,11.913666,17.459473,19.60144,16.842834,9.875885,18.347168,11.464264
2010-05-19,13.110321,11.161407,17.489838,18.676025,17.475342,11.936432,19.874481,11.819885
2010-05-20,14.6675415,12.034637,19.158722,18.81717,18.789307,15.036041,19.857788,11.767334
2010-05-21,16.216095,13.125885,16.807068,19.401672,18.744629,16.259918,14.4470215,14.320801
2010-05-22,19.543304,12.310364,13.802155,19.489777,19.69983,9.28653,12.349182,15.266907
2010-05-23,21.657928,12.780243,15.213043,21.163025,21.091309,11.188385,12.8185425,13.059357
2010-05-24,15.501312,14.009186,16.185638,19.968353,21.372711,14.523834,14.807343,13.454132
2010-05-25,15.192993,14.314301,16.528961,19.806458,20.387909,20.45401,15.778748,10.199707
2010-05-26,17.548065,14.82016,16.215607,19.856262,17.750885,21.360016,16.396637,11.843933
2010-05-27,17.064423,14.408356,17.819305,18.904755,18.281616,20.235992,20.654388,13.79541
2010-05-28,15.256989,14.9409485,20.870453,18.656311,18.509125,17.028717,10.654755,14.895782
2010-05-29,14.828705,14.813263,21.69696,14.019104,19.294067,14.983795,6.7096252,17.413452
2010-05-30,13.998352,14.421478,22.389862,17.759949,18.648834,12.821442,6.9029846,13.358337
2010-05-31,14.98996,14.886383,20.848694,20.768097,20.26773,15.151764,9.411133,17.24231
2010-06-01,16.721283,14.376465,20.096619,22.22705,20.138,15.978912,16.424194,12.216278
2010-06-02,19.181122,16.771515,22.341492,22.865723,21.437744,18.637848,19.562317,14.531891
2010-06-03,19.915558,17.402802,21.261292,21.793762,21.47525,21.189606,19.273407,16.40207
2010-06-04,17.667511,14.891968,16.038452,22.08023,22.77066,19.257233,16.691559,16.170776
2010-06-05,19.36087,14.400421,17.457794,23.647156,23.21759,16.302643,20.633636,16.535797
2010-06-06,18.371094,14.961456,18.844452,22.07019,17.277527,20.681305,19.161316,16.646606
2010-06-07,19.678894,14.153656,18.629578,21.429993,16.172485,13.984772,17.119354,15.973297
2010-06-08,19.652283,16.07846,18.907501,22.505707,16.034515,12.112213,18.672943,15.575775
2010-06-09,21.201202,17.018738,20.191223,20.25409,19.365326,11.540436,20.140533,16.158783
2010-06-10,17.134277,16.302032,20.723053,17.179565,20.600555,13.070709,16.553162,17.201904
2010-06-11,17.515533,16.861023,20.053589,19.81607,21.537842,15.125153,16.366669,19.544556
2010-06-12,18.280365,16.536346,18.461151,19.672882,23.114594,16.958893,14.569519,18.781982
2010-06-13,19.110626,16.511261,20.169281,19.725555,21.230957,17.64029,16.538483,19.770508
2010-06-14,19.07846,16.92102,22.167511,19.950043,23.930054,17.126373,18.021942,20.54712
2010-06-15,19.862518,17.428253,22.188873,20.34671,23.36319,18.682526,18.227875,18.501709
2010-06-16,20.58316,17.537842,23.581696,20.323517,17.55783,19.285309,20.046692,15.575073
2010-06-17,21.844574,18.592072,24.51529,19.987457,18.341644,21.331696,20.96112,21.58133
2010-06-18,19.176758,18.71576,24.438995,21.387207,20.483948,16.849274,19.30481,20.832123
2010-06-19,18.102997,17.741821,23.253357,20.181488,20.895935,17.925446,17.62027,18.381836
2010-06-20,17.168,17.85849,23.473358,19.440247,23.980042,22.86441,19.302399,19.72174
2010-06-21,19.242828,18.215973,24.230774,21.414978,24.862122,19.136139,22.385895,20.670013
2010-06-22,21.401306,18.810516,23.141388,22.74762,25.152985,16.552399,23.495483,18.445526
2010-06-23,22.143372,18.851593,22.570587,23.193298,22.26294,18.946442,17.088531,17.2695
2010-06-24,21.2193,19.776459,23.343903,25.275208,25.13919,22.37027,16.734467,17.504486
2010-06-25,21.97165,20.177277,24.555725,26.176544,22.548187,21.570953,17.267303,18.942871
2010-06-26,24.380402,20.89328,23.740448,25.901947,22.373291,21.535797,22.13623,18.107513
2010-06-27,23.512604,20.450806,24.140778,21.801971,23.540588,21.796783,23.454315,17.0047
2010-06-28,24.075897,21.65738,23.171875,24.678009,22.720886,21.367096,25.233398,19.414734
2010-06-29,24.535858,21.545807,23.873566,21.660309,17.292603,20.982086,26.29181,21.45691
2010-06-30,24.95224,21.287933,23.64685,22.362427,20.626678,19.734772,22.253174,19.514252
2010-07-01,24.842194,20.120087,23.441803,21.4646,26.573395,17.471344,19.469177,20.324707
2010-07-02,25.067657,19.746002,22.646118,23.601868,27.209045,17.743805,22.987762,23.619965
2010-07-03,22.710266,19.083313,23.29718,19.858032,26.936523,17.983551,25.931427,22.754028
2010-07-04,21.626831,18.28714,24.112396,21.199951,27.173157,18.928864,27.311066,23.873901
2010-07-05,23.690948,18.732513,24.33023,23.856354,25.674652,20.235992,26.864471,22.980164
2010-07-06,26.115631,18.849945,25.026947,23.852448,21.50354,18.963531,23.369293,24.831116
2010-07-07,25.728851,19.975983,25.242981,24.31009,22.88919,17.680573,22.187561,23.842163
2010-07-08,25.849945,20.900726,25.507233,24.098389,21.47992,19.803131,24.303009,23.56372
2010-07-09,23.909027,20.840668,26.420502,23.400116,23.782715,20.592926,21.16098,19.116577
2010-07-10,23.909698,21.173798,26.24231,26.429321,24.95108,20.318512,21.046112,17.477234
2010-07-11,22.852783,21.757355,25.498718,24.265045,27.99289,20.411774,24.47406,24.87378
2010-07-12,23.527588,22.493073,25.216858,23.7836,28.766296,23.827057,24.996094,18.342682
2010-07-13,23.55423,23.36206,24.774658,24.519104,24.555756,25.327545,22.965698,18.14392
2010-07-14,21.68454,23.979248,25.0,24.815247,24.827423,25.49356,25.009521,18.127106
2010-07-15,22.360016,23.881622,24.95578,24.556305,25.967041,25.404205,26.485321,19.825989
2010-07-16,20.809113,23.044403,25.266571,22.856018,24.448883,25.127838,23.008179,20.792603
2010-07-17,19.887115,22.989227,25.221252,24.263397,23.275055,26.06314,17.41858,19.666595
2010-07-18,20.159729,24.186646,24.62909,25.941986,24.796387,25.823395,19.215698,21.267914
2010-07-19,23.046722,23.583801,25.026398,25.295746,25.37088,26.27359,20.33316,23.400269
2010-07-20,26.134888,24.78241,25.60736,23.310242,26.208527,25.742584,20.552094,24.296204
2010-07-21,22.96933,23.600494,27.094513,23.43747,24.141907,23.40152,21.324615,24.461609
2010-07-22,22.351257,23.840637,25.299652,22.39737,23.846344,19.97696,22.824127,25.165833
2010-07-23,24.665741,22.740082,24.798645,21.825378,23.423523,20.044098,18.847534,23.433594
2010-07-24,24.840546,22.642609,25.230408,20.814484,24.752777,19.999664,16.6344,22.282318
2010-07-25,22.272522,23.976593,26.914673,19.687134,25.133667,20.932526,19.27652,19.86493
2010-07-26,22.555328,23.919098,26.4292,19.70169,24.858734,22.511139,21.126923,19.68518
2010-07-27,21.745453,23.912964,26.334076,20.729431,24.684296,23.066803,21.960999,20.035797
2010-07-28,23.569366,24.18747,25.549316,22.449951,24.35144,23.307526,23.009949,16.56726
2010-07-29,25.07544,24.912048,24.726166,23.374023,25.988983,24.236237,20.577667,19.410095
2010-07-30,25.519623,22.371124,25.960266,22.97641,26.194153,24.807526,22.200256,20.17871
2010-07-31,22.049774,20.14621,26.478027,23.757843,25.882477,23.811188,22.12857,22.098633
2010-08-01,21.333923,21.323853,26.656128,24.798126,24.643585,21.52652,22.416473,23.682465
2010-08-02,21.766876,22.457153,27.923859,24.162384,23.332184,21.933746,22.920593,24.451202
2010-08-03,22.520355,24.485565,27.441162,23.823761,26.18753,23.0878,25.166595,24.826355
2010-08-04,22.336823,25.441803,26.947998,23.457123,26.12146,24.198639,25.097595,23.795715
2010-08-05,22.910797,23.823334,26.817047,22.863586,24.73349,25.995514,20.972168,25.583618
2010-08-06,22.536896,22.184814,26.571564,25.179504,25.086578,25.300201,20.18695,26.440033
2010-08-07,23.299713,24.20343,28.313507,23.278168,26.552216,23.374908,22.264679,25.47934
2010-08-08,23.868073,24.254944,28.464294,23.313354,26.84787,21.48941,25.125702,22.85669
2010-08-09,22.025421,21.517426,27.48581,22.056519,26.359406,21.050201,23.948181,22.419403
2010-08-10,23.656769,23.6391,29.176392,23.615051,25.59259,20.65274,21.44873,23.424011
2010-08-11,25.9747,23.741241,28.987457,24.926025,25.737823,19.877838,23.226562,21.377838
2010-08-12,26.760895,23.512299,28.1763,25.022278,27.684204,18.76236,25.468262,20.850159
2010-08-13,25.561249,23.944916,27.605042,24.731445,27.657684,18.4003,27.524017,21.023407
2010-08-14,25.36795,24.112946,24.988495,22.69162,29.173523,20.969635,22.940002,20.193024
2010-08-15,25.67752,24.863068,24.205017,20.755035,28.539978,22.49405,24.557861,21.342499
2010-08-16,25.906769,24.989258,23.85141,20.611847,23.51825,22.61026,27.558167,21.430786
2010-08-17,25.39685,24.464172,23.287811,20.591187,22.71228,21.748444,28.21054,21.548096
2010-08-18,25.707428,24.348358,23.87558,21.000519,23.587555,21.190826,26.306152,23.036224
2010-08-19,25.288422,24.81778,25.290863,21.921753,24.447266,21.44522,26.6622,25.10083
2010-08-20,24.939117,26.134613,27.578766,21.614227,25.927277,22.95108,27.939087,25.624481
2010-08-21,25.892853,23.27829,27.99353,19.938171,28.812378,24.932037,25.259796,23.344452
2010-08-22,25.894684,20.009125,26.31961,20.090729,28.8302,24.915924,21.731354,21.761383
2010-08-23,25.32022,21.141327,25.295563,22.075531,25.473541,20.83731,21.435638,24.633087
2010-08-24,19.277283,21.239624,25.696594,22.681488,21.842407,25.453278,21.883667,18.031677
2010-08-25,16.254211,21.145416,26.146881,20.517761,22.502594,22.910065,19.878601,17.095856
2010-08-26,17.620575,21.54538,26.329529,21.529968,23.562195,19.901031,20.869843,17.44461
2010-08-27,20.278778,22.16391,25.189575,22.079376,23.656311,19.890778,19.13617,19.431732
2010-08-28,22.960663,21.747162,24.837708,22.163177,23.995636,23.108795,20.123474,20.861267
2010-08-29,24.578583,24.47174,24.570282,19.729248,25.58609,24.993317,22.277863,20.255646
2010-08-30,24.39682,25.694733,25.18222,19.525269,25.081696,16.709625,19.520874,24.054474
2010-08-31,21.739655,25.314178,25.0708,19.34082,25.387054,16.594635,16.145782,26.369415
2010-09-01,21.918304,25.102264,24.850922,18.795898,25.36737,17.543365,18.158142,26.97995
2010-09-02,22.935272,25.975311,23.82431,18.104065,24.879578,18.30777,20.377716,25.905426
2010-09-03,24.915497,26.313812,23.390228,17.718658,24.686462,19.445953,22.051575,14.668823
2010-09-04,27.389435,26.6586,24.566193,17.759308,27.045044,23.846832,24.02353,13.099823
2010-09-05,28.395966,25.085938,25.14096,19.11023,24.766968,24.709381,24.569061,22.0914
2010-09-06,29.756073,19.557648,25.818512,19.373077,24.824982,24.999908,24.072632,21.350647
2010-09-07,28.135345,21.582733,25.682678,18.312653,26.766174,23.916168,23.260925,22.79013
2010-09-08,19.989899,22.55362,27.473358,19.048737,27.916046,16.257233,21.472351,14.496185
2010-09-09,17.159088,21.601746,27.52594,21.164673,25.086761,16.257477,17.70169,12.160919
2010-09-10,15.9841,22.98935,27.584656,21.6622,20.07724,19.379059,17.829834,12.28775
2010-09-11,16.676239,24.23117,25.113007,21.032959,19.512482,22.698883,19.50064,14.082642
2010-09-12,19.503998,24.976105,23.647858,21.748993,21.838654,15.963043,22.342834,13.686218
2010-09-13,21.881409,24.385834,25.019775,20.826141,22.269379,13.995758,24.64682,14.679291
2010-09-14,24.030914,20.453064,25.091919,17.850037,22.818573,16.214752,22.83493,12.534851
2010-09-15,20.99121,20.201263,24.54123,17.162842,22.74347,21.82779,22.88028,12.523743
2010-09-16,16.445648,22.894104,22.054443,16.7818,23.518494,19.24405,22.93155,12.104065
2010-09-17,14.722687,20.214142,22.770782,18.556152,25.633636,22.285553,23.043884,14.233398
2010-09-18,17.953339,15.940094,23.779358,19.16397,26.338531,17.911041,22.208282,15.820587
2010-09-19,18.742218,18.422943,24.03836,18.213135,24.623718,18.339264,21.203491,17.212067
2010-09-20,20.459656,16.867035,23.16626,20.33667,24.525055,18.84903,18.519257,17.445099
2010-09-21,19.735565,18.21164,23.518768,20.929932,20.991608,19.093658,17.84143,13.817322
2010-09-22,18.312347,18.921936,22.224274,22.767212,20.443298,21.489899,18.971588,18.28833
2010-09-23,18.397614,20.608368,20.618103,21.965668,22.180145,20.908112,21.474274,18.757751
2010-09-24,21.323212,22.696198,17.93219,21.331451,23.293762,22.47403,22.886261,18.552124
2010-09-25,18.37387,21.154572,17.104034,19.98883,23.943207,22.47818,23.707367,18.684265
2010-09-26,18.451141,22.519806,18.189056,17.02179,19.602386,13.458405,23.743805,19.576965
2010-09-27,16.213287,24.428955,19.669464,16.313934,18.747253,11.392487,23.085785,20.221344
2010-09-28,16.91861,23.911713,22.800873,16.007355,21.473541,13.522858,16.8443,20.173462
2010-09-29,18.59317,24.252747,19.127502,15.734924,21.29538,14.436188,17.015564,19.927673
2010-09-30,18.490906,23.813568,18.812622,16.126862,22.419067,16.727692,21.489746,18.634338
2010-10-01,18.48175,24.620483,18.532898,16.459503,20.253784,16.996735,20.763153,18.099365
2010-10-02,15.642395,20.672852,18.984344,16.549072,15.245361,12.819489,18.642517,17.87439
2010-10-03,16.176544,20.442474,19.239624,15.821259,13.372406,14.053375,17.805237,10.181824
2010-10-04,17.53006,23.67337,20.422058,17.698914,17.686829,14.890778,19.102448,10.691956
2010-10-05,13.988617,20.011078,17.964722,16.028778,18.792328,6.8277893,18.436249,19.12204
2010-10-06,18.777496,15.42746,17.15094,14.651794,14.648132,9.750153,17.239716,21.292206
2010-10-07,20.442719,23.156006,17.634216,15.710602,15.167908,11.328766,9.129791,17.42569
2010-10-08,16.268799,19.026611,21.366547,16.363037,16.810638,12.437408,11.531952,8.943146
2010-10-09,14.20932,15.314301,22.944275,17.788635,13.644531,13.587067,16.774841,5.3158875
2010-10-10,12.62735,13.096252,23.133972,16.628998,12.479004,17.000153,18.453674,5.103485
2010-10-11,13.343353,18.391571,20.958893,16.492035,12.674957,13.7760315,18.905518,7.3855286
2010-10-12,17.925629,20.617035,18.681732,12.07428,13.721497,10.502106,13.806793,15.0616455
2010-10-13,13.940704,21.562286,19.606049,11.601044,15.497559,13.089752,16.008331,17.377869
2010-10-14,17.076782,20.829132,20.80597,10.78363,18.27591,18.37149,12.936859,14.269257
2010-10-15,15.776947,19.776642,22.197235,10.113892,21.515137,19.191315,9.498383,9.036682
2010-10-16,8.233612,19.052948,22.622162,9.26001,21.418549,7.292877,16.507324,8.571777
2010-10-17,8.293732,19.806732,20.845123,8.606628,17.954895,9.8697815,20.104187,8.494232
2010-10-18,8.242706,13.881714,18.089722,8.572601,11.812927,15.240143,20.097168,14.49234
2010-10-19,8.794678,10.237213,17.238678,9.112946,12.855255,15.067047,20.21347,15.081146
2010-10-20,11.964111,17.746674,19.027283,10.616882,9.822327,3.4005432,20.725494,6.901642
2010-10-21,13.498566,21.92331,17.141296,11.239563,10.6657715,1.3297424,19.90451,3.1593628
2010-10-22,9.050018,18.18991,17.015259,15.967499,13.888794,2.4552307,18.83908,5.788849
2010-10-23,9.451874,21.860199,17.413849,17.750336,17.570465,6.5768127,17.516632,5.4864807
2010-10-24,12.365265,20.174347,20.437042,17.263733,15.878906,10.079498,11.654053,3.8832397
2010-10-25,10.941467,14.369141,19.307281,16.521515,6.892914,9.1336975,7.1216125,8.357483
2010-10-26,9.017944,13.990997,14.182861,15.230164,10.530579,3.224762,7.0350647,12.642731
2010-10-27,12.814789,12.003998,15.131195,15.207886,10.362122,2.9725647,5.1172485,11.828674
2010-10-28,14.288757,14.392487,20.199707,11.89566,11.852722,6.1158752,7.084137,5.6160583
2010-10-29,5.6789856,11.502075,20.404236,11.281586,11.815796,9.986481,9.08847,5.0265503
2010-10-30,5.162079,17.257263,14.4646,9.229797,10.636536,8.74942,14.937927,3.0054016
2010-10-31,4.348755,13.848816,14.376007,11.284515,8.6675415,9.761627,7.9978333,2.7020874
2010-11-01,9.174988,12.821747,18.167816,12.280243,6.9265747,13.319977,4.360382,5.502472
2010-11-02,12.005188,14.052216,16.179413,13.75238,8.740021,16.624176,3.0166016,6.731781
2010-11-03,13.399445,13.150726,16.279297,13.597382,8.229004,18.698395,2.2524414,7.73053
2010-11-04,9.0624695,11.455963,17.863983,8.356201,8.882446,13.789215,3.3996582,9.570343
2010-11-05,3.8311157,11.125824,19.811798,7.976288,15.565186,8.25235,10.009674,5.611023
2010-11-06,4.977661,10.658051,18.777863,9.84256,17.37909,4.8231506,13.663605,10.316803
2010-11-07,6.742859,12.8749695,16.223267,10.005249,14.872742,4.179596,12.867645,9.082123
2010-11-08,7.966034,7.282135,15.134644,12.98941,15.129974,7.259674,7.317566,11.567261
2010-11-09,4.764221,9.202484,13.366455,15.381226,13.024353,16.27359,8.517792,16.100555
2010-11-10,6.621277,14.361664,12.956696,16.063477,12.70047,12.733307,12.736877,12.443054
2010-11-11,5.5298157,16.263763,14.36911,9.480133,15.556732,10.410309,16.548553,8.456268
2010-11-12,6.487213,12.031921,11.770233,7.353302,17.758026,8.3524475,12.379395,7.4726562
2010-11-13,6.813141,6.306122,10.440704,9.637756,20.023956,7.335602,3.4977722,16.689758
2010-11-14,6.382599,11.581604,14.071625,10.562408,10.159363,7.3954163,4.6804504,5.7468567
2010-11-15,7.318451,16.21347,15.342468,12.2221985,7.2079163,11.028229,7.554962,3.8415222
2010-11-16,6.384491,12.359833,12.674072,12.99231,18.288727,14.480621,9.392792,7.4424133
2010-11-17,8.671356,6.726166,12.869843,8.527039,17.977997,10.461334,4.852417,7.75766
2010-11-18,1.8995667,4.4648743,12.831787,5.9558716,11.289459,7.664215,2.688263,-0.28338623
2010-11-19,2.6476746,15.127075,9.610657,5.5850525,18.767242,10.653473,6.659027,-0.40777588
2010-11-20,2.787384,12.361633,11.768066,7.650757,15.445099,9.553131,4.5677795,2.8290405
2010-11-21,4.6000977,11.418396,16.610657,4.6399536,5.320709,3.7494202,4.6415405,3.388733
2010-11-22,3.4143982,11.361176,12.026489,5.6466675,5.71756,3.6898499,6.2595825,5.651245
2010-11-23,4.171295,9.844818,10.32663,6.9324646,7.0529175,2.0863342,8.337494,3.1827393
2010-11-24,2.8107605,11.470947,13.094635,3.566681,8.872162,1.1361389,12.690735,5.8413086
2010-11-25,3.8365173,6.1944885,10.375153,-0.105895996,13.457306,0.20669556,15.165039,8.755798
2010-11-26,1.5819397,1.3511047,8.043274,-0.5033264,14.301758,0.8377991,9.105621,15.517181
2010-11-27,2.4613953,10.315155,12.659729,0.009674072,12.00708,-1.8223572,1.9298401,4.9723816
2010-11-28,7.7622375,5.0263977,14.888214,0.93377686,7.143524,0.42617798,8.326843,2.4512634
2010-11-29,10.104065,7.450531,10.744598,1.0966187,5.928833,1.8624573,16.968536,4.4401855
2010-11-30,3.6052551,3.49115,9.2561035,1.7879333,5.6196594,2.6820374,2.2324524,-1.1260376
2010-12-01,7.386139,5.222534,8.578613,2.6679688,0.66674805,0.6437073,1.2318726,-0.4868164
2010-12-02,3.2635498,8.455963,9.170868,-0.14730835,0.2848816,-6.0882263,4.275818,-1.289856
2010-12-03,0.94992065,3.9825134,9.329559,-1.1868591,1.6499634,-5.7674255,4.29126,-1.3883057
2010-12-04,1.9125061,6.1829834,11.69516,-3.4183044,2.7595825,-2.934906,8.129486,-2.6585999
2010-12-05,0.10195923,3.5273743,8.804871,-2.1033936,4.3847656,0.47940063,4.1035156,-2.988556
2010-12-06,0.26013184,4.231079,8.423676,-3.7487488,8.447571,1.9073792,-0.17858887,-0.62042236
2010-12-07,-3.3335571,2.779358,7.452942,-4.6626587,1.1706848,-8.200043,-0.72128296,0.05670166
2010-12-08,-0.21932983,2.8894653,6.891327,-5.270294,8.42334,-1.6670837,2.1879883,-2.1174622
2010-12-09,-0.5559387,3.099701,6.3419495,-3.2618408,4.9448853,-5.9739685,3.7190247,0.4255066
2010-12-10,-4.2036133,1.3905945,7.9462585,0.05319214,-1.4082947,-9.542572,3.8837585,2.266693
2010-12-11,-5.2079773,4.0502625,8.20163,1.8303528,-5.6089478,-11.475433,-0.034332275,-2.414154
2010-12-12,-3.3806458,1.606781,8.709808,0.90042114,-4.736664,-12.589935,1.7444153,-2.517273
2010-12-13,-3.0162048,-0.81036377,7.6834717,0.7572937,-4.043457,-7.8174744,-0.456604,-4.514282
2010-12-14,-0.49594116,-0.6479492,4.4723816,-1.8764343,-4.95224,-5.6875916,-1.3088989,-3.4251099
2010-12-15,-1.9128723,1.7946167,1.2078552,-2.8146973,-2.282898,-4.4544373,0.7593689,0.88653564
2010-12-16,1.3285217,1.7905273,3.176056,0.31951904,1.570221,6.8265686,-1.5306396,-6.4057007
2010-12-17,-1.8398132,-0.07510376,5.259918,-3.0264587,-0.39523315,7.6368713,0.16586304,1.2409058
2010-12-18,-1.363617,5.421234,3.899231,9.555237,-2.3403625,1.5506897,-0.015167236,-1.6746216
2010-12-19,2.149109,6.0594482,5.580475,10.983826,-5.2033386,-1.594574,3.949707,5.455902
2010-12-20,-1.0970764,7.7424316,7.2835083,3.352234,-2.409668,-3.0921326,0.08074951,-3.6091003
2010-12-21,-3.4659119,8.366089,7.0946045,-0.010803223,0.25250244,-7.9873962,-5.063202,-12.293762
2010-12-22,4.199707,7.6107483,9.656006,-0.60861206,0.7798157,2.2831116,-7.5052795,-7.271179
2010-12-23,9.0466,6.4429626,10.002167,-1.6226196,2.865387,4.717682,-5.26947,-1.9029846
2010-12-24,1.3057556,6.548645,6.078644,-0.86224365,6.1975403,-2.0801697,-3.7163696,0.4987793
2010-12-25,-6.6557617,3.1437073,7.2342834,-2.3242493,9.915985,-7.3782654,-2.673767,-0.11685181
2010-12-26,5.1321106,-2.4310608,7.436676,-3.6271057,3.0214539,-12.025482,-3.580902,-0.32821655
2010-12-27,-2.5343323,-3.2818909,8.243622,-4.7822876,-2.8052673,-9.61264,-4.139679,1.0962524
2010-12-28,-4.5715027,4.3648987,10.0616455,-1.0027161,-4.583008,-12.574554,-0.63638306,3.0520325
2010-12-29,-6.9079285,8.629547,12.73111,0.48910522,1.880127,-8.250336,4.273712,1.4784241
2010-12-30,-2.8950806,11.9027405,12.977753,1.1409302,7.580597,-1.8489685,-1.8765564,-1.5530396
2010-12-31,1.7556458,12.862457,9.635773,0.13458252,12.78244,-3.0345154,-1.9093628,-3.0734558
2011-01-01,11.738312,13.373077,8.187439,0.3540039,-3.3024292,0.91519165,-1.0753479,-6.996826
2011-01-02,10.427521,8.5746765,6.9075317,7.81427,-0.57995605,-3.684906,1.5500183,-7.62912
2011-01-03,17.025116,7.8298035,6.534851,-0.49728394,-6.2456055,-7.9388123,3.140747,-6.2442627
2011-01-04,7.5085144,9.236694,6.6331177,-2.5342712,-6.2949524,-10.647308,1.580719,-3.6940918
2011-01-05,5.2494507,3.8022766,10.266357,-2.844452,-0.7635803,-10.132904,-0.32894897,-4.4830933
2011-01-06,-3.138092,-3.5412903,5.6453857,-1.0745239,-0.51660156,-6.3233337,0.35116577,0.8436279
2011-01-07,-4.544525,2.5032654,3.4770203,-0.770813,-4.6614075,2.068756,-2.0484924,3.3040466
2011-01-08,-4.6733704,0.1720581,0.3737793,0.7230835,-0.6995239,0.9083557,-2.6045837,0.54104614
2011-01-09,-0.7909546,10.463715,1.4570618,1.3784485,0.8785095,-5.344574,0.87268066,-0.8279114
2011-01-10,2.9341125,9.164764,1.973938,-2.0639343,-5.656128,-2.5689392,4.350342,-2.6264648
2011-01-11,-0.45922852,4.188446,2.484558,3.4162292,-11.826569,1.9007874,0.45742798,-2.339203
2011-01-12,-5.1208496,2.0722046,-1.1343384,4.8127747,-4.434967,4.1493225,-0.1998291,-2.1567993
2011-01-13,-8.416687,8.384186,-2.5543823,2.368103,2.8087463,-1.3609314,0.02999878,-4.876953
2011-01-14,-6.752411,3.3893127,0.9770508,1.9119568,-0.03579712,-1.2378845,-0.13238525,-5.907898
2011-01-15,-11.35611,7.8023987,8.782959,3.5524597,-0.08999634,1.2276917,1.0732117,-8.280579
2011-01-16,-12.7048645,7.9791565,5.1082153,7.0932617,-1.7530518,-2.6629333,2.5112915,-8.320404
2011-01-17,-9.028839,11.537994,2.3660889,9.362305,2.1392517,-0.7132263,2.0091858,5.4742737
2011-01-18,-1.5359192,6.693115,-0.66967773,2.2867432,1.0502014,6.0067444,6.464813,2.554779
2011-01-19,-8.813171,2.1037903,1.1935425,3.3120728,-0.7692261,4.4911194,12.704651,1.1217651
2011-01-20,-9.599457,7.8512573,-0.46862793,7.691803,0.24526978,-0.81674194,15.650238,-1.0839233
2011-01-21,-9.857697,6.313141,-2.5178223,9.958313,2.7892761,-5.3074646,17.615265,-1.5666199
2011-01-22,-9.774872,2.4294739,-0.68969727,9.554962,-2.5968628,-10.017181,4.040619,-0.9737549
2011-01-23,-7.6388245,6.39447,5.476654,6.8710327,0.7640381,-10.350922,-7.926605,0.59664917
2011-01-24,-7.586151,1.5312805,11.089478,5.656067,3.32135,-4.820648,-6.800812,-3.5780945
2011-01-25,-3.605011,-0.15719604,8.410461,6.08197,7.577759,-6.3702087,-3.4803162,-4.107605
2011-01-26,-6.8015747,5.3916016,5.2321167,5.124237,3.8628845,-3.1246033,0.5394287,1.0365906
2011-01-27,-12.560577,4.2497864,0.92996216,4.4086914,-3.0797424,-0.56088257,0.10293579,0.46505737
2011-01-28,-9.192352,0.8713684,-0.58206177,4.383209,0.17242432,0.644928,-0.44863892,-1.1794739
2011-01-29,-9.357147,2.2642517,1.1867981,3.3272095,-1.3346252,-15.5833435,-1.1940613,0.89382935
2011-01-30,-9.095093,5.1788635,1.6980896,4.234375,0.18515015,-19.950043,-4.9841003,1.2313843
2011-01-31,-7.4830017,4.486969,2.0223694,5.9718018,3.9623108,-15.722015,-4.9801636,-2.8243408
2011-02-01,-3.327423,2.2413635,0.0435791,6.473633,9.954468,-1.8555603,-5.4637146,-2.171173
2011-02-02,-4.891083,1.1197205,-0.836792,6.5915833,0.3887329,1.0856018,-0.8381958,-3.3632507
2011-02-03,-9.198639,1.2736511,0.032318115,7.1492004,0.75701904,-3.6731873,-1.0063782,0.44586182
2011-02-04,-5.462494,2.690216,-0.6073303,5.7060547,0.9630432,-14.342621,3.07135,-2.7549438
2011-02-05,-4.737335,6.759369,-1.8493347,3.9198914,1.7513428,-3.179779,-0.9451904,-4.0540466
2011-02-06,-5.937622,1.4353333,-1.1911011,3.0820312,-1.6860046,3.9117737,-3.1166687,-8.7099
2011-02-07,-8.149017,5.0421143,-1.4312439,-0.49731445,0.8869324,-7.339447,3.5940247,-13.38855
2011-02-08,-5.764099,0.28518677,-3.1150513,-0.70062256,-0.17929077,-14.598724,0.9078369,-3.940277
2011-02-09,-7.214508,1.6517639,-2.8953247,2.168335,-0.5283203,-12.11142,-5.324585,-0.99520874
2011-02-10,-10.1492,5.9320374,-2.4658508,4.3226013,-2.1370544,-13.53598,-1.5433044,0.80529785
2011-02-11,-4.143524,3.953888,-5.362335,6.499542,-3.9077759,-15.750336,4.1651917,-2.141693
2011-02-12,-10.794708,-0.8296509,-2.7102966,7.566742,2.7857666,-11.435883,5.1131897,-1.5976562
2011-02-13,-7.2759705,-1.6938171,0.11483765,4.1202393,3.6314392,-2.336029,0.43893433,-1.5813599
2011-02-14,-1.545044,-2.6081238,4.435608,0.07763672,3.7127686,3.301178,1.7292786,-2.5429993
2011-02-15,-12.892395,-4.4236145,9.5216675,-0.59710693,9.05069,5.1942444,9.259338,2.7818604
2011-02-16,-12.033539,-1.9233704,7.698639,-0.39068604,1.2147522,10.403229,14.319916,6.3707886
2011-02-17,-11.441559,1.2486267,4.7297974,-1.1419067,-1.250061,11.650055,15.883392,4.366394
2011-02-18,-11.295288,2.5594482,4.9353333,-1.6023254,-3.5963745,4.2359924,11.318726,6.1013184
2011-02-19,-7.5289,-1.9978027,-0.381073,-3.7687378,-3.7973633,2.8153381,5.0632935,10.102539
2011-02-20,-13.477386,0.39816284,-2.547882,-1.9816895,-0.36846924,1.5221252,6.3916016,12.372742
2011-02-21,-14.989502,1.8200073,-4.2973633,-0.22729492,0.4456482,0.6451721,11.850922,7.3094788
2011-02-22,-11.091644,-0.90859985,-4.410248,-1.1618652,0.9063721,-4.5498962,13.151306,13.128632
2011-02-23,-14.619476,-1.0381775,2.8455505,-4.3406067,0.8340454,-1.1038513,13.043091,7.3982544
2011-02-24,-13.138519,-0.3989563,4.841095,-2.8311462,0.68359375,0.80874634,-0.8503113,3.799408
2011-02-25,-13.374359,0.24020386,5.6677246,0.6960144,-1.6202698,-1.1148376,-1.0921326,5.16391
2011-02-26,-0.7591553,0.20181274,3.50531,1.2941895,4.4672546,-6.6302185,4.0905457,6.7174683
2011-02-27,2.5459595,0.03933716,3.4079285,1.0425415,4.609131,-5.6646423,-6.0451965,1.5590515
2011-02-28,-5.9769287,2.4487,5.2409363,6.9816895,6.4930725,-0.6663513,-8.391846,-0.39764404
2011-03-01,-6.6268005,5.273773,4.480377,3.3105469,3.5169678,2.0206604,-2.9803467,1.65448
2011-03-02,-5.490204,1.3789062,7.914215,2.205902,-1.5614624,2.539215,2.5596313,0.7305298
2011-03-03,-4.462494,3.2932434,3.3785706,1.3982544,-4.6166077,5.384674,6.7697754,-1.9284363
2011-03-04,-5.1531067,3.4222107,0.7482605,2.4317627,-5.263092,3.7206116,2.3330383,-3.4157104
2011-03-05,-5.2901306,2.3561096,6.793701,1.256958,-1.7647705,7.1803284,-4.2109375,-4.108032
2011-03-06,-1.9679565,3.528778,13.268921,0.12670898,5.276001,2.356598,0.26278687,-2.4091492
2011-03-07,-1.4601135,5.2607117,6.9119263,3.7521973,3.3680115,0.096588135,5.045532,1.5480347
2011-03-08,-0.87527466,3.9353943,2.9143982,6.667816,10.099579,2.427887,0.4805298,5.3983765
2011-03-09,-1.8841248,3.2566528,2.673645,4.652069,6.053711,5.57901,-3.3070068,4.2124634
2011-03-10,-1.9359741,1.4808044,6.865143,4.343872,-0.44628906,11.117828,4.4577026,4.679016
2011-03-11,-1.0262756,3.9831848,9.384949,4.388794,-1.0646057,7.3312073,9.365265,8.6874695
2011-03-12,-1.4734192,6.823761,7.1391296,-0.47659302,8.11377,4.5694885,-2.3801575,0.03793335
2011-03-13,-3.068573,5.623047,1.5261536,0.5288086,4.5030518,3.873932,-2.4058838,1.28125
2011-03-14,-2.3669434,3.433197,6.6517334,0.7641907,0.3128662,3.889801,4.0352783,1.726654
2011-03-15,-1.1655884,4.2277527,6.8036194,-0.5423279,7.362488,3.7279358,14.639709,9.81842
2011-03-16,-1.5979309,1.2928772,6.626007,-1.0918579,13.78595,4.400543,2.3193665,9.251282
2011-03-17,3.4026794,1.8372498,7.578369,1.6753235,7.4909973,8.565094,2.4660645,1.50177
2011-03-18,5.9336243,3.4637756,14.311127,3.0836182,9.900574,10.940582,5.918274,-0.07147217
2011-03-19,-3.0473022,4.666809,14.098389,8.172058,12.162048,11.395905,8.103546,0.6723633
2011-03-20,-0.897583,4.5438538,5.1235046,11.527557,12.450165,2.6793518,13.685272,2.2055054
2011-03-21,-2.1416016,3.6782227,3.2910767,11.235809,3.7341003,5.77652,17.486603,6.6138
2011-03-22,1.8124695,2.7553406,4.6821594,7.1305847,6.766815,7.5143127,10.183197,7.324127
2011-03-23,-0.97927856,3.118866,7.008667,7.1022644,9.203522,7.5397034,8.5979,9.396118
2011-03-24,-3.1439514,7.5438538,3.0896912,11.227173,6.7324524,11.6354065,10.838745,5.1845093
2011-03-25,-0.9600525,6.5308228,5.862976,12.439331,2.113037,4.7709045,15.075378,9.137756
2011-03-26,3.881775,5.4279175,8.818115,11.69989,2.03656,9.843658,15.979309,15.073822
2011-03-27,9.41214,4.6444397,13.939392,9.280945,5.4597473,2.8519592,3.3987732,-0.34695435
2011-03-28,5.5073547,6.583008,12.54303,11.3871155,11.928986,1.3666077,4.4565125,-1.964386
2011-03-29,4.9892273,9.673065,13.012146,14.673553,15.498596,3.007721,12.495605,6.7654114
2011-03-30,4.416046,6.5815125,6.9999084,17.336823,4.8625183,-0.40072632,14.903809,4.248657
2011-03-31,3.1385193,5.3596497,7.609558,18.886322,7.0966187,1.549469,16.220184,-0.6437378
2011-04-01,3.3501892,7.352722,8.872925,17.13321,12.734894,7.935211,12.670105,-0.4456787
2011-04-02,3.8061829,5.6718445,8.13623,15.896393,4.339752,7.3104553,7.1128845,1.7950745
2011-04-03,3.48703,-0.02609253,7.1843567,18.827484,1.3970642,6.696686,7.655121,2.8875427
2011-04-04,3.0508118,0.5313721,7.9825134,12.077454,1.5335999,2.6944885,11.435852,5.4697266
2011-04-05,4.888153,6.5062256,6.851227,13.623962,-1.7135315,2.2828674,6.398041,3.0820007
2011-04-06,4.193512,6.358734,8.38327,17.375885,-2.2674255,10.574371,4.6140137,3.6810913
2011-04-07,4.5217896,6.6843567,9.0434265,12.376709,0.7468262,3.8487854,7.524719,2.9071045
2011-04-08,6.909088,9.010529,11.333771,8.315826,3.9325256,1.9107971,11.629608,3.2359314
2011-04-09,3.2366638,9.090637,11.944153,11.971161,3.3130188,2.6964417,9.377808,4.2953796
2011-04-10,2.874298,7.437683,13.545624,12.942474,6.9923096,-1.8189392,13.287445,4.7533875
2011-04-11,6.9929504,7.394684,10.728363,12.14682,8.699493,-1.461029,17.07663,5.0457153
2011-04-12,8.482971,7.4735107,13.500366,12.308105,8.630005,0.5926819,16.696838,5.7957153
2011-04-13,8.000092,5.5914,10.698639,8.366577,9.12262,2.2643127,10.779999,5.6309204
2011-04-14,9.347748,4.8155823,7.5059814,8.664429,8.786743,0.9815979,12.002258,9.544647
2011-04-15,9.887726,6.48291,9.984253,6.4575195,10.906769,8.324127,13.222473,14.8246765
2011-04-16,11.829498,8.250183,13.362335,6.0401917,13.297852,17.274323,10.500336,14.424316
2011-04-17,12.407684,5.1763306,12.909058,9.068085,15.080139,9.45401,14.237244,8.436707
2011-04-18,10.166901,6.5697327,13.24884,9.426849,12.82666,10.256989,15.639893,8.153412
2011-04-19,6.2496643,8.666138,13.5312195,7.772156,12.233917,11.074127,17.573975,5.115631
2011-04-20,5.426605,8.861847,14.84787,9.243622,10.2005005,8.21402,10.353882,7.086975
2011-04-21,4.969208,9.939758,13.629211,12.2161255,9.890625,10.24234,8.567688,8.723022
2011-04-22,8.327423,10.736725,11.951721,13.784058,10.889801,8.901276,11.583893,13.502838
2011-04-23,10.916931,10.113861,11.018799,16.591003,9.156189,8.347809,17.905731,15.075104
2011-04-24,11.624664,9.56778,10.559937,13.497864,9.234222,10.329742,20.686127,11.017059
2011-04-25,14.623291,9.158783,12.140137,11.53064,11.751129,13.235748,21.199524,9.858002
2011-04-26,14.491974,8.744598,15.376434,13.795166,13.749115,12.369293,21.049591,11.980164
2011-04-27,9.7760315,10.440033,16.29956,12.010864,11.228851,8.294342,19.635925,15.582428
2011-04-28,10.772919,12.408661,12.738953,8.929382,10.939514,7.660309,20.409332,11.257965
2011-04-29,11.7066345,11.8628235,15.074219,10.3628235,10.533203,14.221344,20.174438,10.714752
2011-04-30,9.850983,11.686066,17.323914,8.218506,11.363434,15.715729,18.899567,11.159912
2011-05-01,12.251862,10.365234,13.567169,10.4001465,12.34256,13.955231,16.023163,10.908783
2011-05-02,9.518036,11.123993,19.809662,11.130371,10.516724,14.942535,15.345459,14.193848
2011-05-03,13.39563,11.218048,11.576294,11.441589,14.495819,14.181793,17.406189,18.829498
2011-05-04,15.147644,10.385925,10.929382,8.500671,14.85907,15.911041,17.510681,11.758728
2011-05-05,18.681885,8.609833,11.210266,9.75885,15.963043,11.075836,15.42691,10.771118
2011-05-06,20.843811,9.020782,12.603638,11.4722595,17.582672,10.303131,20.28363,10.867676
2011-05-07,18.953094,9.02066,14.041534,11.145325,14.771912,14.646637,18.53357,9.703522
2011-05-08,9.283417,12.016693,18.1716,9.641754,12.111389,14.172272,13.153839,12.51239
2011-05-09,9.328918,13.185699,13.445251,9.091522,14.668518,9.7152405,15.12912,12.852936
2011-05-10,11.176483,12.347748,12.202911,10.778412,14.470154,11.379547,17.362244,9.529785
2011-05-11,14.492462,11.327972,15.943329,10.942047,17.981049,11.796051,17.160278,7.7221985
2011-05-12,16.53064,12.291901,19.064758,11.149048,20.696136,11.936432,18.256561,8.51123
2011-05-13,14.076233,12.60498,18.117126,11.157837,16.905396,12.945221,19.898132,8.711304
2011-05-14,17.450958,13.132172,13.6388855,11.945496,12.063049,12.420807,22.934235,12.064667
2011-05-15,21.08197,12.1371765,14.319489,14.440033,11.72113,12.970856,23.319275,13.364288
2011-05-16,22.75418,12.987762,16.990417,16.509796,14.630798,11.974762,20.278198,16.844421
2011-05-17,19.905182,12.337799,18.312378,14.7836,16.165405,12.201324,13.9219055,20.71103
2011-05-18,15.849762,14.279175,16.461487,14.241486,12.092224,13.781158,16.197144,17.968292
2011-05-19,16.297974,12.759094,17.026947,13.446167,17.525452,14.454254,20.712372,14.562408
2011-05-20,17.112305,13.258759,16.784088,14.362335,11.405518,16.003815,14.701874,12.553345
2011-05-21,13.195709,14.35257,14.378326,13.758759,11.876587,13.065094,13.187836,16.476013
2011-05-22,13.077515,13.149506,18.195587,14.746155,14.016449,12.818024,16.136017,15.2222595
2011-05-23,14.839813,13.653809,22.718842,13.740448,15.814545,10.479645,16.680115,15.281311
2011-05-24,15.897369,14.451752,19.724304,12.45459,14.227234,11.919342,17.358704,10.448883
2011-05-25,15.640472,14.657867,15.801758,14.438843,13.24115,18.253815,21.663849,10.89975
2011-05-26,15.418243,14.174652,17.908203,16.32022,11.419891,16.719147,22.168762,14.000305
2011-05-27,15.9219055,15.445923,22.193634,14.094452,12.36676,10.018463,24.774689,19.980804
2011-05-28,15.636749,14.793182,22.295288,16.994202,15.601929,12.038727,22.95169,14.821991
2011-05-29,16.206696,16.647552,18.238983,15.823914,20.425018,15.282867,17.918396,14.089508
2011-05-30,18.322418,16.764435,18.024475,17.141815,17.595459,11.897369,16.065155,15.721039
2011-05-31,20.933624,17.47934,17.562866,18.799957,16.966919,13.087067,17.846619,17.426178
2011-06-01,21.63919,16.908356,18.873688,19.008911,17.985931,13.013336,18.54773,19.274933
2011-06-02,20.978668,16.292328,21.283112,21.24295,17.002655,13.156891,21.445282,20.346252
2011-06-03,21.025482,15.113007,19.578613,19.263947,13.281403,13.318756,22.221252,19.696228
2011-06-04,21.173706,13.956055,19.204681,15.901093,15.249878,14.058502,21.914307,16.611542
2011-06-05,22.59085,15.856476,20.72815,14.687927,16.711456,13.847076,21.81482,14.384491
2011-06-06,23.190918,16.142975,20.435333,15.271362,16.409058,16.402496,21.14682,12.664856
2011-06-07,22.704926,16.925812,22.039368,16.674164,18.278717,18.818756,15.816742,13.330902
2011-06-08,20.791168,16.618774,23.895874,17.711761,19.716705,18.172272,14.159454,15.509033
2011-06-09,19.835052,16.13269,22.049347,19.03183,20.901428,20.323395,16.973114,18.15213
2011-06-10,21.834259,15.9339905,23.60315,17.402008,19.88565,18.424957,18.798615,19.946014
2011-06-11,20.728546,16.736176,25.199219,18.687653,21.200073,15.999664,20.561554,21.323547
2011-06-12,20.442383,16.97464,22.871674,20.153809,21.69455,15.619293,21.439514,15.968384
2011-06-13,21.378815,16.104614,20.419495,20.190796,23.767792,17.130768,22.073456,13.298218
2011-06-14,20.196686,17.372406,20.96994,21.296875,25.877838,16.245514,18.012238,13.931763
2011-06-15,20.507294,17.559479,21.782562,21.36728,25.274658,16.928864,12.844482,15.577972
2011-06-16,20.145294,16.647125,22.509064,20.894257,23.950409,17.846588,16.768127,18.938019
2011-06-17,18.062775,17.87973,22.776062,18.399384,21.171234,18.264069,19.203247,23.090881
2011-06-18,17.52002,17.422821,25.048584,20.638123,18.958435,21.9982,18.48111,23.292114
2011-06-19,18.210358,17.555695,27.857971,20.288025,21.179657,22.04898,19.91977,24.522308
2011-06-20,18.378082,17.415283,19.345215,21.049896,19.209473,17.068756,20.911835,23.387634
2011-06-21,18.670807,18.41983,17.725037,21.882965,16.341705,20.833893,19.233917,22.304993
2011-06-22,18.932037,19.081757,18.361694,20.405487,17.468994,16.808014,20.586243,16.290405
2011-06-23,18.72229,18.808044,20.102692,19.159027,16.87442,15.225006,19.589874,16.162567
2011-06-24,20.199615,18.36728,20.404663,20.947357,17.866364,19.230133,20.903442,18.339203
2011-06-25,19.881348,18.41333,21.146973,21.228302,19.701263,16.646393,21.101562,23.934906
2011-06-26,20.874603,19.077301,24.299927,23.107117,21.623566,17.89737,21.507538,17.908295
2011-06-27,21.741058,19.004364,23.677338,22.30606,20.034637,22.053375,23.529846,17.064636
2011-06-28,22.540863,18.363434,23.80429,22.092377,22.199402,23.147125,24.400574,19.520844
2011-06-29,20.772034,18.391632,23.141113,21.371613,23.169067,22.787506,24.646759,22.323944
2011-06-30,17.522339,19.558014,22.474396,19.86673,22.017914,19.938873,26.226013,22.942291
2011-07-01,17.152893,20.914642,23.090546,17.289093,21.12143,17.644196,25.56485,22.52127
2011-07-02,18.229614,21.12503,23.980408,16.638,21.149445,19.036285,24.104675,25.016052
2011-07-03,20.652802,20.727875,25.932983,18.434143,24.299072,21.169098,23.83078,26.449554
2011-07-04,23.568665,20.276917,24.781738,20.540161,26.019135,22.819489,24.797302,22.814789
2011-07-05,23.855316,19.807556,24.026947,21.493805,26.033112,21.723297,24.110992,21.409973
2011-07-06,22.091705,18.353516,21.529327,22.424622,24.658539,18.898346,22.77353,19.921692
2011-07-07,21.741364,20.046112,22.466583,22.44806,23.74945,20.739899,23.373566,17.705322
2011-07-08,21.5372,21.394989,25.677795,22.850952,24.649384,21.705963,24.543976,18.860626
2011-07-09,20.027863,21.506561,24.733429,26.05307,26.494812,22.14737,25.711853,18.233398
2011-07-10,19.407532,21.571564,24.425507,27.038788,27.606354,22.547028,25.90622,22.168854
2011-07-11,20.144592,22.496063,25.214874,28.06604,26.609222,21.964508,25.428284,26.654877
2011-07-12,21.730255,21.49469,22.21814,27.321442,24.647217,20.720856,25.478333,21.889648
2011-07-13,21.623962,22.041962,22.148285,25.965149,24.32724,19.885406,25.457611,20.785309
2011-07-14,22.109863,22.812836,22.02652,25.828033,25.031616,19.99234,24.828278,20.06482
2011-07-15,23.19162,22.63974,23.362762,24.778198,24.242493,21.425934,25.011719,19.066772
2011-07-16,22.336884,23.248138,26.308228,25.495514,26.533447,21.039703,25.311768,17.656494
2011-07-17,22.11441,23.223114,22.325226,24.71991,27.72229,22.173248,24.499115,18.87558
2011-07-18,22.947235,23.383148,23.237427,22.757599,24.973328,22.841217,25.204132,20.066376
2011-07-19,23.986176,23.394012,25.798584,23.230408,25.860138,23.119781,26.943024,26.89441
2011-07-20,23.974152,22.28241,26.34671,23.13144,25.430237,20.456696,28.121216,25.68457
2011-07-21,23.09436,22.185791,25.431946,19.519592,25.528625,16.762115,27.85205,21.27478
2011-07-22,23.193909,22.52304,25.2305,19.167725,26.398315,18.842926,26.82666,21.211609
2011-07-23,23.99997,22.25476,25.335938,21.442749,25.481384,19.103668,27.45758,21.996033
2011-07-24,23.782806,21.842133,25.10196,20.98172,24.157959,19.615387,27.199585,23.348145
2011-07-25,24.610443,22.542755,24.313934,19.497742,24.387146,19.32486,28.58612,26.396576
2011-07-26,23.319946,23.88266,25.422516,21.010956,26.365448,20.832184,27.810516,23.573608
2011-07-27,20.020782,24.225555,25.759705,24.757233,26.700562,21.141266,27.14624,26.225159
2011-07-28,21.847198,24.35791,24.940643,26.012787,26.063873,21.357819,26.680603,23.853394
2011-07-29,23.01419,24.018799,24.00595,25.261536,24.779266,21.437897,26.096497,24.438019
2011-07-30,22.602966,23.54892,24.022247,22.949554,24.596466,21.514801,23.49585,27.048584
2011-07-31,21.923676,24.014404,25.59729,23.673798,24.860596,23.62027,21.549469,26.82544
2011-08-01,20.288177,24.325775,26.81308,24.148407,24.831299,22.602448,22.001251,22.439453
2011-08-02,20.003143,23.454742,26.560883,22.626404,23.695526,20.774323,23.70581,22.058716
2011-08-03,20.188873,24.502563,28.170746,22.861877,23.753418,20.539703,25.352295,21.127228
2011-08-04,21.538757,24.734589,27.609833,21.062073,23.91922,22.45523,27.064087,25.887543
2011-08-05,22.5206,24.169647,26.391571,21.641235,24.738708,22.330475,28.11441,27.866913
2011-08-06,23.890411,23.06253,25.525665,20.55545,25.038605,22.85196,27.318146,24.252472
2011-08-07,25.329926,21.579254,25.616913,22.925232,24.62619,18.14151,27.165924,22.710785
2011-08-08,26.02951,22.014435,25.410828,23.539215,24.828949,17.908844,26.19754,25.307648
2011-08-09,25.717926,23.768097,25.849213,25.110046,24.533752,19.856598,25.782837,24.06424
2011-08-10,24.492401,21.543518,25.738983,26.285065,24.5979,20.765533,26.888733,19.463928
2011-08-11,22.9982,20.850433,27.279205,24.415802,24.41153,19.02652,28.844147,15.878326
2011-08-12,23.418182,21.415253,29.08252,26.855103,24.443695,18.585602,29.582397,17.055847
2011-08-13,24.062073,21.848663,28.600311,25.523285,24.59253,20.329987,29.94278,17.781006
2011-08-14,22.597748,22.606781,28.187988,24.73413,24.553406,23.38443,27.891937,17.93097
2011-08-15,21.490997,22.094727,27.240082,23.407288,24.52179,22.815094,28.146637,19.788849
2011-08-16,21.42215,21.11905,26.490906,24.062714,24.452332,18.848541,25.917236,21.008942
2011-08-17,20.535492,22.003143,25.313202,21.331177,24.3172,20.754059,23.831116,17.874664
2011-08-18,21.24472,22.929596,24.761322,18.951843,24.997772,22.042145,24.471313,17.16333
2011-08-19,22.198212,23.366058,25.110443,20.164337,25.923553,19.919098,25.164368,17.791656
2011-08-20,23.462097,22.928497,25.283173,21.615631,25.606598,19.406647,25.31372,18.809052
2011-08-21,23.675568,22.317322,25.63974,19.46698,24.24582,20.970856,26.460144,22.520966
2011-08-22,21.869537,20.174103,26.211365,18.955597,23.531708,23.009918,26.393707,23.357971
2011-08-23,22.747833,21.321869,25.723633,19.653076,23.561676,22.837555,25.408234,22.374847
2011-08-24,23.82129,22.463226,25.775757,19.373932,24.451569,17.58194,25.799072,24.217743
2011-08-25,23.415833,23.786224,26.388672,22.233826,25.57306,17.206207,21.841003,20.998688
2011-08-26,24.67929,23.075836,27.173279,20.061493,25.172302,17.116364,22.370758,17.586548
2011-08-27,22.312744,22.226166,27.60852,20.405975,24.650055,17.61856,26.936401,15.312164
2011-08-28,21.716156,22.40866,26.928375,18.964996,25.12033,18.70108,17.918152,14.657196
2011-08-29,20.71402,23.157318,26.2164,18.478851,25.138367,19.779694,17.225342,16.17334
2011-08-30,22.860565,22.953094,25.908203,19.479584,24.520264,20.28897,20.711151,17.32129
2011-08-31,24.824493,21.854156,26.169342,22.697784,23.608154,22.696198,23.257507,17.566956
2011-09-01,21.38556,21.463745,27.676239,25.809265,23.93338,12.846832,26.628296,17.440369
2011-09-02,25.180328,21.36023,28.115997,22.542816,24.469086,12.223785,27.556244,19.329468
2011-09-03,23.66397,22.45279,25.943146,18.164154,24.70346,14.643707,26.760254,22.796875
2011-09-04,24.605865,24.315094,24.127502,18.167236,23.179932,19.7565,25.093658,23.968689
2011-09-05,25.04242,24.630035,26.615143,17.868042,23.864502,19.55606,23.250366,20.82132
2011-09-06,20.518036,24.145996,28.470428,18.81018,23.519165,17.71695,20.931274,20.244904
2011-09-07,17.828339,23.744476,30.86969,19.48471,24.6734,18.293854,20.847626,21.570099
2011-09-08,20.574799,22.726044,28.701263,20.675507,24.660248,12.437164,23.335693,21.900269
2011-09-09,21.421844,22.834717,26.454529,22.713318,24.628143,14.049713,24.010132,22.894714
2011-09-10,16.58023,23.60617,26.711548,20.737427,21.672089,16.168854,25.361542,23.268951
2011-09-11,13.539825,23.578552,21.733551,21.653137,19.389252,18.211578,26.936462,20.871246
2011-09-12,17.903564,23.858826,21.569275,20.547424,20.170135,18.95987,22.226746,18.682281
2011-09-13,20.945984,24.606354,22.147614,18.255219,20.91098,16.407135,18.279694,17.994812
2011-09-14,24.481232,24.984894,22.79486,16.982758,21.65976,15.289459,19.826569,16.814728
2011-09-15,24.826569,25.791107,23.34491,15.86261,22.869446,16.026276,19.707428,17.731567
2011-09-16,24.12622,23.98349,23.96695,15.510468,24.66977,17.712067,17.315674,17.659424
2011-09-17,24.955414,21.07248,24.869507,19.370087,24.36023,18.326813,18.62323,18.420105
2011-09-18,24.212128,19.207733,25.639282,19.880432,21.04309,19.497711,23.395752,21.95282
2011-09-19,18.473358,19.289825,24.626373,16.738098,17.885742,16.948639,19.418549,21.138245
2011-09-20,16.568695,18.242157,24.050201,16.240234,17.953491,17.121979,15.673035,20.124115
2011-09-21,16.685577,20.494476,24.252808,15.812042,21.918518,20.338287,16.198395,19.950073
2011-09-22,17.780945,22.31845,24.714111,18.418182,15.868225,20.73941,17.707886,18.397552
2011-09-23,18.673737,20.639252,22.462524,19.490112,13.468933,18.274078,19.683197,18.584595
2011-09-24,21.128632,20.12967,22.515503,16.710815,13.497131,15.959137,21.927094,19.09787
2011-09-25,22.288727,23.275574,22.822784,15.534485,11.572388,15.598785,22.782227,17.637878
2011-09-26,20.811249,19.802734,23.917755,13.88031,14.801788,18.33487,24.053558,20.501587
2011-09-27,16.57669,19.949768,22.39392,13.231445,16.832489,18.61148,24.550629,18.006134
2011-09-28,12.052399,24.43332,22.67575,14.862061,19.513855,19.231354,23.9758,12.169708
2011-09-29,15.035889,19.744263,21.941101,16.045166,19.532166,19.054108,23.753174,13.168274
2011-09-30,15.913422,16.988861,21.02124,15.541901,18.147858,15.500885,21.186768,15.524506
2011-10-01,14.535187,14.907196,21.71283,12.841705,19.286987,17.853668,19.54953,16.95166
2011-10-02,15.016357,15.82843,21.4794,14.418213,14.95697,19.19107,22.957245,17.877014
2011-10-03,17.341278,14.574249,23.292053,14.770752,17.438538,19.183502,23.592255,11.591064
2011-10-04,16.245026,16.612457,20.215515,14.059998,18.565338,13.563629,20.959137,12.236298
2011-10-05,17.01529,16.93216,18.888062,11.355804,21.695557,14.761871,22.634644,12.452179
2011-10-06,19.336945,14.352753,16.774597,8.730438,21.909546,18.420074,23.123413,11.034088
2011-10-07,18.655334,15.574738,17.84488,9.186279,14.26886,10.440582,20.552643,9.858032
2011-10-08,17.603119,15.940338,21.204712,11.070404,9.041962,10.087311,10.697632,7.2765503
2011-10-09,17.566742,14.575867,22.574951,14.857941,11.936188,14.738434,10.905334,6.849945
2011-10-10,18.998077,19.443329,21.189789,14.304138,12.40271,14.032379,12.879608,7.6336975
2011-10-11,20.268799,19.316925,17.005188,15.460693,15.370453,10.1666565,15.418518,7.49469
2011-10-12,15.526703,13.769104,17.825897,15.33197,19.1846,13.260162,17.66507,9.042328
2011-10-13,11.051239,17.462677,20.6698,17.023773,21.180786,15.005524,15.138855,13.28125
2011-10-14,9.109375,14.8160095,21.943481,17.711548,15.190002,5.110504,16.490845,15.259979
2011-10-15,11.078827,14.536591,22.407867,15.100067,9.034424,7.705963,13.923157,11.434906
2011-10-16,9.58371,19.383942,23.20996,12.470306,9.245178,10.693024,6.106018,11.902039
2011-10-17,8.327606,18.520538,22.272308,12.16095,8.74234,12.169586,6.2944946,15.791931
2011-10-18,7.804535,12.967957,23.53769,11.594208,9.303741,14.72403,13.592682,8.991364
2011-10-19,8.800964,12.514557,19.572083,9.56366,11.434845,15.1822815,17.130585,8.513641
2011-10-20,9.672272,15.439789,20.737732,14.854706,10.950958,13.516754,11.50296,10.868683
2011-10-21,8.317841,15.561798,24.0737,14.884857,13.595459,13.357574,11.014984,11.5616455
2011-10-22,8.590149,18.966156,24.104889,13.952576,15.992462,17.311432,19.073425,9.70694
2011-10-23,9.511932,19.01059,17.428467,15.226074,16.713165,13.421783,16.909546,11.144043
2011-10-24,10.829681,15.423676,15.542114,15.373505,17.375153,10.622223,11.144287,9.480682
2011-10-25,12.742432,10.395691,16.18039,10.611511,18.498108,12.359772,7.420227,11.015137
2011-10-26,16.826385,15.008606,16.384644,8.910919,12.334747,13.452545,8.457001,7.56485
2011-10-27,11.599762,13.751862,17.293945,8.532227,10.9782715,12.730133,13.255005,7.067505
2011-10-28,10.807709,10.155273,19.825165,10.488159,10.339172,11.314362,15.890411,6.933258
2011-10-29,13.310333,9.82428,21.814758,10.479248,11.170654,15.161774,14.413147,9.093658
2011-10-30,8.876434,9.390411,18.482239,10.499634,9.581818,14.733795,9.7196045,7.7917786
2011-10-31,9.587006,9.726227,16.55951,10.547943,10.963501,16.166168,14.512268,3.0223389
2011-11-01,12.432404,10.648285,16.204681,8.732147,6.588379,11.785309,16.718506,3.789154
2011-11-02,17.314178,10.089264,17.75772,9.619019,3.8309631,5.259186,16.146637,2.9911194
2011-11-03,18.97409,9.529236,17.919922,12.743195,10.629395,4.5350647,17.71045,0.5780029
2011-11-04,15.273834,9.03067,13.080322,11.117889,5.7361755,4.4894104,9.048767,5.026001
2011-11-05,12.04599,11.164093,8.872711,11.133942,7.445038,7.4671936,9.652496,11.696411
2011-11-06,16.720001,8.6596985,9.872772,8.901428,8.089783,7.060211,11.498749,13.884705
2011-11-07,13.972656,8.070099,14.175537,10.407623,9.367035,6.188629,4.591156,11.351196
2011-11-08,8.118195,9.128571,15.047272,10.319611,10.376556,11.840973,1.8157654,13.132263
2011-11-09,7.9016113,9.893219,13.551086,13.16272,11.143707,5.016266,4.396332,10.0329895
2011-11-10,8.773895,15.018127,17.689514,10.466156,6.8964233,2.059967,6.5198364,4.467224
2011-11-11,11.307556,12.576202,16.388306,9.501251,4.189392,2.6214905,5.4694214,6.2250366
2011-11-12,6.0086365,9.4253845,11.733673,10.9748535,4.471588,1.8658752,15.016144,5.0741577
2011-11-13,4.2175903,10.840118,12.238251,6.871582,6.6391907,0.29922485,4.0428467,2.6421204
2011-11-14,4.2082214,9.316559,10.995117,7.584717,1.9984436,0.3673401,0.8456421,2.8470764
2011-11-15,2.2558289,7.743866,11.7164,8.786743,1.4268494,8.073395,0.8916626,1.6752625
2011-11-16,1.124115,12.239807,12.425598,6.1436462,4.130066,2.7633362,8.192322,2.5072327
2011-11-17,8.155609,11.719391,13.731903,3.5401611,11.013611,0.19400024,6.958832,0.9389343
2011-11-18,6.0999756,11.524139,8.844086,3.101532,14.778595,3.5143127,4.8771973,2.782257
2011-11-19,2.8830261,7.199341,9.074463,2.7320557,5.0908813,7.3592834,10.782715,1.2625732
2011-11-20,2.9816284,5.316803,13.494415,2.6026611,3.513214,2.0421448,12.299072,1.3486938
2011-11-21,2.4633484,9.536285,11.110748,4.1378174,8.014404,3.1805725,13.990967,9.684113
2011-11-22,2.4611511,10.655792,12.013245,2.4596863,15.366608,2.4371643,8.916779,11.029572
2011-11-23,2.652954,9.634827,14.483765,3.61438,4.5858765,0.4076233,3.72937,5.470459
2011-11-24,3.5309753,12.902435,16.727173,3.1270752,2.5558472,-1.2823181,1.0178528,4.249817
2011-11-25,7.499359,11.090668,9.951935,6.382263,-1.7119446,-1.2693787,9.037476,2.6678162
2011-11-26,7.298004,5.833679,6.7745667,10.705597,-1.0102234,1.2425842,12.02182,4.5506897
2011-11-27,13.465637,11.445618,7.1578674,6.847473,4.3980713,4.068268,2.529663,3.1827393
2011-11-28,2.9151917,9.686676,10.070801,2.8524475,3.776886,11.213043,1.8312683,-0.2765808
2011-11-29,2.9875793,5.500305,9.692841,1.280365,3.9737854,10.834869,3.9919434,2.1721191
2011-11-30,1.8993835,5.645752,10.38205,4.137512,4.8198853,2.933258,7.412781,7.0455627
2011-12-01,4.5539246,10.987457,12.974396,5.321106,-0.17959595,9.587067,9.088074,0.9676819
2011-12-02,3.1614685,8.14743,13.104584,3.22229,1.8417664,2.3260803,9.501892,0.22805786
2011-12-03,4.9548035,9.918549,17.356445,1.0638733,4.8865356,0.41958618,15.886475,6.1397095
2011-12-04,-1.7775574,10.307404,19.733368,0.35543823,8.522308,1.0497131,6.4821167,11.506805
2011-12-05,-3.221283,10.691742,19.180359,0.5141907,5.6794434,3.6940002,6.5114136,4.1723633
2011-12-06,-2.7710571,10.304413,18.709381,-1.027008,-0.40301514,12.8055725,3.903778,5.3569336
2011-12-07,-4.4425964,6.32193,13.722778,-1.5748901,-1.4046631,10.679108,5.5265503,-0.85217285
2011-12-08,-6.221466,6.779175,7.6796875,1.0828247,-2.3778076,1.3331604,6.2195435,-1.5871582
2011-12-09,-5.490509,7.3853455,12.932892,2.746399,1.9182434,-2.5137634,0.03643799,-2.8753967
2011-12-10,-4.2882996,5.9273987,16.842102,5.008911,0.6348877,1.2811584,-4.513855,-6.0618896
2011-12-11,4.7934875,4.690338,8.051422,6.8459167,-1.6762695,-0.21395874,0.055786133,1.144104
2011-12-12,8.529297,7.8457336,3.503479,6.76062,-2.0235596,-3.876068,3.2940063,10.155334
2011-12-13,2.8098145,4.1806335,4.316559,1.5299377,1.0110168,-3.092865,1.917572,-1.0982361
2011-12-14,-1.6096191,3.0079956,4.958435,4.0861206,-0.28396606,-2.7950134,3.6152954,2.6102295
2011-12-15,-2.2520752,4.736603,7.572571,9.124512,-3.933014,-1.3872986,7.6054688,0.61828613
2011-12-16,-1.5417175,2.8527527,5.0186462,10.015808,-4.8027344,1.023346,2.1419373,-1.2421265
2011-12-17,5.543213,2.0926208,13.063843,2.0376587,-2.3137817,4.651764,1.6281433,-1.4228516
2011-12-18,12.871429,1.8074036,11.818787,1.5370789,0.66308594,5.1129456,4.8485107,-1.3814087
2011-12-19,3.814911,4.1586914,6.4351807,0.9109192,1.0232849,-0.39364624,1.2803955,-1.0111084
2011-12-20,1.4023132,3.70047,4.3253174,-2.1548767,4.4303894,-0.5762634,2.831787,-1.9039917
2011-12-21,2.3926086,3.4085388,4.917389,-1.4309387,9.123596,0.1546936,2.1888428,1.7068481
2011-12-22,2.3312683,2.9953918,6.239624,-2.7176514,13.133453,-2.7088318,-3.0889587,-2.5524292
2011-12-23,6.110321,1.9969177,9.518463,-3.5028076,9.732208,-2.8755798,-2.2184753,-3.8501587
2011-12-24,3.9855347,3.0884094,9.301361,-5.074646,-0.21130371,-1.3968201,-7.516144,-1.3693848
2011-12-25,0.526001,5.9564514,8.827637,-4.5509644,-2.6327515,-4.131439,-4.2761536,-5.292511
2011-12-26,1.6121216,2.0522156,9.0914,1.4734497,-2.8017273,0.26602173,-5.4138184,-4.7928467
2011-12-27,-2.2630005,-0.14120483,9.578003,-1.0551453,-0.9064636,3.5797424,-9.518982,-2.2921448
2011-12-28,-4.4334717,-2.76474,8.180939,-0.9193115,-1.175354,10.223541,0.6649475,0.29125977
2011-12-29,-3.4235535,-0.42636108,9.056641,2.976471,-1.3619385,0.9745178,-3.3489685,2.561676
2011-12-30,-0.45864868,-0.6463928,8.2127075,3.1634216,3.7604065,-3.367279,-2.865448,2.070465
2011-12-31,-4.2868347,0.94577026,8.866974,1.6564636,-0.22671509,-0.7972107,-4.6340637,-1.4723511
2012-01-01,-11.29007,0.40811157,5.630493,4.1134644,-1.4833069,9.7933655,-1.5376892,0.01940918
2012-01-02,-9.314545,-1.2028503,4.5400696,4.250885,-4.0162354,5.43692,4.640167,-0.62109375
2012-01-03,0.10455322,-4.165558,2.7573242,-1.1354675,-4.8927917,1.1534729,-2.4990845,-2.337494
2012-01-04,-0.9263611,-1.4937439,6.398102,0.58154297,-5.0935974,0.2586975,-3.0093994,0.2189331
2012-01-05,-8.578339,2.3634338,4.3493958,1.6417847,-4.027405,0.7311096,-1.2892456,2.0133362
2012-01-06,-5.9794617,7.5815125,4.3731384,-0.6135559,-5.370697,0.38931274,-7.419861,-0.19519043
2012-01-07,-2.455017,5.6892395,7.29126,-2.86734,-1.5388184,-4.745697,-6.8745117,1.1108704
2012-01-08,5.370941,-1.6907654,5.1402283,-5.191498,-4.114807,-9.062836,0.6269226,-4.968048
2012-01-09,-4.14682,-2.0880127,3.9273376,-4.5430603,-2.7875671,-1.4510193,-4.8935547,-3.2891846
2012-01-10,-0.20614624,4.379669,3.8855896,-8.116119,-2.5001526,7.401764,-3.5368652,0.031097412
2012-01-11,12.106567,-3.7290344,3.9898682,-7.8224792,-2.850891,1.0484924,0.22827148,-2.8862
2012-01-12,-1.0475159,-11.241852,4.7503967,-9.081787,-1.2257385,-5.174164,-6.7704773,-7.3492737
2012-01-13,-14.411102,-7.000458,2.259491,-6.3887634,-3.0443115,-6.566742,-6.1022034,-8.623077
2012-01-14,-14.763794,-0.4769287,1.591095,-7.4848633,-7.084564,-6.273285,1.8435059,-5.1176147
2012-01-15,-6.1954346,-1.0603638,5.342041,-12.937164,-2.992279,-0.77059937,1.8111877,-1.959259
2012-01-16,-4.9093018,2.3578186,8.847412,-9.967621,-2.1122742,-1.5203552,2.492035,-1.6227417
2012-01-17,-2.6010437,0.90786743,11.184753,-7.2704773,-7.44751,-3.3091736,1.2701111,-0.9173584
2012-01-18,1.04422,-1.2445374,0.5514221,-10.299072,-4.655609,-5.332367,0.87872314,-1.4337158
2012-01-19,-5.625885,1.1254272,3.622467,-14.454681,-2.2017517,-6.022064,1.6557007,-5.7565002
2012-01-20,-5.089203,-1.6506653,0.81381226,-11.309113,2.784027,-6.647064,0.18948364,-13.653778
2012-01-21,2.915985,-2.3234863,2.7886353,-5.480133,1.0335999,-5.6578064,-1.7955933,-11.6805725
2012-01-22,-2.5222473,-0.9057312,3.8276978,-6.2720947,0.44519043,-8.368011,-8.408447,-8.384857
2012-01-23,-5.9516296,2.6732788,4.218567,-7.390442,-1.4144897,-8.184418,-1.3200378,-0.19503784
2012-01-24,-4.5309143,-5.5160217,2.7524414,-4.655426,-0.09454346,-6.869232,-13.072327,-0.45785522
2012-01-25,-6.949188,-4.0071716,-1.1847534,-1.7789612,-0.21469116,2.9352112,-8.301788,-6.6977844
2012-01-26,-7.1890564,0.8048096,-0.32247925,-2.7697144,4.632538,-7.895111,-1.5398865,-6.1067505
2012-01-27,-13.538696,-3.7412415,3.1171265,0.8210144,-6.499481,-9.439056,2.5822449,-4.527313
2012-01-28,-10.719086,-7.3058167,7.1838684,0.7126465,-5.785919,-8.248627,4.07547,-4.2565613
2012-01-29,-6.9802856,-6.491089,12.964691,-1.4422913,-1.0763855,-7.3663025,-5.2594604,-6.108856
2012-01-30,0.691803,-6.4897766,12.198364,-3.6013794,-5.4573975,-5.4322205,-6.919464,-3.206482
2012-01-31,2.0335083,-3.6175232,8.028168,-0.52059937,-6.8660583,-5.166107,-0.71969604,-2.1958923
2012-02-01,0.4275818,-4.964966,6.060791,-3.9606018,-1.5632935,-6.143158,-4.898102,-5.14447
2012-02-02,1.9224243,-0.09811401,3.7517395,-4.141876,0.967865,0.52871704,-6.863098,0.93618774
2012-02-03,-5.881012,0.47476196,3.8263855,-10.045197,-3.782837,2.6046448,-3.5560608,-3.20813
2012-02-04,1.1695251,4.2295837,9.391022,-11.009094,-3.6367188,5.2064514,-1.0118713,-5.213043
2012-02-05,-1.726593,5.883209,12.148926,-7.618927,-2.7366028,6.0609436,0.117248535,-11.903778
2012-02-06,-8.592926,2.9770203,12.336487,-11.129913,-2.77359,5.4249573,1.188446,-11.053864
2012-02-07,-10.301086,-0.18319702,5.5426636,-10.725586,-8.040222,5.461334,-0.22796631,-9.729004
2012-02-08,-12.144897,0.49142456,7.863861,-5.545746,-5.53891,5.1578674,2.4328918,-6.465454
2012-02-09,-10.416595,-0.7854309,15.013306,-8.564972,-3.0185242,3.1283264,3.618225,-5.0731506
2012-02-10,-9.692413,-5.391388,13.8263855,-9.491852,-4.044342,2.0482483,-0.27383423,-4.6842957
2012-02-11,-5.002289,-7.4510803,16.180145,-7.4242554,-3.7798157,4.1319885,4.944916,-3.9089355
2012-02-12,-3.1324158,-7.18161,7.1205444,-11.085144,-0.47097778,4.4686584,5.3740845,-4.205658
2012-02-13,-9.695801,-0.44692993,-0.864624,-9.884277,-4.675049,1.3819885,1.0390015,-9.732239
2012-02-14,-1.1563721,-1.2929993,3.3403625,-4.1091003,-6.217285,0.6127014,3.5429077,-6.9939575
2012-02-15,-9.086761,-1.6281433,11.209473,-5.024994,-1.6056824,-2.1766052,-1.7621765,-14.360291
2012-02-16,-16.593384,4.94635,16.51831,-8.225616,0.046844482,-5.767914,-0.33743286,-3.8586426
2012-02-17,-16.071259,0.37045288,11.779877,-9.809021,3.328064,-6.9515076,-1.0960999,-4.1664124
2012-02-18,-12.944,-1.6018677,11.610382,-9.841187,10.09079,-7.40683,-7.183258,-2.7399292
2012-02-19,-7.173126,0.91101074,2.6626282,-8.09967,12.775177,-10.042328,-0.67456055,4.649536
2012-02-20,1.025238,-4.2095337,3.6932373,-3.8415527,1.7921143,-8.089935,0.38186646,-0.68188477
2012-02-21,7.068634,-3.1268005,9.910767,-2.320465,-1.415741,-5.89682,4.009033,-0.19348145
2012-02-22,10.324066,-1.8154297,15.936279,-5.8303833,-7.249542,-3.0118103,3.5664368,-0.6738281
2012-02-23,-8.923737,-1.8052063,12.526184,-8.573456,-6.42688,-1.5054626,-3.664032,-1.372406
2012-02-24,-11.191345,-1.7612915,15.340546,-0.9090576,-4.074341,-0.92611694,-3.609497,2.5679016
2012-02-25,-6.9597473,-6.295868,16.350006,4.505493,-2.8115234,-1.4878845,0.6506653,4.70932
2012-02-26,0.18984985,-6.1195984,16.203308,-0.19552612,-1.6242065,-4.844574,-2.5483398,6.0302124
2012-02-27,4.3025208,-5.0749207,7.231079,-1.5568848,2.1755981,-5.0611267,-5.112976,3.390564
2012-02-28,3.810028,-3.4582825,5.677765,0.22653198,8.731659,-1.4200134,-3.1657104,-0.6635437
2012-02-29,-2.6033325,0.05355835,,0.7706604,12.625153,7.1910706,,
2012-03-01,-5.4153137,-0.26760864,16.38327,-2.7991028,0.3022461,1.1339417,1.6659851,-0.6765747
2012-03-02,-2.265747,0.8815613,9.254639,-1.4169922,-5.363098,0.1312561,3.5044556,-3.6647644
2012-03-03,-1.3417664,2.7210999,3.8783875,1.2634888,-1.1529236,0.29312134,1.0223694,-0.727478
2012-03-04,0.5925598,4.738373,6.114563,2.5212402,0.6060486,1.0873108,-1.1588135,1.578949
2012-03-05,-0.0011291504,4.0506897,10.218689,-0.26953125,0.7464905,-0.20297241,2.7755432,0.19076538
2012-03-06,-1.9589233,5.3403625,14.293488,0.122680664,-0.5907593,-2.3208923,-2.0413513,-0.46536255
2012-03-07,0.31951904,4.7330017,12.6111145,4.755066,8.276703,-1.1246033,2.0664368,-2.1337585
2012-03-08,4.7252197,2.6958313,6.662323,6.3613586,6.3501587,-0.65219116,3.7693481,-0.34432983
2012-03-09,-2.5453796,3.4182434,3.1460876,7.1273193,8.444489,-1.8128357,0.32528687,0.16708374
2012-03-10,-6.335449,4.3232727,0.53063965,5.796997,2.9805603,-3.5574646,-0.4786682,0.35598755
2012-03-11,0.23428345,4.6408386,3.8432007,5.1715393,-3.9261475,-3.5433044,0.14639282,0.96307373
2012-03-12,-0.3789978,2.750946,12.753235,9.783722,5.904541,-2.540863,0.31655884,0.21084595
2012-03-13,5.325531,2.784729,14.690613,13.098328,13.662903,-0.16635132,-0.3015747,0.9444885
2012-03-14,8.706604,4.374115,14.177521,16.538513,8.264313,1.6012268,-0.06365967,0.9067383
2012-03-15,-4.431427,4.26416,12.388062,18.52835,2.3035889,4.22818,4.373932,1.8400879
2012-03-16,-6.508026,5.4086304,12.320648,18.164032,0.20663452,0.60269165,3.614624,4.0741577
2012-03-17,-1.3712463,4.518158,14.962555,13.1562805,-3.4309387,-0.32504272,1.6314392,1.1540527
2012-03-18,-1.0058289,5.378937,13.825989,6.8880615,0.27340698,-1.0149841,4.115204,1.7234497
2012-03-19,3.232727,6.8275757,10.990387,8.432434,-1.168335,-1.5118103,3.2480774,5.6610413
2012-03-20,9.481995,5.7788696,8.737701,9.819366,-3.6301575,2.7845764,9.430695,-2.1470642
2012-03-21,9.544983,4.9572754,9.452515,12.281952,-5.31131,3.9847717,11.670563,-4.0812683
2012-03-22,4.005707,5.509857,8.489319,13.187042,1.4584656,3.554596,-0.05065918,-0.9095459
2012-03-23,4.433136,4.8648987,9.259552,5.923706,-7.3174744,4.419586,5.0628357,0.08602905
2012-03-24,6.0162354,2.2123108,10.159302,6.2116394,-7.0729675,4.714752,10.712769,4.4815674
2012-03-25,2.4013977,1.8751526,7.6097107,6.8563538,-5.2165833,5.5030823,-1.6745911,2.8061218
2012-03-26,1.0915222,6.8563843,7.5792847,8.005341,-1.9454346,5.830475,-2.4082031,3.5361633
2012-03-27,0.47451782,2.207428,9.89505,4.5469055,-1.5237427,6.493561,0.11654663,9.056519
2012-03-28,7.452484,2.7425232,7.421997,5.438965,-0.92544556,9.974274,1.2356873,8.059753
2012-03-29,4.3121643,5.7992554,11.11026,4.652588,-4.263916,2.620758,1.3155212,3.0605469
2012-03-30,7.189789,7.0259705,5.5660706,5.647522,0.99365234,1.6947327,2.8516235,2.7435913
2012-03-31,2.065155,7.68338,1.0325317,7.0710144,-0.4290161,3.4720764,2.4151611,2.245819
2012-04-01,2.6053772,6.849518,2.606903,8.622437,0.9963379,-0.4703064,7.4742126,9.6763
2012-04-02,4.6004944,7.115631,5.9026794,7.3671875,2.3145447,1.2191467,6.9498596,10.80368
2012-04-03,4.185211,7.884186,9.885925,8.9409485,4.4298096,2.7843323,15.108795,2.3311768
2012-04-04,3.7720947,4.710724,13.808594,8.957123,11.569641,6.9442444,19.424805,1.3104858
2012-04-05,3.1401672,4.9589233,8.364899,10.105988,4.6362,9.463776,10.511597,2.8861084
2012-04-06,4.3486633,5.757904,11.096863,6.338257,3.8164062,7.0621643,8.60257,2.3636475
2012-04-07,8.757904,7.4083557,13.632385,7.1332703,8.493744,6.450592,14.492432,3.5004883
2012-04-08,8.56546,5.1080627,17.994751,9.99588,10.622284,8.952545,20.188171,3.8390503
2012-04-09,8.56073,7.4136047,10.787659,11.681213,9.614319,11.473053,16.123718,3.288269
2012-04-10,5.619171,6.750122,9.190155,7.242737,15.214264,6.782379,13.524261,3.7782898
2012-04-11,7.457611,6.051605,10.662689,7.7833557,17.372498,7.04068,13.545563,3.5436096
2012-04-12,8.175476,6.947937,9.710205,9.576721,18.681,7.466217,9.405548,4.106537
2012-04-13,4.9256897,6.8054504,9.813507,9.637573,14.63266,7.6632385,8.127106,4.5755615
2012-04-14,2.807129,7.0414124,12.542633,12.618378,6.3644104,7.0174866,8.9713745,4.849182
2012-04-15,3.6336365,6.4306335,12.361755,12.516388,1.3458252,5.865631,10.58609,5.193451
2012-04-16,1.5249939,6.726837,7.773102,12.184387,2.0157776,7.6959534,14.316528,7.800049
2012-04-17,2.0577087,8.632172,7.583679,10.538666,4.4187317,6.8111877,19.692749,9.665863
2012-04-18,3.4386902,8.948975,7.590576,10.68219,5.6174316,7.613434,17.298615,4.7346497
2012-04-19,4.6753845,7.3389893,10.964264,12.327026,9.230988,6.6041565,11.3532715,2.903839
2012-04-20,5.9410706,7.6393127,17.658142,13.001709,10.865143,8.227936,12.179199,6.3714294
2012-04-21,8.325287,7.7130737,14.994659,12.797089,7.2286987,8.545319,15.903473,11.688965
2012-04-22,10.291901,8.145325,13.127869,13.91806,6.985504,9.939362,14.6770935,18.241425
2012-04-23,11.970276,7.131836,16.494324,10.684692,10.23053,16.150787,12.494659,19.13498
2012-04-24,16.945282,7.5660095,18.546936,6.81604,14.618286,13.081207,14.714539,18.273804
2012-04-25,17.212067,8.419006,18.673859,8.818298,15.182526,5.6315002,17.21518,17.760529
2012-04-26,9.5225525,6.571472,18.795868,9.453339,12.83667,6.056549,8.966492,18.751373
2012-04-27,14.345673,7.2571716,14.92627,10.6901245,11.380615,7.5260315,7.943634,18.69046
2012-04-28,16.816437,7.5009766,14.182251,11.716827,13.375183,8.442535,8.702911,13.709045
2012-04-29,10.786835,7.8802795,15.592316,12.2146,15.796112,9.439362,12.417725,12.881256
2012-04-30,14.714355,7.5362244,16.871063,12.704254,18.483734,10.684235,15.911835,15.909485
2012-05-01,18.515594,9.299286,16.430084,11.843109,19.51535,13.161285,16.952515,6.899658
2012-05-02,18.25888,10.936768,19.232391,12.109009,18.064484,14.780426,19.937012,6.473755
2012-05-03,16.155365,9.105621,20.050537,13.118835,13.567505,11.604889,21.798798,10.304871
2012-05-04,11.824493,9.513916,16.029633,13.635345,7.7060547,12.798004,23.625519,15.044556
2012-05-05,9.177032,10.661163,16.244751,13.899658,8.78006,13.715485,23.072205,16.174042
2012-05-06,11.544464,10.646637,14.806946,13.456879,10.145325,12.634186,18.633911,17.124695
2012-05-07,11.864838,12.097626,15.5971985,13.330536,14.166107,10.485748,15.194885,12.352539
2012-05-08,14.00705,11.640503,21.761261,12.992004,15.918945,9.8072815,18.029236,12.784058
2012-05-09,10.828064,10.594788,17.832458,13.2282715,15.061707,10.988678,20.523132,17.18518
2012-05-10,8.310455,11.322662,13.954773,14.639313,12.523193,14.422028,22.475769,11.727692
2012-05-11,7.8051147,10.945099,15.656342,16.876465,14.340546,12.787018,17.315125,8.884827
2012-05-12,10.341705,11.637604,19.236084,17.868835,18.610626,13.534088,16.081451,8.523987
2012-05-13,12.600891,13.075165,19.092041,20.740906,19.742096,12.121979,17.908875,8.448883
2012-05-14,11.369751,14.387726,19.552063,20.340973,18.146606,10.3558655,20.677917,7.820404
2012-05-15,12.978546,14.742889,15.924316,13.393616,17.45343,12.209625,16.274078,7.044861
2012-05-16,17.564056,12.034943,15.214691,10.2222595,20.194641,14.460846,11.39212,13.125244
2012-05-17,17.906586,12.832245,19.33374,11.677185,19.783966,14.370514,9.825378,14.012726
2012-05-18,17.168121,12.698425,19.312897,12.123138,14.620728,13.947418,11.620361,12.997742
2012-05-19,16.073395,12.878204,16.273682,13.137207,17.142883,14.700104,12.558014,18.14859
2012-05-20,13.811188,14.485718,14.906342,16.421814,17.264282,13.490387,14.114075,12.644348
2012-05-21,14.091766,15.365021,14.968475,16.342316,17.722198,12.320953,15.488495,12.83728
2012-05-22,15.837372,13.761658,16.181854,15.366577,18.61316,11.349762,13.127472,11.564636
2012-05-23,18.46109,12.572174,20.066101,12.72287,18.152374,12.057037,11.789734,12.82666
2012-05-24,17.137054,14.117493,16.888275,10.016693,19.45398,12.431305,16.347504,13.909241
2012-05-25,16.129639,13.319733,15.860016,11.520447,23.218445,15.091461,11.733185,15.389832
2012-05-26,17.325104,13.487274,15.111908,11.76239,15.609283,17.774323,18.973175,16.294739
2012-05-27,16.278046,13.763763,15.185181,14.030792,20.331116,14.86319,16.504517,19.042816
2012-05-28,15.786652,13.048309,18.94162,16.858398,21.661133,10.820221,15.117096,12.266907
2012-05-29,16.507355,13.322662,22.480377,17.418854,22.6344,13.290924,15.724762,13.892883
2012-05-30,15.173401,14.433136,19.216858,17.766693,23.166016,18.997223,11.428436,18.293121
2012-05-31,17.373169,13.868134,19.537537,17.47342,23.124725,16.155182,13.672821,12.365448
2012-06-01,18.29895,14.137238,23.362091,17.323364,22.56842,15.061432,18.57367,12.045593
2012-06-02,18.68747,15.709198,24.361145,18.442444,21.029327,11.907379,21.954834,13.427643
2012-06-03,18.48996,14.523499,24.428375,15.472229,19.892548,14.103668,22.98758,17.090027
2012-06-04,20.854095,13.943085,23.282501,18.703705,21.1445,17.559479,21.92334,18.796875
2012-06-05,20.000519,13.510284,23.32129,17.528809,19.787323,21.325592,21.971344,15.44342
2012-06-06,18.46524,14.107666,25.62912,16.986176,21.23825,14.387848,23.977081,15.773376
2012-06-07,16.169006,14.48941,23.79663,18.174316,22.638947,13.552155,26.47113,20.79541
2012-06-08,16.977692,14.236847,20.528717,20.18097,17.134949,15.191071,27.889069,17.072205
2012-06-09,18.046448,15.427399,19.738403,20.270203,11.823639,13.796539,28.138885,18.714203
2012-06-10,18.126343,15.989288,21.162262,19.716125,14.254028,13.212311,26.783722,20.605164
2012-06-11,16.701324,14.978912,22.891937,19.721405,19.102966,18.136627,23.83487,20.122345
2012-06-12,17.463898,15.891785,23.86972,20.099884,20.938507,17.977448,18.772797,21.69748
2012-06-13,16.669281,18.005524,24.57306,22.123322,20.248169,17.28189,20.536652,16.342926
2012-06-14,14.071991,17.292297,25.223602,20.752136,18.115936,18.466461,21.25531,17.53299
2012-06-15,14.604034,16.329254,24.682404,20.93628,17.93863,17.232819,21.111115,15.788147
2012-06-16,13.134552,16.200836,24.414185,21.043549,19.178772,16.235748,20.66101,20.106903
2012-06-17,15.115326,16.284027,25.083344,22.779724,21.603668,14.1493225,16.906555,17.272186
2012-06-18,17.067902,15.367401,23.485748,21.456024,22.676453,14.938629,18.839874,14.807861
2012-06-19,19.084442,15.505768,21.476044,20.908234,23.957489,16.197174,23.589233,15.774811
2012-06-20,19.088226,16.044342,21.351715,20.161713,19.593933,17.973053,25.904968,18.678009
2012-06-21,19.832611,16.362793,20.20993,19.511597,18.13797,19.28653,23.516815,20.479736
2012-06-22,19.96811,17.074005,18.634003,19.69107,20.759064,21.379303,17.676788,19.931793
2012-06-23,20.291534,18.61319,20.68042,19.900757,21.87793,18.187408,18.28247,23.424835
2012-06-24,21.285278,18.520477,21.739471,21.084778,20.798798,16.194977,19.845001,18.16632
2012-06-25,21.683441,18.0997,25.622498,22.674164,21.375732,17.201324,23.406158,16.960815
2012-06-26,23.497406,17.549408,23.562073,23.377808,23.516449,19.85904,21.50821,18.648224
2012-06-27,23.028564,17.504608,19.830322,22.817047,21.019562,22.492584,24.233246,21.842651
2012-06-28,22.337677,17.16092,19.54486,22.531372,20.946625,21.217194,26.029388,24.72171
2012-06-29,24.139679,17.892365,19.444824,21.425262,21.229187,19.075104,26.755127,24.632172
2012-06-30,25.370575,17.864044,19.849335,21.765686,22.53418,22.08316,26.240204,22.861542
2012-07-01,25.361237,18.500427,20.588745,19.858734,22.28888,20.9628,24.492737,24.334473
2012-07-02,26.697113,19.413452,21.410004,22.885895,21.69629,20.609528,24.783386,23.5654
2012-07-03,23.697235,18.933746,22.587433,24.74997,21.810669,17.871246,23.45514,23.501617
2012-07-04,21.928986,18.410187,23.363647,26.154694,22.469757,21.829742,24.433868,21.492523
2012-07-05,22.138367,18.574677,24.467133,25.88919,22.18686,18.77945,26.930206,21.266235
2012-07-06,23.882751,18.68573,22.613495,24.268677,22.451569,20.649078,26.269714,21.914917
2012-07-07,23.52008,19.310822,22.015656,23.993774,24.02832,26.746735,24.755096,19.653107
2012-07-08,23.07663,19.762451,24.50824,22.391174,25.941376,27.3461,27.511688,20.58844
2012-07-09,23.335358,19.788422,26.312683,23.528046,26.066986,23.68106,25.201385,19.256989
2012-07-10,24.08133,20.553864,25.103455,23.940674,25.775055,20.128326,26.077454,20.909454
2012-07-11,23.898895,20.380829,25.996613,23.647186,24.890259,24.556305,25.893066,23.096527
2012-07-12,24.334808,20.177948,25.70575,25.973297,23.420593,23.482574,26.813995,21.983551
2012-07-13,26.073578,20.560608,26.124023,25.328522,22.447083,20.95987,28.830475,24.192596
2012-07-14,23.106018,21.43399,26.080994,25.434937,23.66278,20.9794,30.440094,22.724487
2012-07-15,22.618439,20.800995,23.95633,25.049316,23.179626,23.345856,29.93988,23.404327
2012-07-16,24.323334,20.61258,23.712982,24.647888,25.000458,24.168121,26.583557,19.798859
2012-07-17,22.231201,20.623352,25.135895,25.860962,23.81186,21.410065,26.651917,18.707611
2012-07-18,21.8414,20.756622,28.07492,27.760529,23.820374,18.754547,27.749481,16.642761
2012-07-19,24.367157,20.980957,28.263428,28.660065,23.669403,19.397614,30.204712,17.642426
2012-07-20,23.817413,21.504303,28.15741,29.256866,22.998047,20.364166,29.452332,18.49173
2012-07-21,24.67041,21.707306,26.975006,27.220734,22.290833,22.49527,29.809631,20.262054
2012-07-22,25.220734,22.6557,25.065033,24.160156,23.33017,22.42569,29.172241,24.656006
2012-07-23,26.208405,23.019257,25.09076,21.16446,25.623932,22.48404,27.821594,24.347107
2012-07-24,26.976227,23.451172,25.077423,20.396301,25.150757,22.390533,27.737213,24.353882
2012-07-25,27.540802,23.14685,25.939667,22.022797,25.437805,22.91983,28.098663,20.483795
2012-07-26,27.57138,22.775726,29.459534,22.348938,26.898102,22.108063,25.830475,18.647217
2012-07-27,24.901306,22.894379,28.712006,22.25888,27.371155,23.724274,22.099365,18.019867
2012-07-28,22.988922,24.02121,24.951752,21.649078,26.935425,28.664948,21.792511,21.24112
2012-07-29,22.935486,24.393677,25.641693,21.00116,29.459198,28.541656,22.609344,20.091797
2012-07-30,23.882965,24.040802,26.220337,17.266724,29.537872,24.297272,23.813263,19.663513
2012-07-31,25.253754,23.959595,27.307922,19.807556,27.874695,23.789703,25.53598,21.99881
2012-08-01,25.310211,24.22699,28.699738,20.941162,28.608002,22.67984,26.342957,25.167786
2012-08-02,22.823517,24.981537,26.408936,19.607544,28.655457,21.690826,26.484558,23.505585
2012-08-03,20.950928,25.4003,25.209839,21.103363,25.272522,23.580475,26.441284,16.289642
2012-08-04,22.446014,24.178833,24.801514,21.592072,26.001587,22.707916,26.977142,16.44571
2012-08-05,25.630707,22.856812,25.541687,22.664062,26.37268,23.944977,27.40805,17.448914
2012-08-06,25.99356,22.297638,26.550568,23.999329,24.238037,21.694489,23.858368,18.176453
2012-08-07,23.54367,22.852875,26.457336,21.26532,23.00412,20.694977,17.484802,19.928497
2012-08-08,23.216461,23.49765,26.881226,20.422699,22.687378,23.758698,17.796906,21.8815
2012-08-09,23.268768,24.15802,27.868652,20.188507,23.633087,25.333649,21.472473,20.720764
2012-08-10,23.373505,24.7612,28.13559,20.903107,25.27829,22.61734,24.105835,15.047424
2012-08-11,23.254913,23.815277,27.263489,20.56955,24.773804,22.214996,24.45636,15.485077
2012-08-12,23.651825,24.930481,27.304993,22.239746,24.74228,24.345612,25.675354,17.407928
2012-08-13,23.715546,24.801666,27.132782,21.995697,25.009705,24.87613,27.144806,19.164337
2012-08-14,23.653046,23.889862,25.909698,23.945618,25.383484,25.1857,25.898682,19.148895
2012-08-15,23.374908,25.375427,25.796387,22.248291,26.000702,25.934723,27.26352,24.558594
2012-08-16,23.852264,26.370636,26.614685,23.100311,25.857025,23.674225,28.37613,22.807526
2012-08-17,24.0607,26.115082,26.58844,22.790588,25.66275,21.387604,24.572144,23.135895
2012-08-18,21.276062,25.721924,27.062561,20.966675,24.835236,20.183502,23.220398,21.323761
2012-08-19,23.746613,24.46933,27.654327,21.158966,23.821442,22.979645,23.319855,19.869232
2012-08-20,25.40689,25.620178,28.832886,17.56491,23.876587,19.895416,25.355225,18.925446
2012-08-21,24.025177,26.243835,29.827087,18.074677,24.041687,19.954987,23.873718,19.01886
2012-08-22,26.854248,23.143219,28.417694,18.287415,23.612122,19.425934,21.069305,20.540894
2012-08-23,24.97226,22.246826,27.83554,19.3956,24.268219,21.144928,19.87259,21.04834
2012-08-24,24.254517,20.330597,27.13086,18.73172,25.335266,21.61856,21.97754,21.095734
2012-08-25,24.20932,19.794342,26.00708,20.001007,25.520752,23.099518,20.590607,21.223785
2012-08-26,25.272552,21.379608,25.823761,18.144897,25.92398,23.398102,22.575745,16.65274
2012-08-27,26.97699,21.729706,25.82837,19.233917,25.93158,23.624176,23.29306,17.993683
2012-08-28,25.88913,20.5195,25.25064,19.707855,24.736664,25.119537,24.959503,19.542938
2012-08-29,24.267426,17.02246,25.478119,19.121704,22.765503,23.60904,23.77481,19.91217
2012-08-30,24.341705,18.891571,26.070679,22.461914,21.540375,20.768463,23.936218,22.510376
2012-08-31,25.17453,21.064789,26.222443,20.59076,22.906982,18.848785,22.081482,21.123108
2012-09-01,26.146362,23.903229,27.795288,21.277618,25.229156,20.322662,14.459747,17.762268
2012-09-02,21.92038,23.373627,25.405243,19.996552,26.190338,20.44278,15.420837,18.4198
2012-09-03,22.38733,24.075409,24.727692,19.972473,25.209686,18.944244,17.952301,25.287842
2012-09-04,23.47757,22.217072,27.685364,19.75827,24.090912,16.96402,20.425201,21.510437
2012-09-05,23.987885,21.997711,28.423218,17.441254,21.807495,17.208405,22.423737,16.796112
2012-09-06,19.510986,23.665314,26.853394,17.561218,21.605011,18.023102,24.72934,20.130066
2012-09-07,17.547668,23.565216,24.858215,17.36258,24.442322,19.269684,26.38794,22.404327
2012-09-08,19.890076,24.11325,26.352905,18.982758,27.10138,20.017487,24.188599,22.142944
2012-09-09,21.785187,19.286652,25.018433,19.567566,27.552185,18.594635,16.970276,23.537537
2012-09-10,18.926727,20.117462,23.237396,19.755066,27.160217,17.310455,20.650726,18.23413
2012-09-11,18.319977,17.52069,23.361176,17.2854,25.762756,18.64981,22.66568,22.45987
2012-09-12,21.834412,17.110748,23.836243,16.655151,23.151245,19.766754,21.658539,16.901306
2012-09-13,23.610687,18.34262,25.282532,16.575684,23.233124,19.53653,22.220123,12.857391
2012-09-14,21.058533,20.167236,25.81784,18.431427,23.295685,21.100983,21.160797,11.68277
2012-09-15,19.348236,22.687714,24.394318,19.438904,22.251678,19.766754,20.41217,12.393646
2012-09-16,20.908356,23.47995,23.983551,20.603455,20.829681,15.979889,20.926361,16.40625
2012-09-17,21.649902,20.277802,23.694244,19.743439,20.485107,18.451324,22.047607,17.559723
2012-09-18,15.18869,21.334442,23.308197,19.235596,22.33371,23.100006,18.406464,15.481049
2012-09-19,15.182892,24.55838,25.082733,16.094788,17.850952,22.660797,17.93695,18.329254
2012-09-20,16.791107,23.601105,24.123993,15.606995,16.481018,23.910309,16.361725,15.962402
2012-09-21,18.13919,17.564056,23.878357,14.20755,19.419464,24.07608,20.828217,14.261383
2012-09-22,17.896393,17.304535,23.743805,16.457642,20.00357,19.980133,22.542267,15.445709
2012-09-23,18.160248,14.887726,22.11795,15.285065,21.059418,19.472076,22.936188,19.229095
2012-09-24,13.822968,14.9809265,24.308014,13.747314,22.462616,19.855377,15.3324585,20.054504
2012-09-25,13.5156555,17.993958,23.426971,12.527893,20.081665,20.761139,11.075958,17.665009
2012-09-26,12.007965,19.057465,21.824158,14.142029,20.531128,22.44571,12.457825,17.395294
2012-09-27,16.770721,18.50943,20.88382,14.867493,22.160675,17.848785,15.818756,17.281769
2012-09-28,15.596893,20.401703,20.153595,13.988037,23.599518,11.096588,18.288605,18.963562
2012-09-29,16.354279,22.77304,18.932007,14.288269,15.986877,7.775543,22.072998,19.166443
2012-09-30,19.65097,19.123352,17.97702,14.728241,17.503143,7.1722717,23.129608,20.202484
2012-10-01,21.135345,17.677155,20.416443,15.472412,20.646881,8.132965,21.863373,18.130066
2012-10-02,23.418365,19.426483,22.35147,15.607605,13.952423,9.27652,15.116333,12.687622
2012-10-03,24.493927,16.26175,22.053345,17.188751,13.265106,9.33609,12.171936,10.357147
2012-10-04,22.48468,20.17752,20.500671,13.692413,15.879608,11.167389,11.396698,14.873474
2012-10-05,16.109894,17.699982,17.32663,10.586609,18.536102,13.58609,11.16803,17.558899
2012-10-06,13.806427,19.776154,16.917389,8.443146,17.945404,15.770416,12.376587,10.324432
2012-10-07,12.428497,20.96994,17.358826,9.014984,7.9938965,11.290192,8.400848,7.9817505
2012-10-08,12.974518,15.999054,16.012207,10.273865,12.819733,9.290924,16.56839,10.087738
2012-10-09,15.246124,13.3098755,15.187927,10.723511,11.545227,15.893463,17.134827,14.04538
2012-10-10,16.545135,19.187958,17.375763,11.612305,17.614075,18.374664,9.357239,21.298615
2012-10-11,15.932343,21.4516,19.163391,12.541901,16.387787,16.721832,5.9677734,20.61261
2012-10-12,15.500763,22.954315,18.742554,14.498657,8.130524,11.581451,7.0460205,18.485413
2012-10-13,17.333344,20.802155,21.458435,15.600891,7.2490845,8.60318,8.338409,18.09668
2012-10-14,16.140106,13.351196,20.64746,12.176392,9.1293335,12.714752,12.177856,17.551971
2012-10-15,14.944885,12.50061,15.920105,9.659393,9.847443,13.472321,18.710571,14.312195
2012-10-16,13.476349,12.375732,16.430267,12.147308,10.555725,11.823151,16.731018,16.10147
2012-10-17,14.788361,11.176453,19.547974,13.952393,7.8425903,7.3346252,10.486816,19.71524
2012-10-18,14.861664,15.537659,21.142181,14.444336,8.411743,5.304596,9.022919,15.968842
2012-10-19,15.440247,15.468475,18.819275,11.896301,10.988464,4.7518616,9.818573,14.449707
2012-10-20,16.67978,17.581085,14.640076,11.669525,11.866669,4.729645,13.438141,9.702393
2012-10-21,15.691254,17.410614,15.153107,14.925812,14.146027,7.6095276,16.424103,15.970154
2012-10-22,16.677643,14.140747,16.339996,17.648438,8.711426,13.284576,17.554504,9.569611
2012-10-23,21.166992,11.234924,17.43576,17.769135,5.1750183,19.15152,12.392944,12.734558
2012-10-24,19.497894,11.736725,18.008667,16.452393,5.7771606,18.923248,6.9596252,6.1492004
2012-10-25,19.113922,12.839508,19.164795,15.889343,3.793457,16.137604,6.3998413,6.0121765
2012-10-26,11.693268,10.993744,19.721008,15.3819275,3.6191406,4.106598,11.871216,13.014801
2012-10-27,8.681915,11.803558,19.366608,10.924774,4.85968,2.9584045,10.205841,2.8482056
2012-10-28,8.383514,10.350555,20.089966,14.284088,5.438324,6.568756,10.826233,0.33078003
2012-10-29,8.383636,8.886658,14.356323,13.287689,6.2217712,12.730621,15.965149,2.3811035
2012-10-30,8.440094,9.868164,14.623138,10.063751,11.881958,12.309967,9.8125305,1.7096252
2012-10-31,5.830658,8.093445,19.067474,8.130402,12.090698,4.9083557,5.3607483,5.5295105
2012-11-01,3.6099548,8.1249695,14.35965,7.756012,11.009094,8.455231,5.5151978,3.5335693
2012-11-02,4.8953857,13.377899,15.27652,7.1327515,5.475189,6.3609924,6.915436,4.338623
2012-11-03,6.95813,12.608124,12.728058,6.150116,11.723145,2.8587952,8.888702,4.033081
2012-11-04,8.690674,9.648346,12.065918,6.8654785,11.032867,2.6810608,6.7579956,2.5928345
2012-11-05,10.101501,9.036896,15.309113,4.329712,15.85022,1.6666565,7.744812,3.5484924
2012-11-06,13.162201,6.5068665,15.333588,6.181122,9.215942,2.3910217,11.474548,4.6172485
2012-11-07,8.26358,1.6989441,13.082153,9.8506775,3.3401184,3.7806702,15.324432,9.864502
2012-11-08,4.588867,10.755646,14.208862,8.799652,6.5621033,5.974518,8.247894,8.174072
2012-11-09,2.4544067,14.0815735,15.84671,6.5584106,10.093903,6.997223,11.061218,5.207428
2012-11-10,2.8708801,6.8909607,18.223694,6.3078003,12.412811,7.9725647,10.073303,5.865204
2012-11-11,0.7621765,5.411957,15.264496,4.0294495,16.87323,10.406403,3.388916,5.0162354
2012-11-12,4.195099,8.852844,15.172363,3.070221,13.672333,9.214996,5.8953857,13.52475
2012-11-13,7.3885803,11.923218,13.883423,3.17865,8.1119995,9.829254,10.459961,7.274353
2012-11-14,7.9335327,4.7435303,17.126892,4.0610046,10.527893,11.073883,5.9873657,4.567688
2012-11-15,8.18338,5.816345,18.885376,8.893005,5.265381,11.276276,5.209656,6.6929626
2012-11-16,2.4965515,4.7305603,20.983093,11.421265,7.965393,12.441559,6.005188,9.1328125
2012-11-17,0.55874634,10.408844,13.192047,11.04184,10.968231,14.194489,10.500183,0.72265625
2012-11-18,4.325592,16.036041,12.71225,9.764069,5.5084534,12.7211,7.0803833,1.5143127
2012-11-19,4.0716248,12.203339,18.12622,14.213074,1.356781,5.6004944,2.551117,5.56015
2012-11-20,7.6252747,13.896759,17.976624,10.212311,7.413727,9.420563,0.12490845,5.050415
2012-11-21,6.0671997,16.322845,8.205719,2.863556,16.290405,10.768219,-1.1139832,3.7961426
2012-11-22,1.6314392,11.158173,12.552429,0.7260742,4.936249,5.198395,3.7698364,6.5888977
2012-11-23,2.9551392,9.52713,13.587036,1.1716919,1.207367,9.595367,9.4062805,4.105072
2012-11-24,1.8097229,10.327087,14.29483,3.0072937,0.72857666,15.659576,0.2659912,3.119873
2012-11-25,5.533966,6.1429443,15.642944,2.3729248,0.23510742,10.177155,-2.243042,1.4830017
2012-11-26,6.209503,8.197235,14.273041,9.678314,0.74850464,5.49942,-2.9138794,1.6929016
2012-11-27,3.6407166,15.3029175,9.738617,3.844513,0.89727783,6.9896545,-1.0340271,1.7963257
2012-11-28,1.8180847,8.222351,8.863098,0.54196167,3.4026794,11.380524,-1.9077148,1.5978394
2012-11-29,4.12973,8.264435,8.833466,0.87216187,0.70376587,11.734772,0.056396484,9.245789
2012-11-30,6.122284,6.644104,10.623688,1.6599426,0.99871826,9.374176,12.699127,-0.18383789
2012-12-01,3.8091736,12.048523,10.382172,2.3690186,-0.010467529,8.526764,6.5635986,-1.0446777
2012-12-02,2.259369,7.422943,11.27243,0.33966064,0.79818726,0.6600647,3.536438,1.7059326
2012-12-03,2.876648,2.983551,10.566284,-0.4173584,0.6819763,0.58584595,3.0405884,1.9633179
2012-12-04,3.62146,8.054047,8.657471,1.27771,0.43762207,1.0306702,3.0180054,4.06546
2012-12-05,3.924652,8.044861,12.1223755,1.0317993,-3.5023499,-2.454193,2.4515991,6.2198486
2012-12-06,-4.1667175,6.502228,13.552399,1.5874329,-3.1374817,-3.22641,9.512939,3.54953
2012-12-07,-1.9229126,8.73642,17.653961,3.3439941,-3.2087097,-2.6202087,0.7455139,1.2119751
2012-12-08,2.072998,9.072968,9.240601,3.5209656,-1.54953,-1.8345642,-0.5526428,-0.21334839
2012-12-09,0.7996521,5.3454285,6.9064636,-0.7934265,-3.1343994,1.2142639,2.4895935,-0.99609375
2012-12-10,-1.2520752,8.06839,7.202606,-1.1136475,-1.1825562,6.799713,5.1568604,-0.22735596
2012-12-11,-1.9994812,12.641876,14.072998,0.86434937,-2.126709,9.239166,-0.91677856,11.790192
2012-12-12,-1.6515198,10.069733,9.780334,3.3130188,-8.820587,6.6893616,-0.7675476,2.998352
2012-12-13,-0.4963684,11.440704,6.966156,0.12820435,-9.316254,8.481354,1.1541138,-0.05230713
2012-12-14,-0.5010681,6.2988586,7.0020447,0.26159668,-7.3064575,11.735504,10.69043,-1.2068481
2012-12-15,-0.13076782,2.7603455,5.0269165,-1.3062134,-5.179901,11.365875,8.398407,1.5153809
2012-12-16,8.904938,10.789215,4.855072,2.3918152,-5.0226746,2.2359924,5.331085,-0.90753174
2012-12-17,5.216339,6.6081543,7.9297485,3.2424316,-1.1525574,0.69692993,2.092865,-3.4648132
2012-12-18,2.5326843,4.545868,5.217682,-1.4707031,-0.78518677,6.1461487,-0.36264038,1.4857178
2012-12-19,9.616638,5.307434,4.413513,-2.04953,-0.19732666,2.9354553,4.732605,6.5726624
2012-12-20,5.111603,13.047699,10.50647,-2.595642,-8.856049,1.6070862,5.8804016,-2.1742554
2012-12-21,0.7878723,5.3124695,8.241272,-1.1430359,-5.034668,-1.1995544,-0.27127075,-3.0503235
2012-12-22,3.151764,3.294342,6.877716,-1.1120605,1.1931458,2.6556702,3.4047546,-3.814087
2012-12-23,3.2558289,8.857239,4.0030518,-0.8730774,0.99713135,0.100494385,-2.8610535,-4.4194946
2012-12-24,2.3105469,5.4792786,1.493988,-3.243988,-3.4100952,-2.580902,-5.4441223,-2.9429016
2012-12-25,3.95401,8.644257,1.4049377,-0.8125,-4.897461,-2.7188416,-4.996063,-1.0849915
2012-12-26,5.9045105,1.2507019,3.3695984,0.9935303,5.189728,-3.478119,5.066986,1.7512512
2012-12-27,5.5090027,-2.3838196,6.208954,1.2185364,-3.0368958,-3.5950623,1.4812622,3.824646
2012-12-28,-2.703949,-3.0684814,7.3410034,4.7954407,-5.9779053,-3.8050232,-1.4095764,1.710907
2012-12-29,-4.9865417,0.91290283,11.379486,2.4475403,-4.5793457,-3.1429138,2.950409,-3.9786377
2012-12-30,-2.7726135,3.5404968,3.5582275,-0.4100952,-2.2209473,-1.9307556,7.7898865,-3.014801
2012-12-31,-3.5884094,3.6712646,-0.20333862,-0.6505127,-0.53848267,1.5438538,10.35141,3.3702393
2013-01-01,4.6448975,1.5047913,1.5218811,-1.1698303,-3.123108,2.5272522,2.8287354,8.186798
2013-01-02,3.9737244,10.27536,3.7516785,-0.5527649,0.36715698,3.059723,3.2633362,-3.8240967
2013-01-03,-0.33700562,9.50827,1.4222412,-2.6441345,0.94732666,2.4230042,0.59609985,-5.355835
2013-01-04,-5.2370605,5.603363,0.016174316,-3.6141052,-0.12011719,8.605133,1.3666992,-5.125366
2013-01-05,-11.827423,7.544647,6.1493225,-5.836792,-0.0105896,6.847809,1.4196472,-4.021118
2013-01-06,-9.492065,9.154266,6.088257,-6.550812,-7.9364624,-0.17489624,-4.898285,-1.0592957
2013-01-07,-4.8294373,11.564423,4.8068542,-4.3424377,-2.4501038,2.9269104,-4.4586487,0.053894043
2013-01-08,-4.2067566,3.6731262,4.1846924,-3.738556,-4.666107,7.700836,-6.4086,-1.4754333
2013-01-09,-12.02066,-1.1526794,6.972809,-3.2611694,-8.04007,1.6283264,-6.9138184,-1.830719
2013-01-10,-14.086212,11.2404175,4.9098206,-4.9211426,-5.6188354,-1.7083435,-7.048462,-4.549774
2013-01-11,-7.84787,2.325714,6.4564514,-5.0449524,-7.821045,0.41397095,-0.7903137,-7.6005554
2013-01-12,-10.428467,4.032959,8.644043,-5.962677,-12.025574,0.33999634,-2.080902,-3.2451172
2013-01-13,-5.90152,1.4310303,5.4116516,-4.633362,-10.700653,-7.0137634,-7.0351562,-0.4225769
2013-01-14,-1.0609131,3.7437134,5.1822815,2.0442505,-14.25647,-6.832855,-6.0054016,-0.29614258
2013-01-15,-4.2673035,2.6792908,6.3299866,2.3161316,-15.3785095,-4.5169373,-3.698059,3.1364136
2013-01-16,-6.2499084,3.5985413,2.1333008,1.6524048,-7.7511597,-1.4026794,-6.944458,-1.8980713
2013-01-17,-11.314972,-2.2792969,5.2253723,-0.07476807,6.065735,0.11367798,-13.694366,-3.0586853
2013-01-18,-8.644806,-4.8399963,5.8957825,-0.50860596,1.0370789,3.3824768,-8.86377,-5.7957764
2013-01-19,-9.294373,7.933563,1.44104,-0.059692383,-7.808258,2.1004944,2.714325,-0.8123169
2013-01-20,-7.858307,-0.79037476,0.64782715,-1.2392273,-2.348755,-1.6521912,1.1865234,1.7984009
2013-01-21,-8.436066,-2.116333,5.217743,0.12332153,1.382843,2.8441467,-3.3322144,0.45373535
2013-01-22,-7.296356,-1.3373413,2.3034668,0.30776978,5.6143494,4.463043,-4.6867676,-0.44403076
2013-01-23,-5.5596924,-2.7836914,-0.20532227,-0.55285645,4.992859,0.2616272,-4.061798,0.793396
2013-01-24,-9.021393,0.15127563,0.88586426,-2.781067,-4.285858,-2.5589294,1.4494324,-1.6680298
2013-01-25,-11.4841,0.23318481,8.356598,-0.88952637,-4.8298645,0.79971313,8.41684,-1.7377625
2013-01-26,-4.337921,-1.4773254,9.471191,-1.3230286,-3.5474243,3.665924,6.0369873,-1.8522949
2013-01-27,-9.489227,-4.933655,4.2930603,-1.117096,0.19717407,1.872467,1.7798157,-1.7128296
2013-01-28,-10.737579,-7.4137573,2.8621216,-1.3879089,-1.300415,5.160309,0.7297058,1.5444336
2013-01-29,-6.8023987,-2.3572998,2.3508606,-1.5178223,-0.71447754,0.82388306,0.33291626,3.0292053
2013-01-30,-12.223541,-4.3848877,1.4876404,0.5593872,-3.806427,-12.366791,-0.05316162,6.79068
2013-01-31,-12.056732,-4.629669,3.9978943,-2.228302,-0.90042114,-3.648529,-0.49536133,0.8432617
2013-02-01,-16.44754,-7.450348,8.093689,-1.4615173,2.3901672,-0.8501892,1.7545776,-0.2564392
2013-02-02,-6.571747,4.087921,7.5579834,-1.6789551,8.486847,-7.4285583,-0.46395874,-0.63623047
2013-02-03,-2.2362976,2.5675354,12.343109,-1.9583435,9.9227295,-10.304047,-4.742218,0.41296387
2013-02-04,-13.672516,-2.7419128,3.9425354,-1.8446045,10.4730835,-4.6028748,-4.89563,-1.4223328
2013-02-05,-14.763947,6.2921753,6.5207214,-2.0513916,8.412415,-1.6829529,-3.0378418,-2.199646
2013-02-06,-5.155487,3.5774841,13.09729,-1.479248,5.2309875,-0.6314392,0.61795044,-2.5767822
2013-02-07,-10.00885,6.976013,11.241943,-2.343872,11.240936,6.4256897,-1.608551,-3.5585938
2013-02-08,-12.238556,-0.66799927,5.811249,-2.1078796,-9.136475,7.692047,-11.982117,-2.6158447
2013-02-09,-4.0579834,3.642517,2.9558716,-2.7376404,-13.742096,1.7557678,-5.699402,-4.698181
2013-02-10,-5.1682434,8.079529,-0.2593689,-1.1371155,-13.582275,-1.1184998,-1.8976746,-4.6888123
2013-02-11,-4.8482666,1.8683472,-0.67510986,-3.3681946,-11.032501,12.446442,-13.07666,1.3570557
2013-02-12,2.2800598,4.9429626,6.1357117,-3.292389,-11.136414,1.6468811,-10.912506,-0.7017517
2013-02-13,-2.4874268,9.948273,3.7652283,-3.660431,-13.548553,-2.0689392,-2.9944153,-6.3299255
2013-02-14,-8.317627,9.242584,-2.0925903,-8.886414,-10.9748535,-1.926117,0.96362305,-4.535492
2013-02-15,-7.2124634,0.14422607,-5.5462646,-5.559906,-5.5038757,-7.41098,2.1268616,-10.705658
2013-02-16,-13.314056,0.21136475,-0.7701416,-2.6958008,-6.0581055,-4.29599,1.3144836,-3.1529236
2013-02-17,-1.2270813,3.7253113,10.252869,-6.4299316,-7.577881,-4.9165955,0.9173279,-0.4529724
2013-02-18,-11.757538,3.7365417,5.9675293,-10.827484,-5.833374,-1.0249939,1.1870117,0.36679077
2013-02-19,-10.8532715,2.9064636,0.49194336,-1.7743835,-7.378174,2.5074768,-2.2668152,-11.52417
2013-02-20,-1.9618835,6.256073,1.1015625,5.572052,-6.543976,1.028717,1.7012024,-11.885193
2013-02-21,-2.6075134,1.8639832,3.5689087,2.0963745,-7.469818,5.0401917,6.018982,-1.4189453
2013-02-22,-8.874603,-0.6965637,-2.9544983,10.691467,-4.6878357,1.7069397,0.49768066,0.65078735
2013-02-23,-15.625793,-1.9982605,-0.96310425,-0.028778076,-2.7574463,2.308014,-0.011505127,0.7815552
2013-02-24,-12.793304,-2.2064514,-0.20944214,-5.5658875,-3.5978394,3.6998596,4.2641296,2.583313
2013-02-25,-9.587555,5.898712,4.3418884,-6.1803894,-0.2012024,4.3002014,5.707123,3.482666
2013-02-26,-1.886261,4.1901245,6.5851135,-5.972473,1.0569763,9.030182,2.1235046,3.7597046
2013-02-27,-4.3606873,1.1722107,2.1116943,-6.9655457,-1.5062866,3.6058655,3.725586,3.5960388
2013-02-28,-8.589447,-0.7831726,2.774994,-3.7275696,5.524048,1.7423401,11.351349,5.850403
2013-03-01,-3.4256287,-3.4666138,9.340393,-0.091278076,-5.8408813,0.9960022,5.4536133,9.310883
2013-03-02,0.07394409,-0.62646484,14.326599,-1.9289551,-7.0750732,5.4322815,0.37124634,7.7233887
2013-03-03,-0.5299988,2.60672,12.727356,0.83947754,-5.4283752,7.782135,1.7895813,2.2790527
2013-03-04,-3.5607605,4.8082886,7.488434,-0.107543945,-2.7973938,-1.5896912,7.825409,4.088928
2013-03-05,-1.8796082,4.2831116,5.7739563,-4.258545,0.02053833,-1.2332458,1.9455872,4.111023
2013-03-06,-0.08068848,-3.181366,2.5071106,-2.3859558,2.0546875,0.42544556,1.6627502,5.6497803
2013-03-07,-0.12527466,-3.1372986,1.8558044,1.9399719,5.67572,0.92544556,5.42157,6.705017
2013-03-08,1.4009094,4.5784607,5.3847046,8.724457,5.3433533,-0.25839233,4.462433,5.1677856
2013-03-09,0.9316101,5.4061584,10.456879,4.0574036,2.532898,-1.4773865,-1.2606812,5.6054688
2013-03-10,1.3684387,4.12796,11.022156,0.84490967,6.194336,0.7106018,2.51062,6.0305176
2013-03-11,2.9491882,8.21402,7.738861,2.0687256,6.2677917,2.5040588,6.5147705,5.891449
2013-03-12,5.4249573,4.4700623,11.421112,2.8774414,-4.9637756,3.535553,12.431549,7.6930237
2013-03-13,4.868988,2.1083984,11.672302,3.0356445,-0.75076294,0.86465454,14.412079,8.985199
2013-03-14,-10.470093,5.09964,13.616089,1.7693481,-1.8658142,3.724762,11.037415,13.2395935
2013-03-15,-5.772217,7.314209,13.572754,0.47683716,3.3952637,6.525299,2.3559265,10.741791
2013-03-16,-1.5797424,6.5500793,14.311401,1.6116638,4.40567,1.6168518,0.6275635,4.8937073
2013-03-17,0.47909546,5.841156,14.719147,3.8522644,2.0496216,3.6444397,0.23602295,3.5454712
2013-03-18,2.945343,3.7205505,9.486633,3.0963745,-2.6774902,-1.4065857,5.5750732,1.9498291
2013-03-19,5.5282593,3.6559143,11.013306,0.5660095,0.79299927,-0.4168396,11.985168,2.3683777
2013-03-20,9.080536,7.1846924,8.227386,2.9637146,2.3684387,1.5038147,4.617676,7.7895203
2013-03-21,8.780945,6.745941,13.034943,2.4832153,9.218872,0.089263916,0.22253418,10.041931
2013-03-22,5.6470337,0.96572876,14.29895,0.49539185,1.6342773,-2.3206482,2.4690247,3.8270264
2013-03-23,2.9167175,-3.394806,17.031311,1.998352,-0.57141113,3.1822815,9.953613,3.6186829
2013-03-24,6.158478,-1.5473633,16.638245,4.2792053,-1.7743835,14.226227,14.451752,4.057831
2013-03-25,7.3220215,2.5574646,9.103485,7.7230225,-1.374939,5.120758,17.44574,3.3787231
2013-03-26,1.5934448,6.0693054,9.755341,8.626038,-0.77389526,2.3988342,9.733124,6.092285
2013-03-27,-2.3771057,8.909271,15.985809,9.93277,1.6918945,5.344879,7.67453,7.1625977
2013-03-28,-2.0095825,4.592865,11.774109,9.177246,4.667572,10.320953,11.649902,0.2841797
2013-03-29,1.006012,4.70755,10.59082,7.712494,3.968048,14.692535,13.763855,-0.7352295
2013-03-30,-0.2750244,4.5899353,15.214691,12.262604,1.5821228,7.528717,13.817169,0.7378845
2013-03-31,-1.7793579,5.7357483,9.279327,8.10376,-1.3988037,6.521881,10.328217,4.8091125
2013-04-01,-2.599884,7.3266907,8.788696,8.129456,2.067505,6.7171936,10.621368,4.7768555
2013-04-02,-1.1384583,10.181671,10.1763,9.021423,6.4031677,7.213043,16.929993,2.7739258
2013-04-03,0.006072998,8.829742,6.7411194,13.835205,-3.000824,10.540192,13.675964,2.8574219
2013-04-04,2.9561462,5.6092224,8.747833,16.507568,-5.63443,9.170319,7.22937,3.388794
2013-04-05,4.64682,3.2451172,10.999451,10.251678,-3.5894775,9.022614,5.1654663,2.2966614
2013-04-06,5.507538,7.222931,9.796417,8.0208435,4.691498,7.7345276,6.066101,4.9027405
2013-04-07,8.736694,9.920929,11.088165,6.188385,13.022675,12.452301,5.194336,7.3388977
2013-04-08,10.652069,9.900269,14.921814,6.1671143,10.956757,13.82193,7.1505737,8.089203
2013-04-09,10.284088,7.791748,15.813812,6.6013184,1.2233582,3.8998108,14.98288,8.901337
2013-04-10,8.986603,9.881256,17.758972,6.031128,2.956421,2.723053,1.7586365,11.53186
2013-04-11,13.256439,8.170959,15.564545,6.500458,1.6239624,4.0731506,4.3984375,12.451569
2013-04-12,12.890076,10.751038,15.378998,4.75412,6.2344055,8.5416565,7.962036,9.539795
2013-04-13,11.483032,8.569305,15.543488,5.478485,9.88797,8.419586,5.3796387,6.531006
2013-04-14,6.292755,8.471466,16.102844,6.675476,9.797577,9.575836,11.588928,5.4234924
2013-04-15,4.810028,9.872681,18.861328,8.865326,7.3551025,11.768219,16.680908,4.8427124
2013-04-16,7.1661377,9.547974,16.50299,10.355377,-0.55148315,12.765778,6.8084717,9.248474
2013-04-17,16.284576,9.423737,16.301208,12.734467,0.76449585,6.9164124,10.335388,5.0281677
2013-04-18,20.345123,5.927368,15.483032,13.159027,3.1954956,4.7711487,10.784546,4.5192566
2013-04-19,21.314484,4.608429,13.910248,13.36322,6.038086,5.450348,14.432037,8.709747
2013-04-20,20.154175,6.4921265,11.958252,15.422852,8.84137,7.2547913,15.80307,5.098114
2013-04-21,16.58432,8.05777,14.355103,12.997101,5.428467,9.479889,18.082184,6.231201
2013-04-22,17.139923,8.108368,15.965485,9.539276,1.3050842,11.173248,19.273865,6.52359
2013-04-23,14.506622,8.72934,18.536072,11.742218,4.656952,10.965973,18.728333,9.666168
2013-04-24,9.823029,9.717865,15.410278,13.105774,4.665924,7.098053,20.547943,10.5466
2013-04-25,15.392944,11.050446,11.874847,16.985077,2.2955627,4.789215,20.504883,13.291473
2013-04-26,14.859894,11.516327,12.33728,16.419678,8.909637,8.277252,17.14264,6.519928
2013-04-27,13.294037,12.843414,12.720062,15.962585,11.718048,7.8192444,13.932678,4.866699
2013-04-28,9.533936,11.663605,13.948517,17.000458,5.811157,3.7347717,10.089874,6.4277344
2013-04-29,11.697662,11.379883,16.964874,18.90451,5.532501,4.273102,11.211517,9.069
2013-04-30,10.413788,9.40033,11.8871765,15.294769,6.040161,5.688629,13.449097,8.172821
2013-05-01,11.339508,8.313934,14.600311,13.641876,5.824005,5.865387,14.5937195,7.247986
2013-05-02,12.42038,12.022614,19.411255,9.138611,4.4818726,6.9342346,17.49002,6.63501
2013-05-03,16.81366,13.252594,17.690186,10.9991455,5.33374,11.967194,19.382233,9.639008
2013-05-04,14.028595,11.64502,19.913513,12.971741,8.303009,8.856842,18.621094,12.789551
2013-05-05,12.584259,10.250641,17.57138,14.770874,12.31781,10.395905,15.008606,14.77002
2013-05-06,11.331329,12.12558,18.023712,15.059204,9.513977,12.112213,11.734955,15.28067
2013-05-07,10.090485,13.479095,19.752197,15.101379,9.227295,12.187164,11.214905,9.738739
2013-05-08,11.364929,13.870514,20.741943,14.621063,11.974274,15.159821,10.314301,10.817963
2013-05-09,11.086761,13.894104,20.491486,14.19577,13.265686,17.03946,11.633118,12.882233
2013-05-10,10.889191,12.995697,19.383453,16.399658,13.530975,11.374908,13.887451,12.517181
2013-05-11,14.371796,12.424988,20.02597,15.4088745,16.758453,9.983063,17.878693,10.637573
2013-05-12,15.8055725,13.945343,21.465027,12.956421,17.116058,9.144928,19.613373,15.179596
2013-05-13,13.685516,11.458649,21.15738,13.304199,15.548248,10.226715,16.444977,15.650818
2013-05-14,12.763336,10.984955,19.307007,12.757324,14.812317,10.57486,11.708405,15.645233
2013-05-15,12.6848755,15.376373,20.505493,12.953278,18.432892,16.496246,12.522491,11.490936
2013-05-16,12.682495,11.899139,16.198975,13.369507,17.143127,13.503815,17.506226,12.04361
2013-05-17,10.443451,12.1250305,14.892456,14.744263,8.576996,12.052887,21.197906,13.839172
2013-05-18,14.447571,12.950562,14.500488,15.486725,8.237549,11.016022,22.23642,16.57196
2013-05-19,16.896027,13.439819,15.409149,16.147827,12.103516,16.616364,20.203156,18.875366
2013-05-20,13.792572,13.051117,16.360565,13.115204,13.095734,14.20694,21.892853,15.694092
2013-05-21,9.737122,13.066437,17.36789,15.211304,16.052246,10.883942,18.81903,12.6297
2013-05-22,10.432587,13.340668,16.732391,15.16098,15.390991,11.368805,14.180054,12.257141
2013-05-23,10.562622,13.538849,16.35608,14.666138,14.641571,17.049957,15.323547,13.885223
2013-05-24,10.341583,15.048676,15.774506,16.735931,17.944824,16.607819,18.231384,17.330322
2013-05-25,10.935577,15.152496,16.99292,18.901337,16.434143,18.939117,19.424774,20.05603
2013-05-26,13.878204,15.283691,18.99176,19.911987,17.117828,20.446442,17.403503,21.027496
2013-05-27,13.13269,15.915161,21.121216,18.49408,15.892853,17.477203,15.387726,20.432007
2013-05-28,14.02002,15.579071,17.88147,20.115662,13.745941,15.125641,20.605743,17.627686
2013-05-29,13.98938,13.561493,18.241241,22.696533,10.924866,14.091705,15.970337,22.164917
2013-05-30,16.341034,12.604218,19.803772,20.718597,12.4131775,15.110748,9.848541,18.112915
2013-05-31,17.929535,13.237549,22.499695,14.569489,15.834076,12.574371,11.303406,13.046387
2013-06-01,20.99826,14.250641,19.68689,16.102203,18.06723,13.753815,9.016937,11.127197
2013-06-02,18.74173,13.936859,18.880432,17.926483,21.136597,15.024811,14.299286,14.471558
2013-06-03,18.948395,14.421234,22.97348,19.048645,21.178833,17.945465,18.749695,17.177368
2013-06-04,19.46579,14.321167,22.036469,22.085236,21.272614,17.717682,15.8638,15.357056
2013-06-05,20.756836,13.841827,20.382324,18.788086,20.327942,18.749664,13.057495,20.06601
2013-06-06,19.845367,14.589386,23.709167,17.37915,19.455505,21.16568,17.563293,22.195679
2013-06-07,22.190094,15.479218,25.559753,18.61023,23.43216,21.242096,21.242676,22.875153
2013-06-08,21.706696,15.567596,25.328003,18.521393,24.116302,18.92862,23.173035,23.62262
2013-06-09,20.711334,15.631195,24.22992,18.84607,23.575623,16.391998,17.138062,24.679626
2013-06-10,17.789307,15.597504,20.431885,19.067657,24.601685,12.795074,17.604706,24.78366
2013-06-11,16.41446,15.7933655,19.256805,18.304443,27.417786,12.845856,20.80243,24.09613
2013-06-12,14.6996765,16.183044,19.670624,20.701355,29.427185,12.133209,20.791443,22.978485
2013-06-13,17.45517,16.491302,21.252777,21.524353,30.789795,12.053864,22.407654,23.432404
2013-06-14,18.63913,17.838684,21.296448,22.09842,30.696564,13.103668,17.34961,23.514923
2013-06-15,18.863556,18.997925,24.50766,22.935608,30.875946,14.22525,18.704956,23.631592
2013-06-16,19.913422,19.043457,25.295074,23.308441,28.29657,16.554108,22.351501,23.050781
2013-06-17,19.936768,17.89502,19.75476,23.702148,25.568726,18.251373,23.635712,21.955017
2013-06-18,18.96872,18.206696,20.300842,22.731445,24.508453,19.008453,24.643372,19.976196
2013-06-19,18.532257,20.1651,20.967438,22.576996,25.602753,18.97696,22.973633,22.6297
2013-06-20,18.857422,19.715668,20.056152,20.942657,27.862976,17.38321,24.34378,20.797546
2013-06-21,19.448029,18.904327,20.183685,20.913269,27.945496,20.681793,25.536194,20.881653
2013-06-22,18.810394,18.840973,21.471191,20.525452,23.822144,19.268219,25.901123,22.002075
2013-06-23,14.960968,19.290558,20.340881,20.99884,26.597351,20.817047,21.092438,22.15097
2013-06-24,15.515106,19.929352,20.83899,23.037598,27.189026,21.091217,23.984344,18.515167
2013-06-25,17.84613,19.804962,24.407532,21.073853,26.164062,21.13565,20.773499,17.413727
2013-06-26,21.009308,20.065521,22.407959,22.400269,25.08841,20.122223,19.511932,15.720337
2013-06-27,20.964935,19.141876,21.741302,22.535583,24.256348,21.244293,19.199524,17.954285
2013-06-28,21.865143,18.994843,21.578857,22.511414,22.70633,21.440826,19.028137,18.229553
2013-06-29,23.604523,19.115326,21.227112,22.278442,22.223572,19.389801,19.565002,19.967285
2013-06-30,24.497925,18.95285,21.38269,22.477356,22.552551,20.113434,20.133453,21.291565
2013-07-01,21.734772,19.483429,22.91681,21.751862,25.343353,22.026764,22.095734,22.58902
2013-07-02,22.25476,20.373535,24.774658,20.102173,26.45581,23.842682,18.131866,23.348907
2013-07-03,25.999115,20.64273,26.118073,22.769012,26.845978,21.321686,15.482117,23.295563
2013-07-04,26.196228,20.811066,26.495697,24.44693,21.921326,20.10196,13.239441,20.37442
2013-07-05,26.667572,21.295013,26.631592,24.351929,23.342255,21.091217,17.179077,18.323639
2013-07-06,24.510406,22.8378,24.984009,25.372131,25.59137,21.348297,20.215332,19.078339
2013-07-07,22.302826,22.800476,23.510468,25.803986,26.0708,20.721588,22.071503,21.17392
2013-07-08,22.824127,21.402283,25.949463,26.378754,23.43869,21.26358,21.859283,26.025574
2013-07-09,24.816193,20.345612,26.972565,24.637909,24.393463,21.32779,22.32547,27.246765
2013-07-10,23.032501,20.687836,25.672516,25.20465,24.72757,21.15567,24.005249,27.510956
2013-07-11,22.372833,20.982544,23.856262,25.929047,22.667572,20.250153,25.025208,25.878265
2013-07-12,23.249786,21.458801,24.286621,27.10794,23.456451,20.09488,27.628021,25.532593
2013-07-13,23.360321,22.441559,24.812592,27.898163,24.42157,21.189117,26.904388,25.95221
2013-07-14,22.11084,23.585083,25.155731,24.929962,23.911774,22.028717,23.558685,23.867004
2013-07-15,20.391174,22.992645,25.325928,23.997955,24.240295,22.210846,19.20282,22.849945
2013-07-16,20.919495,23.291656,24.533234,24.137665,25.519135,23.597565,22.618683,24.817749
2013-07-17,22.85791,22.748077,26.410065,22.735168,28.660187,18.86319,23.846924,26.933563
2013-07-18,24.074615,21.02121,28.396637,25.716675,29.306244,17.570465,21.456024,27.083466
2013-07-19,23.595367,21.829315,28.131897,23.376465,28.95465,18.675201,23.497528,24.385223
2013-07-20,23.40744,23.932556,29.43216,21.246552,25.008514,20.649567,23.011017,25.671356
2013-07-21,25.365204,24.504608,26.993713,22.886261,25.402039,22.854889,24.296448,23.188995
2013-07-22,25.054565,24.44925,25.189545,25.273956,23.8797,24.527496,24.195862,25.116333
2013-07-23,24.659485,24.861908,24.673859,22.38501,24.139282,23.21988,23.783478,25.516296
2013-07-24,23.675812,25.144348,24.562012,23.13974,24.273102,23.909576,24.67456,23.457092
2013-07-25,23.365082,24.716278,24.871674,22.30893,25.2211,25.284332,24.927032,23.320038
2013-07-26,22.743317,24.890533,25.442291,19.062225,24.552307,26.33023,24.611725,25.964142
2013-07-27,21.98935,24.917633,26.23758,15.717773,21.480072,26.257233,25.555786,25.469482
2013-07-28,21.916779,25.33612,26.8768,16.382141,21.90857,25.294342,27.720703,26.406494
2013-07-29,23.205414,25.392365,27.027649,18.69983,24.071625,24.62564,29.007782,26.94397
2013-07-30,25.20227,25.727295,26.778137,20.871918,25.05783,23.023346,26.858398,25.630554
2013-07-31,25.8331,25.682983,25.933685,21.754791,24.618042,23.921051,27.899872,24.520264
2013-08-01,24.106262,25.660065,25.753479,22.293701,25.796448,23.531158,29.062714,23.320526
2013-08-02,23.403168,24.81488,25.168274,24.542145,25.615753,22.498932,29.019562,24.164154
2013-08-03,22.930695,24.820953,25.837646,25.145447,24.546478,21.02237,25.205505,24.704926
2013-08-04,22.772644,24.061676,26.805634,24.072998,24.727112,20.240387,27.309143,25.75055
2013-08-05,21.607086,24.130798,28.40152,26.036652,26.446411,20.699371,27.975922,26.422852
2013-08-06,21.281952,24.991302,28.91925,23.076782,27.303772,20.572174,27.895874,20.397797
2013-08-07,22.316162,23.364777,29.185516,18.816833,27.177032,20.240875,24.741425,15.443726
2013-08-08,23.106506,25.404694,27.730927,19.593018,24.915955,21.542389,25.528381,17.587433
2013-08-09,23.981598,26.450104,27.075012,20.512054,23.598541,19.222809,26.458069,18.01352
2013-08-10,23.279938,24.868408,27.080627,18.905334,23.855347,19.145416,25.944153,18.971191
2013-08-11,23.208313,23.556793,27.85019,17.38208,25.431091,21.220123,27.12497,21.77652
2013-08-12,22.923004,25.239471,29.659882,19.463776,28.078857,22.896393,28.444061,24.20102
2013-08-13,21.793549,24.30841,28.129639,19.530853,27.746979,22.010895,28.03595,23.22998
2013-08-14,22.397247,24.587097,26.443726,18.231262,26.751465,24.135895,28.187378,20.849548
2013-08-15,23.067047,24.408173,25.945282,19.830322,30.317383,24.755035,27.935974,20.385834
2013-08-16,24.632019,24.771149,25.979553,21.676483,29.605835,23.510895,26.970062,21.72992
2013-08-17,25.118408,25.161163,26.312653,22.847656,27.750275,23.859283,22.991577,23.8396
2013-08-18,22.990662,24.654053,26.936676,21.536438,27.435944,25.465973,22.033295,25.083557
2013-08-19,17.92929,25.323822,27.018494,21.065033,27.73285,20.653473,22.555634,26.100372
2013-08-20,18.50113,26.328156,26.71991,20.30368,26.313019,18.19815,23.217957,26.409424
2013-08-21,19.919586,26.375854,26.960724,20.677979,25.727081,18.012604,24.927185,22.694519
2013-08-22,21.059662,23.746033,28.100616,20.423462,24.940002,18.535553,25.058289,21.305237
2013-08-23,21.52652,23.442688,27.705322,20.27533,25.923645,16.91153,20.199158,22.206635
2013-08-24,23.760498,22.594025,27.737,20.881866,26.082458,16.178864,20.500732,18.809845
2013-08-25,22.560333,20.354279,28.908478,21.218506,23.5112,16.447662,25.27478,17.6763
2013-08-26,21.676666,21.827362,26.116913,20.879944,21.636871,17.8378,28.504059,18.015472
2013-08-27,22.660309,25.41629,23.732391,20.440094,24.507141,20.551178,26.606201,18.236969
2013-08-28,21.356659,26.042938,25.515259,18.43991,26.33722,19.692535,22.291565,19.227203
2013-08-29,20.498627,25.73233,28.618927,18.363953,25.456482,23.38736,23.818634,18.805481
2013-08-30,21.605988,26.32492,25.598267,19.964539,25.62918,24.065826,24.589813,19.44394
2013-08-31,23.254547,26.425018,23.464325,21.037842,26.351929,19.33731,24.851349,21.58609
2013-09-01,25.060944,24.867462,23.366486,19.49002,24.22116,17.89566,25.207184,21.85141
2013-09-02,24.337097,25.499847,23.0513,20.216766,21.26709,23.632233,24.192566,20.757141
2013-09-03,24.700287,25.823944,24.405914,21.07434,20.982513,24.504547,25.583862,19.884674
2013-09-04,21.090424,19.875519,24.466217,22.308777,20.431763,24.697906,24.133545,19.806702
2013-09-05,18.024445,20.385162,23.683777,21.8349,20.72705,16.075348,24.4086,19.875488
2013-09-06,17.635712,22.131866,23.493835,18.976044,20.576385,13.191803,24.788788,19.102997
2013-09-07,19.136597,21.954681,23.450714,17.834991,21.90448,15.439117,25.518005,21.005737
2013-09-08,21.108612,22.513092,22.872314,19.047394,25.200714,19.417145,25.22519,20.311829
2013-09-09,22.536896,21.2482,22.720184,21.527374,20.756104,23.746979,23.529419,20.462555
2013-09-10,22.937897,21.18042,23.969208,22.9516,19.441376,21.510162,22.293762,19.445465
2013-09-11,23.701935,23.351166,25.044006,23.33133,20.947266,13.317047,19.421051,19.005219
2013-09-12,19.131866,23.235626,25.695007,22.352509,27.458252,14.619293,18.666077,18.261139
2013-09-13,20.050018,23.836578,25.795654,20.529022,27.045929,17.200348,18.565765,18.257568
2013-09-14,21.051666,21.09488,25.351227,20.750458,23.999786,14.160309,20.56305,20.060638
2013-09-15,24.66806,22.211761,24.825989,21.808197,18.794464,12.931305,20.618988,16.270721
2013-09-16,24.899994,22.12674,24.534912,21.006317,19.985046,16.06778,16.836243,12.62735
2013-09-17,19.304047,19.719635,23.341675,17.356995,20.92453,20.81314,15.538055,11.486847
2013-09-18,19.923157,17.172455,19.974274,15.930176,19.721466,17.55606,17.67334,12.760223
2013-09-19,21.154144,17.214691,20.657288,15.917236,20.618835,16.024567,19.480896,11.307373
2013-09-20,26.073639,22.156952,22.403564,16.54367,20.977356,18.478424,20.319702,10.7109375
2013-09-21,23.572357,23.186584,21.710236,16.943604,23.487305,22.99234,21.305908,12.281586
2013-09-22,21.519196,21.205597,21.547821,16.847687,18.3078,23.85733,22.014587,12.415802
2013-09-23,18.631561,19.527344,20.903076,15.674072,17.747772,20.265533,21.799805,13.70401
2013-09-24,18.194122,18.240326,22.444733,15.125702,20.003876,13.282135,22.88208,15.4583435
2013-09-25,21.765656,16.727386,23.39273,16.376373,19.447388,8.022614,19.599243,14.3906555
2013-09-26,23.637238,17.858917,22.892334,19.283508,18.472076,13.791412,19.568237,11.854523
2013-09-27,23.50055,21.489136,23.484772,20.037506,21.073822,18.496002,24.002747,16.091492
2013-09-28,22.42691,20.070831,22.985931,20.81659,19.075592,10.625641,16.824127,12.94751
2013-09-29,20.15445,21.510956,22.704926,20.424774,17.270325,7.6773987,11.343597,9.880432
2013-09-30,23.542572,22.930023,22.748047,20.473694,18.807037,10.6510315,11.423645,9.647766
2013-10-01,24.632904,23.07431,23.210144,18.903168,23.44046,12.069733,18.481964,9.674255
2013-10-02,24.456207,23.645264,23.337433,16.452057,23.541962,12.8368225,15.847015,14.161743
2013-10-03,23.364532,23.543121,23.84549,15.797455,20.665344,14.211334,19.923737,15.700745
2013-10-04,19.594818,18.984406,23.65857,15.238403,19.035217,14.010651,11.2760315,17.185059
2013-10-05,20.057098,22.657318,22.16037,15.912079,21.227783,15.713776,12.548004,19.548187
2013-10-06,22.462524,20.812714,21.75595,15.200897,21.431152,16.697662,10.66333,12.643066
2013-10-07,18.570282,19.559662,21.365112,13.950745,21.479065,17.41153,13.314819,8.988495
2013-10-08,14.002167,21.47107,16.97995,14.875397,19.968628,8.594391,17.204071,8.124603
2013-10-09,14.949738,17.62085,18.693298,17.87912,12.496735,9.687897,20.644165,10.6336975
2013-10-10,16.930054,20.043427,20.091736,17.838074,14.624878,5.5992737,20.283936,15.459473
2013-10-11,16.700897,19.400848,21.268524,18.148865,18.806915,12.839752,22.612946,19.71634
2013-10-12,18.185333,17.431488,20.441193,20.043274,18.294708,8.6649475,21.631653,19.503448
2013-10-13,19.676666,16.904877,20.248413,19.507294,8.5035095,3.2721252,13.369415,14.209778
2013-10-14,14.965973,16.749481,21.168427,18.547668,8.90155,12.921783,15.244476,16.643768
2013-10-15,17.422882,17.666718,23.112885,18.048553,11.710846,14.21402,18.457672,15.45578
2013-10-16,18.331512,17.634491,22.601837,19.206177,14.103729,8.434967,9.0251465,13.122223
2013-10-17,15.944122,19.973969,22.297058,17.53949,16.711243,5.3624573,8.486237,6.5155945
2013-10-18,11.094574,20.92044,23.528107,12.005249,15.817505,9.481598,16.327026,7.0811768
2013-10-19,9.918976,15.913666,21.396301,11.300598,17.54187,3.4879456,12.198761,7.134094
2013-10-20,10.046417,13.089447,18.262634,11.713501,18.965912,4.267975,4.8467407,11.274261
2013-10-21,10.240112,17.54654,19.108337,8.01236,8.528687,12.51236,4.6035156,11.0477295
2013-10-22,16.627533,13.798737,18.798157,6.556946,7.505768,13.654449,5.5669556,8.929443
2013-10-23,14.511871,12.059204,18.000214,11.424316,8.401245,9.799957,10.371033,13.535797
2013-10-24,10.140839,12.89386,22.293121,10.779358,7.31073,8.291412,18.182343,10.396393
2013-10-25,5.507263,15.827209,16.306366,10.523926,6.424347,8.340729,12.812195,11.285736
2013-10-26,3.7934875,15.31369,16.68338,11.192993,5.0913696,13.610748,4.9527893,14.664856
2013-10-27,3.5915833,18.202087,17.109375,10.515259,6.352234,12.892242,5.324066,17.865906
2013-10-28,3.697937,18.154633,15.336731,12.428162,7.6943054,8.232086,8.52594,11.34494
2013-10-29,5.111603,16.290314,17.483704,13.995605,6.7344666,7.9776917,6.9207764,10.957214
2013-10-30,12.620209,16.15982,19.446411,12.463074,5.8338013,8.950592,7.0886536,10.024658
2013-10-31,13.899139,14.387939,21.38858,5.79541,5.3375854,9.084869,8.468872,11.901154
2013-11-01,7.6503296,16.126068,19.07257,4.096863,6.2055664,6.5921936,10.591644,17.098358
2013-11-02,11.898651,18.33139,14.430542,5.6651,7.098816,6.7313538,12.727844,5.59671
2013-11-03,17.712524,16.069733,14.5642395,7.571991,6.8776855,10.788971,14.84787,4.808502
2013-11-04,18.284027,14.91217,15.995117,8.844177,8.414734,12.999664,12.168091,5.5845337
2013-11-05,18.838654,17.896027,17.38675,10.052887,9.380798,9.67691,8.317963,5.1729126
2013-11-06,9.098663,17.410187,20.550568,7.63208,7.387085,4.6586,9.668182,7.8010254
2013-11-07,3.8276672,19.193146,17.579315,5.3479614,3.5323792,3.917389,11.42038,3.856018
2013-11-08,2.5856628,20.072205,16.46643,5.3552856,5.8019104,5.2501526,6.7644043,7.2261963
2013-11-09,-0.47836304,19.705902,16.846802,6.66037,8.241638,12.966949,10.059967,6.912506
2013-11-10,3.233429,16.062256,16.303741,8.046265,6.051422,12.763336,11.962128,2.2549133
2013-11-11,8.099518,18.015259,14.865631,10.781311,3.956604,6.8729553,5.5455017,7.033478
2013-11-12,7.3903503,9.09787,16.695831,13.447266,9.219666,11.154938,2.1495972,9.469421
2013-11-13,11.874664,9.5383,14.430267,5.897705,3.4880066,13.861725,1.073822,10.643005
2013-11-14,12.51413,9.75412,12.92865,2.3695679,-0.2581482,14.037994,2.3799133,11.078857
2013-11-15,16.526611,16.154236,15.135101,0.7849121,0.91555786,5.216217,3.8974,7.6372375
2013-11-16,11.144012,17.825409,15.402222,0.5465393,5.1006775,14.131989,1.7626953,4.958008
2013-11-17,11.588318,12.741669,9.503723,-0.18630981,16.622162,17.407135,0.96710205,4.3055115
2013-11-18,4.7774353,9.936127,9.412262,-0.061157227,13.189911,5.0970764,-0.33111572,6.3743896
2013-11-19,12.390717,14.422333,11.492401,0.14517212,5.36911,2.1529846,3.4728088,9.300659
2013-11-20,6.214081,13.581879,12.553864,-0.14794922,2.131012,1.6947327,0.017333984,5.3635864
2013-11-21,2.5784912,17.889008,15.768616,1.2216797,-1.7164307,1.1739807,0.7116699,1.7736206
2013-11-22,1.1795349,7.5448303,18.633331,1.0917358,-2.92453,0.7052307,-1.5247498,4.857849
2013-11-23,-1.4214172,14.91861,18.708893,1.4303284,-1.3227234,-0.95858765,-1.0907288,4.235138
2013-11-24,0.31378174,16.40979,10.439026,1.6880188,0.17056274,3.270172,4.5657654,1.2756653
2013-11-25,3.8249207,6.189789,9.385651,0.33346558,-4.9166565,1.6937561,8.950226,0.06845093
2013-11-26,6.86734,2.5902405,9.251312,2.570404,0.2133789,2.2115784,7.5200195,2.3590088
2013-11-27,1.9446716,5.3518066,9.555786,7.7860413,2.658783,-2.7754822,15.015076,5.672638
2013-11-28,1.5823059,7.2899475,10.849701,12.812927,5.4404907,-4.7950134,6.7073975,4.8175354
2013-11-29,-0.34072876,5.955536,12.047668,12.21109,6.3661194,5.258209,1.624939,12.495117
2013-11-30,0.87057495,6.0014343,14.94577,7.646118,4.5188904,10.904449,0.702301,3.6099548
2013-12-01,11.506775,3.6896362,12.115051,4.3842163,1.6973572,-3.7962341,2.8205566,2.4194336
2013-12-02,7.5976562,5.4709473,8.900787,4.0596313,-8.134552,-3.2547302,1.6924744,1.9299927
2013-12-03,4.810211,9.28186,8.557373,2.4214783,-3.8132935,-1.9246521,-1.6407776,7.255249
2013-12-04,9.543549,7.978485,9.578949,2.6969604,-0.86746216,-3.2947693,-1.7910156,10.570892
2013-12-05,1.888092,5.9444275,12.309723,0.70858765,-0.4345703,4.837555,-0.43115234,12.680084
2013-12-06,-1.3244934,5.9309998,11.016815,6.8467407,-0.40682983,2.2484436,0.91522217,6.5148926
2013-12-07,-2.5334778,7.512848,11.593231,7.2948303,5.682678,-4.315277,-1.7227783,6.198059
2013-12-08,-0.35849,10.896454,6.696869,6.2449646,8.787506,2.504547,0.6030884,2.5274658
2013-12-09,1.322113,9.886261,8.879639,4.366455,7.9878845,4.636383,-1.7550964,3.2765198
2013-12-10,-0.29336548,8.780609,14.4453125,0.14468384,6.2175293,0.92251587,-2.2714539,3.082672
2013-12-11,-1.8688049,9.237457,16.069275,-0.3031006,10.627594,-1.2671814,-0.67477417,-4.4039917
2013-12-12,-0.62194824,8.816315,14.646942,-0.92858887,6.9975586,-0.47250366,-2.3511963,-6.7531433
2013-12-13,1.835968,3.3145752,5.541565,-1.9612732,1.1262817,-1.0203552,-2.376709,-0.8227234
2013-12-14,2.939911,7.433197,5.6869507,-0.9792175,1.3369751,-5.104828,-5.58136,-1.725769
2013-12-15,-1.2289734,9.753815,6.557678,1.2546387,1.4267273,-4.9983826,-5.8840027,1.8325806
2013-12-16,-4.9146423,10.5849,7.506592,-0.23199463,2.7979126,-5.0315857,-4.882324,9.592773
2013-12-17,-6.02594,12.081512,11.2847595,-1.571167,1.8955078,0.68496704,-3.3872986,3.1759644
2013-12-18,-1.6933289,4.019806,9.905762,-2.007019,-1.018219,-0.58187866,-0.6055603,-0.6338806
2013-12-19,1.4496155,2.1166382,8.818512,-1.5931091,-0.9020691,-2.2085876,-5.287506,-1.757782
2013-12-20,-0.9328003,10.0607605,7.1449585,-1.8111267,-4.389923,-1.1343689,-1.0228882,0.19641113
2013-12-21,-5.793091,9.389923,7.693054,-0.13076782,-3.6176147,0.5123596,0.39614868,-0.6129761
2013-12-22,-4.894806,3.590332,10.010803,0.41351318,-3.56839,2.4845276,-3.0626526,-2.8928528
2013-12-23,-4.811432,1.8512268,8.00119,-3.1868591,-2.1907043,3.5943909,-4.01001,-3.6070557
2013-12-24,-3.9923096,-2.2410583,9.426941,-1.6571045,-0.9017029,7.899811,-0.54748535,-3.724701
2013-12-25,-1.5086975,3.186554,6.4665527,3.6888733,0.1942749,7.34317,1.2685547,-3.2053833
2013-12-26,5.6061707,1.2662659,9.519165,4.8421936,4.382843,1.3148499,-0.41427612,-1.6011963
2013-12-27,0.22805786,2.7723694,8.631561,3.5378113,13.74884,4.6669006,-1.3963013,-0.9347229
2013-12-28,2.384613,4.775421,6.468933,7.282257,6.2937317,1.6490784,-0.44732666,-1.5724182
2013-12-29,-0.5220642,6.185486,7.4890747,1.7777405,-6.826477,-5.419281,-2.2046509,-0.6941223
2013-12-30,-8.9470215,0.20986938,11.315216,-0.06817627,-7.352295,-5.114105,1.9616394,-1.1011963
2013-12-31,-8.017792,0.4189148,7.7156982,-0.2614746,-4.223236,4.645172,-1.4190369,-1.0674744
2014-01-01,-11.635895,-0.1482544,4.6239014,-0.67141724,-2.3437195,4.896393,-2.0875244,-5.085724
2014-01-02,-10.102234,-3.186493,5.0458984,-0.7872925,9.412109,3.3526917,2.075348,-4.544922
2014-01-03,-7.839813,0.32537842,9.081909,-1.0474548,-2.6002808,3.8319397,4.6372375,-0.2939453
2014-01-04,-7.6147156,2.377655,13.960541,-1.0749207,2.3735046,-3.5396423,4.409607,-2.001068
2014-01-05,-5.382538,-2.1076355,12.06192,-2.7948914,13.819611,-1.9864197,2.2655945,-0.7526245
2014-01-06,-7.4207153,-3.2841797,9.604309,-2.339264,17.290588,0.50234985,0.7284851,5.173462
2014-01-07,4.844757,-3.5261536,11.310974,-5.007477,3.0221863,6.0487366,-0.7931824,0.10784912
2014-01-08,-3.0920105,-1.6355896,13.425079,-5.628357,4.173065,-7.6546326,-2.1608582,7.020508
2014-01-09,-7.624176,6.720001,17.44281,-2.2288818,-0.8554077,-4.865326,2.569519,-1.4735413
2014-01-10,0.55532837,8.277863,14.667023,2.309021,-2.526245,-9.630951,-3.355774,-1.8361511
2014-01-11,3.8642578,8.183075,16.301239,1.645935,-4.692444,-4.9026794,-1.8364258,-2.993164
2014-01-12,-4.6477356,8.319794,8.163422,2.802826,-13.693298,-7.7322693,-0.38839722,-4.607422
2014-01-13,-15.821411,10.4027405,4.0891113,2.1616821,-14.443207,-11.36557,-2.1792603,-7.4062195
2014-01-14,-16.352325,7.052887,5.048706,1.4084778,-11.315735,-0.30673218,-1.115387,-8.696045
2014-01-15,-14.8385315,3.2655945,11.651611,0.5279846,-4.6631775,-0.9341736,1.3734436,-5.9927673
2014-01-16,-14.832245,4.48703,3.9713135,0.20123291,-8.9646,-2.3816833,9.165619,-3.450409
2014-01-17,-13.117767,7.891815,0.6897583,-0.47912598,-8.220245,1.1192932,5.4315796,-6.135193
2014-01-18,-3.5244446,4.6791077,1.63974,-0.061187744,-9.550232,-9.017181,-1.7492371,-1.6096802
2014-01-19,-10.588043,0.19311523,4.675812,-0.23840332,-10.896881,-15.704193,-2.8589783,-7.3800354
2014-01-20,-14.235107,0.88253784,-0.61798096,0.9202881,-12.521027,-11.802826,2.8043823,-9.945374
2014-01-21,-8.248199,2.839569,3.5379944,1.6158752,-8.03186,-6.32016,-0.116760254,-10.024017
2014-01-22,-12.388306,3.742157,9.27533,1.705719,-2.0430603,-1.5201111,-7.2325134,-5.833557
2014-01-23,-16.923248,2.1874695,4.830078,0.444458,-4.2362366,-7.110443,-1.0112305,-10.554565
2014-01-24,-16.623077,3.2580872,14.237518,0.9253235,-10.470215,-2.094818,-0.8164673,-1.7910767
2014-01-25,-14.9729,3.7313232,5.121399,-1.2322693,-11.496155,-2.5122986,5.3464966,-9.757233
2014-01-26,-10.358795,2.7896423,2.236969,-1.3020935,-3.8064575,-12.62973,-1.7850647,-3.093872
2014-01-27,-12.617035,6.146515,2.851471,-0.8274231,1.3471069,-13.45224,-3.5386353,-5.1525574
2014-01-28,-12.761993,8.453766,2.3990784,-3.4153442,-1.5335083,-6.5662537,-4.3299255,-8.666199
2014-01-29,-15.050293,7.598053,2.9434814,-3.893402,-0.71136475,-4.1441345,3.5776672,-0.5952759
2014-01-30,-12.860168,2.751068,1.1138611,-4.382782,3.483612,-5.334076,3.8419495,-4.7611084
2014-01-31,-4.058014,7.9188538,3.691681,-1.1445312,-2.2223206,-4.342621,1.3499146,-1.3051758
2014-02-01,-1.5950012,-1.0786438,5.681488,2.7905579,-5.2319336,-4.4773865,0.617218,-1.2090149
2014-02-02,-15.981873,-1.2940369,6.047638,1.3427734,0.51260376,-4.558441,0.80648804,-3.744751
2014-02-03,-8.777222,-1.6300354,9.111755,2.4648132,-2.1418762,-3.200531,5.0240173,-2.8159485
2014-02-04,-0.70913696,6.6364136,7.124695,-0.69854736,1.6730652,-0.4427185,2.8963318,7.690857
2014-02-05,-4.4159546,1.6055603,9.735901,-0.41726685,3.3948364,-2.148529,-0.82580566,0.37869263
2014-02-06,-2.3923645,-7.2087097,15.814789,-1.8029175,-0.01687622,-1.6460876,-7.2651978,-5.4588623
2014-02-07,0.3544922,1.838501,9.544739,-2.9334106,-0.7857666,-0.5826111,-7.51239,-7.0569153
2014-02-08,-1.1928406,5.9292297,-1.4870911,-1.1439209,3.4090576,-0.03817749,0.63742065,-3.554718
2014-02-09,-1.8456726,6.099121,0.5496521,0.278656,7.820709,-2.2850037,-1.3004456,1.521698
2014-02-10,-1.3005066,5.439575,6.351898,-0.68167114,10.02002,-2.01474,-3.3144226,1.307251
2014-02-11,-1.210846,4.182678,8.691925,1.6819458,13.754517,2.0558167,-3.5561523,-2.541748
2014-02-12,2.8388672,-3.9808044,1.9543152,4.3039246,14.948608,2.768219,0.55410767,-1.4658508
2014-02-13,4.948761,-1.6737366,1.983551,0.3345642,10.843628,-2.822113,-0.16531372,-1.1109924
2014-02-14,6.7141113,4.440796,3.4485474,0.48468018,-1.0274048,1.4706116,-2.5852356,-1.7063904
2014-02-15,3.083313,9.512634,3.7673035,1.8866272,-1.7922974,7.18692,0.45465088,-1.5727234
2014-02-16,1.4613342,7.711487,8.853546,2.9103699,-0.17449951,13.801422,-1.0353699,-1.6235962
2014-02-17,1.2536926,0.47286987,5.476593,6.007904,1.4146729,7.678131,-3.779358,-1.5645142
2014-02-18,5.187683,-0.8069153,-0.075653076,5.9028625,1.8657532,-2.0972595,0.8190918,-2.3159485
2014-02-19,2.047882,1.6239929,3.5109253,7.8954773,2.7161865,-1.9507751,2.764801,-1.6994019
2014-02-20,-2.197113,2.1523438,-2.8707886,10.575745,7.1269836,0.33755493,-4.1378784,-2.5417175
2014-02-21,-1.7913818,-0.6824646,2.5202942,12.268341,-1.8708496,0.69522095,-5.814911,-2.4499207
2014-02-22,0.85354614,1.3666077,2.4541016,6.942688,-0.013946533,0.09390259,-3.4728394,-0.051605225
2014-02-23,4.2888184,1.1901855,2.7219849,5.041168,3.2487488,-0.8860779,-1.446167,-4.042633
2014-02-24,0.87680054,-2.0534058,5.966156,2.594452,7.4851074,-0.79208374,-0.35580444,-11.416931
2014-02-25,0.9461365,-2.1053467,8.599548,1.1235046,12.65979,-1.6014099,3.0890503,-10.3573
2014-02-26,5.486725,8.671295,12.236206,1.5961914,11.153076,-7.815277,2.1467896,-6.261261
2014-02-27,1.3885193,-0.26208496,7.514923,2.2366943,-2.1138916,-8.354584,-2.9201355,2.202942
2014-02-28,1.6735535,-2.460785,7.9541626,6.954529,-1.1635742,-11.202972,2.4014587,-2.6508179
2014-03-01,0.54348755,3.0559998,9.790253,8.320618,2.8893433,-11.252289,2.6302795,-3.0131226
2014-03-02,0.06283569,2.528778,9.788147,5.9934998,4.541168,-4.708832,3.0612793,-3.0940247
2014-03-03,4.1176147,4.601959,5.4575195,7.725189,-5.062805,-2.8824158,8.402283,3.1592407
2014-03-04,7.9671936,2.126892,6.3423767,4.917877,2.7037659,-1.8682556,-2.5526733,-0.37576294
2014-03-05,12.900177,0.75112915,17.215424,4.5318604,5.2439575,-8.79184,0.55807495,-2.1846924
2014-03-06,6.7480164,0.9264221,8.09021,4.1979675,7.681122,-7.1509705,6.2095947,1.1691589
2014-03-07,7.5132446,-0.8172302,7.5952454,2.2497253,8.861237,-3.127777,-1.9813538,5.6586304
2014-03-08,2.1037292,-1.9428711,13.462402,3.885437,11.560852,-0.8941345,-1.9161987,-4.004486
2014-03-09,2.7809448,-1.1275024,15.222443,3.212738,9.456757,-4.2652283,6.545288,-3.962799
2014-03-10,10.630524,0.50234985,4.2810364,0.42559814,3.3719482,-0.40438843,12.715515,-4.2065735
2014-03-11,2.3697815,1.5392761,2.043518,0.008514404,7.993683,2.839264,10.449097,0.6133728
2014-03-12,-3.0386353,1.763916,1.5223694,-0.7626648,6.1220703,2.783844,4.2803345,6.339691
2014-03-13,-3.6072388,1.9786377,2.702118,-0.32766724,0.92230225,1.929596,4.50119,3.045868
2014-03-14,-3.3416748,1.0579224,3.2976685,-0.2442627,4.6908264,3.304596,7.8101807,8.319031
2014-03-15,-1.8411865,2.1758118,4.2211,2.347412,12.995087,3.1940002,11.52536,5.087921
2014-03-16,-0.25387573,1.9842834,4.853363,4.758728,15.128845,2.507721,6.044098,5.6624146
2014-03-17,-0.93600464,1.8856506,7.1827393,10.533081,9.833649,3.7291565,5.734253,11.959747
2014-03-18,-5.29599,1.1938171,12.89856,7.057831,1.7486572,7.2052307,9.93689,10.2621765
2014-03-19,-1.9471436,-0.70010376,9.788361,6.113678,2.4657898,6.077545,4.0382385,5.7623596
2014-03-20,1.9437866,-2.801361,6.9288025,6.5987854,10.759064,1.4308167,7.205536,11.187286
2014-03-21,2.3056946,3.78656,9.052307,5.937378,12.6571045,2.1886292,12.604584,13.499786
2014-03-22,2.6384583,4.8177795,10.954529,5.030365,14.299774,9.058746,8.5642395,0.7715759
2014-03-23,2.953949,2.6217346,12.542419,1.3685913,14.643585,2.8199768,5.207367,1.407074
2014-03-24,2.160675,4.1376038,14.340424,5.8230896,5.069824,-1.3611755,7.699524,1.4855957
2014-03-25,-2.0020447,5.8006897,15.300232,2.4751282,5.3561096,0.9913635,9.92038,1.8595886
2014-03-26,7.737213,5.1173706,12.052521,3.3042603,9.021484,2.8631897,4.488617,1.0316467
2014-03-27,3.0501404,3.3205261,9.478485,4.239685,10.00705,4.371002,11.482605,2.3469238
2014-03-28,3.2262268,2.0315552,6.5350037,3.262024,6.4773865,4.2848206,10.027283,2.9631042
2014-03-29,4.56073,3.5007324,6.744385,2.832367,6.233307,9.238922,2.8140564,2.4750671
2014-03-30,5.7644043,5.5695496,7.574524,2.3890991,5.2339478,11.129059,9.531464,6.5664673
2014-03-31,13.344818,6.1972656,3.8526306,2.7003174,7.9518433,12.578033,17.942474,13.503265
2014-04-01,5.9725037,7.0452576,10.4823,5.5311584,15.735657,8.808258,12.810883,6.951233
2014-04-02,1.4231567,8.842072,9.499603,5.9405212,13.295776,9.2274475,10.837952,5.4318542
2014-04-03,-0.1076355,9.624237,7.3990173,6.8525085,14.5121155,5.835846,17.28302,3.83432
2014-04-04,-0.3758545,6.968811,8.013153,8.865997,6.9591064,3.7877502,20.636658,2.6228943
2014-04-05,2.3528748,1.5116272,11.244934,12.67627,1.4508667,4.3819885,19.495941,2.5473938
2014-04-06,7.0360413,3.157318,12.519653,9.11377,0.5496521,6.271637,18.462189,2.3755798
2014-04-07,7.9934998,5.9065857,13.357727,7.1443176,1.9543457,11.073151,17.355743,1.1262207
2014-04-08,5.624298,9.409088,14.8663025,5.4294434,5.690613,12.340973,19.394623,1.6497803
2014-04-09,4.3277893,10.236053,16.02481,4.3842773,6.446411,10.693024,21.06961,8.14798
2014-04-10,6.174713,9.272858,14.582214,4.7669373,3.138977,8.5868225,19.86142,6.2080383
2014-04-11,7.583893,5.6858826,8.776245,3.6372986,5.6195984,8.660065,10.603882,4.4527893
2014-04-12,11.215607,6.7483826,9.453308,1.3940125,4.319153,8.457428,5.5477295,3.2743225
2014-04-13,1.7955017,7.372406,7.567505,5.8279114,5.543762,7.7330627,8.093597,10.857788
2014-04-14,3.1957703,9.708466,13.566162,15.383972,6.6152954,13.646881,10.043793,5.863312
2014-04-15,10.08139,9.937042,15.252441,11.53714,7.864319,15.974762,12.547516,5.372589
2014-04-16,16.53122,6.9683533,10.24176,11.808929,7.760498,17.354889,14.274567,5.429016
2014-04-17,12.04184,5.490631,12.738495,12.733551,7.4550476,10.269928,14.314545,4.7062683
2014-04-18,7.79422,6.810089,14.307434,10.671692,10.485931,3.6593323,14.179779,5.44635
2014-04-19,8.175293,6.5471497,12.138763,10.567352,11.310059,5.398346,15.885651,8.256195
2014-04-20,7.2051086,7.516144,9.627502,12.660156,13.234192,7.2618713,13.794861,16.674866
2014-04-21,7.079193,7.785553,14.232025,13.023041,13.077698,6.32901,8.212982,17.350677
2014-04-22,6.1923523,7.4535217,18.22467,16.549988,17.812256,8.195953,12.975037,15.613739
2014-04-23,7.45224,5.6390686,18.167175,15.665314,15.851288,13.714752,19.98764,13.312653
2014-04-24,7.5765686,7.6154785,17.142395,14.864166,12.504181,15.826813,22.43161,6.15921
2014-04-25,8.531006,8.925232,17.058655,15.083008,11.724182,12.785553,22.43454,3.6453552
2014-04-26,7.842102,9.035126,16.476105,19.480377,10.759399,9.960602,21.543182,5.980438
2014-04-27,8.96756,8.556763,19.04245,14.904694,11.160034,13.835358,18.12976,5.358795
2014-04-28,10.667145,8.720367,19.572601,13.325409,11.185638,12.840973,18.72696,6.9464417
2014-04-29,11.620941,8.892548,19.079346,12.557922,9.945892,15.173981,18.443756,11.369659
2014-04-30,13.180664,9.567108,17.78244,13.252808,8.21814,18.039948,21.52829,10.206421
2014-05-01,9.167786,9.024261,14.567871,12.356689,10.92688,20.249664,19.256012,11.605408
2014-05-02,8.542114,9.259216,11.314728,15.265869,10.212006,19.98111,14.582397,13.312195
2014-05-03,9.567383,9.554535,13.317841,17.854858,12.551361,12.2464905,17.384125,15.117889
2014-05-04,10.133759,9.870178,12.144836,20.357391,14.736206,14.787018,17.97293,12.439117
2014-05-05,11.177277,11.076019,11.775421,21.312073,17.749756,17.33316,12.587372,9.27536
2014-05-06,8.900543,11.561127,15.226196,19.03888,18.841675,13.445953,10.390442,9.338684
2014-05-07,9.504883,11.475189,18.545807,16.53894,14.689789,14.429352,13.761658,5.341034
2014-05-08,9.799164,11.4513855,19.325317,13.736786,12.878906,17.782623,17.605804,5.056244
2014-05-09,11.457855,10.853058,20.264404,12.966278,14.93866,9.837799,18.139435,7.662079
2014-05-10,10.798218,11.903748,17.110199,12.785065,9.798828,8.369049,15.509003,10.313019
2014-05-11,11.386871,13.334106,15.914642,13.839813,9.685822,11.491852,14.127686,11.5390625
2014-05-12,10.75882,12.080292,18.492615,15.612366,11.599579,13.711578,12.905731,13.41745
2014-05-13,11.734314,11.646423,20.182129,16.95987,11.991547,14.097565,17.807709,11.155304
2014-05-14,14.920624,10.826141,20.288513,18.191284,12.423706,7.7001038,20.095581,9.470398
2014-05-15,19.751068,11.551666,19.517029,16.954468,13.592651,7.617096,19.130981,10.896362
2014-05-16,18.819275,11.276093,21.75467,18.6091,17.250763,10.37027,18.969513,14.761017
2014-05-17,15.743378,12.01358,19.174133,18.63858,18.210754,11.673737,18.538025,15.792358
2014-05-18,14.774445,12.629608,19.333862,17.01828,15.560394,12.986237,9.247803,14.254089
2014-05-19,15.425446,12.542877,20.418,17.006653,17.632935,14.910065,9.354858,12.5407715
2014-05-20,17.064209,12.910065,21.93982,13.060425,19.569733,14.267731,10.924225,10.203064
2014-05-21,18.797028,13.178375,21.614868,15.929352,20.80893,17.392487,15.386902,11.911072
2014-05-22,17.510956,12.434479,18.187988,17.726746,22.461731,14.037506,19.196991,13.988678
2014-05-23,17.707703,12.6093445,17.998962,17.068512,23.15689,9.155914,22.04367,17.843903
2014-05-24,16.647797,13.283234,18.556671,18.135315,22.941376,9.64566,23.86316,20.007416
2014-05-25,18.80072,14.445099,19.535034,22.134033,21.636536,11.652985,23.938202,15.344025
2014-05-26,19.266327,15.45578,21.207947,20.642609,21.630585,16.372223,20.278992,13.967438
2014-05-27,18.792572,15.980682,20.953278,17.893555,22.167847,20.135406,14.26886,15.617065
2014-05-28,18.345367,14.731293,20.771606,13.298279,20.965698,18.880035,19.966766,16.535522
2014-05-29,18.445404,14.340179,21.868134,13.012604,20.620483,14.928619,22.096802,13.198883
2014-05-30,17.328094,15.347443,23.14093,13.95047,21.771576,15.785553,21.368683,13.872681
2014-05-31,18.345062,16.463867,23.542236,17.098053,20.588043,18.178131,22.051636,15.314667
2014-06-01,18.179169,15.330566,22.18216,19.755585,17.847717,10.650299,22.225128,16.95935
2014-06-02,16.676117,14.735199,23.78714,21.348969,10.950531,12.394928,14.279938,18.125244
2014-06-03,17.686707,16.772003,24.242065,23.555847,14.304352,15.912018,11.875763,18.418304
2014-06-04,18.063873,17.911285,23.782898,23.861359,16.324524,11.187408,14.622742,16.886017
2014-06-05,19.772003,17.253082,23.404175,23.984955,16.73346,12.57901,20.65216,15.284088
2014-06-06,19.227722,15.8802185,23.830292,23.137207,18.727142,16.841217,19.137604,19.005554
2014-06-07,20.879364,17.564362,22.78595,25.311981,20.518372,21.39151,20.521973,21.571533
2014-06-08,19.480316,15.59317,23.544952,23.017548,23.655151,21.56485,21.851715,15.749512
2014-06-09,19.166718,16.059052,21.709442,21.229095,20.574371,17.939117,21.476776,17.650452
2014-06-10,20.79306,17.021057,21.684448,22.524841,14.934662,18.780914,15.04483,17.641296
2014-06-11,17.36026,17.180695,22.021301,21.867737,15.633972,17.67569,13.822296,15.230835
2014-06-12,18.774933,15.423584,23.53656,22.228516,16.790588,16.409332,17.813446,18.391968
2014-06-13,23.626495,16.71759,23.69403,21.912933,14.696381,16.003082,17.42685,18.4281
2014-06-14,24.824799,17.307861,23.810577,19.763245,16.212067,16.180817,16.627563,18.123901
2014-06-15,21.316498,17.837189,23.910553,15.752319,18.558441,13.935455,17.080414,22.752472
2014-06-16,18.782623,18.04132,23.177979,14.127045,20.434418,14.671539,18.164978,21.983978
2014-06-17,17.76532,17.473358,22.347412,15.635925,20.624268,16.355865,19.357391,18.58374
2014-06-18,17.492218,17.855255,22.312408,17.400604,21.40152,19.170074,19.400238,19.125488
2014-06-19,19.399902,18.04779,19.244781,20.61261,21.76538,22.337067,19.702118,17.207764
2014-06-20,20.53769,18.115387,19.336731,22.087708,21.89685,17.035309,19.977905,15.954254
2014-06-21,23.209381,17.111725,21.085663,21.27716,23.31784,14.421295,22.608429,16.33548
2014-06-22,24.76825,16.879822,23.607788,19.483826,25.05249,15.415924,22.03891,17.059021
2014-06-23,26.001678,17.38565,23.445282,20.269714,25.292511,16.616608,23.043945,17.658905
2014-06-24,26.455994,17.646881,22.112152,20.926483,24.62616,17.150787,26.765747,19.438477
2014-06-25,25.901459,17.187958,20.81308,24.3219,23.795044,18.310455,26.857605,21.353424
2014-06-26,26.165009,17.83139,21.146576,25.591797,26.203796,19.487457,19.471436,23.432404
2014-06-27,22.909882,18.295837,22.30252,26.052368,24.3815,24.023102,17.798645,24.171082
2014-06-28,23.52655,18.316742,23.332184,26.339172,25.101257,24.051666,17.957489,23.938782
2014-06-29,23.075287,18.575592,23.339691,27.701447,25.990173,21.674225,20.038239,22.483826
2014-06-30,19.09375,19.113434,24.550568,29.350006,25.080963,18.753326,22.761261,22.53064
2014-07-01,20.349274,19.34488,25.86441,30.01059,20.833618,20.169342,21.916077,22.594421
2014-07-02,20.194916,19.088135,25.938568,30.382141,21.12143,20.382233,21.48819,24.751495
2014-07-03,19.672577,18.05066,25.318481,29.788452,21.87439,24.46817,21.617249,23.881256
2014-07-04,21.161774,18.511322,24.717072,27.835022,24.87497,24.418121,21.592743,23.801819
2014-07-05,20.80188,19.364899,24.934937,24.9599,23.750519,25.33902,23.995483,25.892548
2014-07-06,22.309937,20.427307,24.1391,27.281006,23.796204,24.500153,25.791718,24.413147
2014-07-07,23.112152,20.269562,23.692657,24.960571,26.331726,20.466461,24.71167,27.041412
2014-07-08,21.783875,19.990356,23.832764,23.146332,26.280823,18.704742,22.780884,28.907043
2014-07-09,21.43747,19.794647,25.691193,23.079956,24.508118,19.925446,23.710876,25.84317
2014-07-10,22.871368,20.416046,27.41513,25.478485,23.908081,20.357086,23.350433,26.635162
2014-07-11,25.662506,20.207886,27.981842,26.115936,24.374329,20.059235,23.345917,27.20404
2014-07-12,26.996185,20.62967,28.914093,27.434265,25.482697,19.887115,24.664062,26.216583
2014-07-13,25.60437,21.25357,24.566406,28.436829,25.557129,21.44107,24.95456,23.808777
2014-07-14,23.363708,21.814117,24.560364,27.609894,24.749115,22.097565,25.840942,20.260468
2014-07-15,21.49997,21.886597,24.431335,26.69522,24.574463,21.25235,26.56073,20.413849
2014-07-16,22.329987,21.905426,25.272736,25.558746,24.624237,20.240875,25.744598,21.199158
2014-07-17,24.185944,21.851837,25.437988,25.489166,25.939209,19.030182,25.802612,20.523682
2014-07-18,24.29599,22.800323,28.285095,25.107086,27.720581,19.917633,24.64209,24.006866
2014-07-19,23.265228,23.827942,27.29541,24.688354,26.620026,19.749176,24.901642,23.07071
2014-07-20,22.434052,24.226593,25.699402,25.877686,26.406555,20.970367,26.4682,21.12207
2014-07-21,22.276703,24.36258,25.690704,26.328735,25.11554,22.990143,29.106995,21.14151
2014-07-22,21.436188,23.423431,26.492249,25.816864,24.718536,22.915436,28.757294,20.989777
2014-07-23,21.483917,23.58136,27.264374,25.263947,24.420898,24.353912,28.913574,22.107574
2014-07-24,23.001282,23.27951,26.763306,24.640594,24.485504,22.02237,27.440704,20.671448
2014-07-25,24.55719,23.43985,25.748291,23.991364,24.670135,23.500397,27.360168,20.1846
2014-07-26,24.997894,24.482971,25.340515,23.451721,24.65326,24.399323,28.95346,23.201965
2014-07-27,23.739594,24.690582,25.741486,24.102753,24.91333,22.947418,26.51764,26.474884
2014-07-28,24.91159,23.110016,26.22049,23.759644,24.69168,22.141998,26.100098,26.353394
2014-07-29,24.401398,22.501984,26.506226,26.740875,25.02185,25.53189,26.707825,27.27707
2014-07-30,22.896667,23.77768,26.755768,25.814941,24.734161,24.800201,28.54419,28.356232
2014-07-31,21.408691,24.604218,26.16571,22.729279,26.888245,22.135895,27.73288,29.030792
2014-08-01,21.20456,24.995453,25.421295,24.039398,29.490906,21.39981,26.778381,26.486145
2014-08-02,21.413696,24.77652,25.01831,24.366669,29.58957,22.04776,26.570038,22.858337
2014-08-03,22.799713,25.641998,25.018402,23.859467,27.703583,23.043365,27.401794,19.919037
2014-08-04,22.369476,24.615265,25.21463,22.576233,27.298553,24.66397,26.444244,20.704681
2014-08-05,22.645416,21.54013,25.959717,21.000488,27.75113,22.815338,25.109802,20.977814
2014-08-06,22.255768,22.354828,27.125183,21.070465,29.315033,22.692535,24.789398,23.557281
2014-08-07,21.13556,23.805908,27.00058,23.381042,29.576721,23.331696,25.931458,24.791718
2014-08-08,21.110565,25.485657,25.561249,25.25879,29.599854,22.14859,26.165314,22.578125
2014-08-09,21.864807,24.559174,25.829315,25.042084,27.535492,21.274567,27.149506,22.33603
2014-08-10,22.130646,22.924591,25.668488,25.83142,28.25998,20.913727,28.52127,23.203278
2014-08-11,21.295135,19.838837,26.668945,25.54776,26.091064,23.316559,26.5531,18.562561
2014-08-12,21.933624,21.212006,25.82373,26.538727,26.517212,24.602692,25.343933,21.356934
2014-08-13,19.367462,21.57547,26.313477,25.777588,26.456512,24.940338,25.020233,26.230682
2014-08-14,18.667603,23.04123,28.099518,25.91446,28.380219,25.666412,24.689667,22.72821
2014-08-15,19.999725,23.164581,30.136078,23.95819,25.377289,24.03775,24.391296,22.507263
2014-08-16,22.32022,21.290375,29.584564,24.115204,26.316193,19.965973,24.845978,20.99054
2014-08-17,23.24826,22.234772,28.83957,24.277924,25.790619,18.16861,25.316193,19.27652
2014-08-18,22.539856,25.319366,27.757965,22.834564,23.12149,18.81485,25.507385,26.679016
2014-08-19,24.056,25.05896,26.610138,23.431519,22.831543,21.355865,27.144348,26.531769
2014-08-20,22.100739,24.389954,26.462341,21.214752,25.31659,19.95694,28.195007,19.139435
2014-08-21,21.715485,25.860687,25.408417,20.994232,24.377014,16.102936,28.008728,18.9234
2014-08-22,22.258331,25.34378,25.666351,24.869171,25.382965,16.41275,27.44757,19.580872
2014-08-23,23.319153,25.781769,26.423126,24.000732,27.403198,19.075592,26.418976,21.941925
2014-08-24,24.436798,25.404694,28.358276,22.171692,30.283508,21.532623,26.498566,18.512756
2014-08-25,25.438995,25.8143,29.764465,22.355713,25.174103,21.98111,26.920837,19.078217
2014-08-26,24.556732,21.815582,28.098907,21.998535,25.392822,20.958405,26.870453,17.355774
2014-08-27,23.246338,21.348297,27.512482,21.73352,24.118439,20.819,27.956787,15.1762085
2014-08-28,25.089417,22.527039,27.368683,18.955261,25.147797,20.975739,26.820923,16.845673
2014-08-29,23.889648,24.117859,26.775238,17.770294,28.449524,22.89444,26.912292,17.54184
2014-08-30,21.449554,22.84909,25.936615,18.350647,27.042725,23.833893,27.844818,19.493988
2014-08-31,25.10019,20.110443,25.764893,16.828766,26.011536,23.61319,28.82022,20.189423
2014-09-01,24.636505,18.8096,27.01471,18.976135,27.044434,23.50943,29.41452,21.907562
2014-09-02,25.001862,20.071869,26.650604,19.255463,27.204132,19.073639,28.644348,22.823914
2014-09-03,24.995392,23.52768,25.876617,20.36026,26.95932,17.218658,22.794006,20.951782
2014-09-04,20.93814,21.751923,25.047272,21.463501,26.385284,17.78946,20.978271,18.729218
2014-09-05,18.751495,20.157013,26.66745,21.52246,24.160583,18.471344,24.123413,14.71698
2014-09-06,20.384308,20.933472,26.045135,21.788757,22.299011,16.460358,26.413605,12.219269
2014-09-07,22.041687,22.754395,24.138977,20.602081,22.639221,14.04068,22.21933,14.875549
2014-09-08,23.392487,22.502533,23.68634,18.911194,25.968079,14.628326,19.499329,15.723663
2014-09-09,24.247467,21.463654,25.44403,16.998047,26.212982,19.377106,22.893402,15.800598
2014-09-10,24.8815,20.762665,25.93573,17.574158,21.132965,17.49942,23.210022,17.838104
2014-09-11,23.680756,20.152374,25.921875,17.566895,21.230682,14.441559,24.465454,17.614655
2014-09-12,22.425018,20.368286,24.904907,17.844208,24.63675,15.939362,24.436768,19.439178
2014-09-13,20.13974,22.219604,24.784088,17.705109,23.282135,17.285797,18.936707,21.201385
2014-09-14,25.00534,23.602966,25.062042,18.022491,18.634735,20.15152,19.353851,21.819733
2014-09-15,21.484772,21.409576,25.593933,18.573853,19.849487,12.7586975,20.697449,23.167786
2014-09-16,16.834686,18.782135,25.653687,17.265106,22.08664,12.963043,21.401001,20.400421
2014-09-17,14.847504,20.493195,25.60144,16.383087,24.51294,16.04654,21.678833,17.43863
2014-09-18,16.95877,20.05539,25.272583,17.106567,24.838318,18.96939,19.495972,18.199768
2014-09-19,19.92862,18.941498,24.82721,17.383087,26.49707,20.12027,20.720215,16.138733
2014-09-20,23.347015,16.029266,24.549805,17.960785,25.018646,15.376862,20.54004,14.355255
2014-09-21,21.281982,15.826935,25.065521,18.55368,21.8107,9.903473,15.389343,15.963409
2014-09-22,14.833588,17.672455,24.652557,17.09317,19.347168,12.266266,16.361542,15.811005
2014-09-23,14.114868,20.164276,24.9122,16.963226,20.868805,13.139313,20.06665,17.087921
2014-09-24,13.365967,20.414032,24.784302,18.662384,24.965515,15.399811,24.005035,20.006409
2014-09-25,14.557892,20.109528,23.600891,19.019989,22.767609,17.633453,25.535675,16.566895
2014-09-26,13.624054,19.721832,22.17276,20.72754,17.7948,19.573883,25.139679,12.790466
2014-09-27,16.459412,15.204559,21.496704,18.072174,20.807526,16.16153,24.155273,11.915497
2014-09-28,12.307587,15.954437,19.196533,18.702362,23.69281,16.129547,22.795532,15.155853
2014-09-29,12.309357,21.877045,20.607788,15.572296,17.761688,15.798492,16.16214,18.510864
2014-09-30,13.238159,22.565277,23.934479,14.08493,14.514404,15.521393,19.820312,17.846222
2014-10-01,13.620636,19.358917,22.652863,13.455627,14.568054,15.78775,17.762054,17.401306
2014-10-02,14.668915,19.48227,20.634003,15.022705,15.269257,15.19278,15.030121,18.012482
2014-10-03,17.417511,19.952087,20.532837,13.01236,14.470459,16.65152,17.004395,16.837524
2014-10-04,18.743622,21.007233,23.326721,11.679779,15.339386,17.005035,21.442719,16.513031
2014-10-05,16.409698,17.09079,23.186768,9.185852,16.604492,16.236969,22.179413,18.0484
2014-10-06,18.650818,16.117401,21.89569,11.159149,18.602112,17.387848,20.891785,10.053711
2014-10-07,18.797943,21.044098,19.0932,12.383881,19.355042,17.29898,14.895935,11.706787
2014-10-08,14.221497,20.309967,17.067505,13.29422,20.089966,17.093414,6.5763245,12.216949
2014-10-09,16.475983,15.3532715,18.149109,12.428467,20.600983,19.268707,9.16507,11.623444
2014-10-10,18.821136,14.917328,20.319763,12.781036,12.680969,19.448639,15.587189,11.541382
2014-10-11,9.8524475,16.6185,23.036163,13.264282,10.268036,19.397125,20.723267,8.402008
2014-10-12,7.1221924,18.785522,22.82312,13.385681,11.497742,19.113434,19.966309,7.6289673
2014-10-13,5.9900208,21.132568,18.878052,13.186981,14.100769,21.111969,21.621948,6.943634
2014-10-14,10.564758,16.830414,17.700562,14.354401,13.170532,21.56192,20.327423,6.928467
2014-10-15,8.701141,12.089813,15.536316,14.916443,14.224182,21.34195,16.797302,9.746582
2014-10-16,6.327118,11.253113,15.588013,15.711548,16.099213,13.2308655,12.715179,10.912842
2014-10-17,9.316559,10.526703,16.104675,15.3020935,14.093964,11.466461,13.900482,9.177704
2014-10-18,12.068146,14.842072,16.28772,15.632324,12.321655,9.98526,11.226532,3.7816162
2014-10-19,15.906189,20.319946,16.426636,13.495178,6.3560486,10.060699,6.324188,3.7121582
2014-10-20,14.184967,17.09433,15.673401,13.937256,6.192566,11.643951,7.9941406,4.466095
2014-10-21,9.989075,14.2413025,14.77298,12.81015,8.501282,13.301422,12.329468,6.7012024
2014-10-22,15.20929,11.498993,14.997528,14.0920105,5.6216736,14.549469,16.090485,8.770599
2014-10-23,12.584991,11.555695,17.98407,15.582672,4.975464,15.011139,12.091644,9.76413
2014-10-24,12.802124,14.757233,15.895508,9.742004,9.497009,16.979645,8.096588,11.059143
2014-10-25,11.363861,15.746002,15.116211,7.6396484,11.041626,17.296783,11.506744,11.952484
2014-10-26,13.60788,18.895416,14.800446,8.248505,11.579468,20.079742,11.9097595,7.563568
2014-10-27,10.280273,20.33722,12.884491,8.942047,14.489288,18.795563,6.497406,6.1135864
2014-10-28,7.709015,14.807556,13.306793,9.685425,17.932434,12.486237,4.571533,4.922333
2014-10-29,7.2375793,12.208923,14.684937,8.450928,7.2354126,12.397125,5.217407,8.567261
2014-10-30,5.992462,10.287384,16.107117,11.000824,6.114105,15.7586975,8.4496155,9.276978
2014-10-31,5.9191284,10.908569,18.767426,10.8038025,8.482941,17.314362,10.708069,9.234985
2014-11-01,5.064789,11.614899,17.304474,9.440277,3.694519,18.219147,12.162384,6.1445312
2014-11-02,5.65506,11.201935,14.314545,7.777893,3.321289,9.448395,14.78595,4.215637
2014-11-03,7.0731506,10.679291,15.977142,7.0169983,4.800598,11.431793,15.367554,3.0776062
2014-11-04,2.8279114,14.639374,20.384766,7.274353,6.934784,14.531891,15.452484,2.1934204
2014-11-05,3.4006348,18.609467,13.186523,10.965759,9.946259,17.411774,7.0493774,7.051758
2014-11-06,-1.6918335,15.637909,13.563721,11.54126,6.666321,9.400299,3.5664673,11.08902
2014-11-07,0.15530396,11.434357,15.803436,9.273834,2.1184387,2.9461975,9.584106,6.1629944
2014-11-08,0.41641235,9.806671,16.052063,8.440613,4.719513,7.1109924,5.033661,4.5708313
2014-11-09,1.9612427,13.919128,10.60202,11.656067,6.252777,8.236237,4.231476,3.520691
2014-11-10,2.964508,15.208679,10.75061,15.6432495,8.605652,7.0365295,9.16748,1.283844
2014-11-11,3.6517334,16.453094,12.013367,18.552551,6.78656,5.4442444,17.781494,3.280548
2014-11-12,5.874176,16.729889,11.103455,12.113007,9.083527,3.7079163,16.8284,1.5684814
2014-11-13,5.042938,15.19577,11.369751,11.381439,13.147064,2.5382385,3.0801697,9.388611
2014-11-14,4.6621094,13.5381775,12.758301,9.249176,4.920227,2.0272522,7.062439,6.527527
2014-11-15,2.329193,12.23999,12.80072,9.992004,-0.16827393,2.3590393,4.087799,3.6039429
2014-11-16,4.885437,10.922638,10.689331,9.174927,2.532898,2.919342,6.806244,4.5490723
2014-11-17,4.748474,11.431488,11.392487,11.707092,1.2495422,1.4525452,8.614075,2.671753
2014-11-18,8.844452,9.145721,12.129456,10.553497,1.3189087,3.0108948,-1.2405701,0.2206726
2014-11-19,13.03183,6.2413635,14.729431,13.309998,1.2713318,0.24746704,2.8453064,5.3898926
2014-11-20,7.486603,5.5176697,17.210419,16.133392,3.656311,-1.1394958,-1.2361755,2.7771606
2014-11-21,8.835175,10.092987,12.253937,12.532745,5.855652,-2.0022888,-0.16772461,-0.38589478
2014-11-22,9.991791,10.944946,11.113281,4.6419373,13.157837,-0.6495056,5.260254,-1.7662964
2014-11-23,10.076782,4.485718,12.851288,4.503235,3.4241943,4.558502,5.5811462,-1.6636047
2014-11-24,2.5241394,7.039856,9.721161,4.511078,4.992035,2.412262,10.562775,1.1317444
2014-11-25,1.5760193,7.402252,11.077576,3.2220764,9.387207,-1.8262634,14.887482,2.2095337
2014-11-26,3.5156555,5.8239136,15.086212,4.3813477,1.2420349,-1.9446716,4.8965454,-0.10928345
2014-11-27,1.27005,4.9509583,10.419464,4.970459,0.8658447,3.5523987,4.1799927,1.2136841
2014-11-28,4.3905945,6.632782,9.730316,3.3585205,-0.22433472,12.283844,3.091858,5.7785645
2014-11-29,5.94223,13.711121,12.985504,3.9446106,-0.46343994,3.7394104,3.2243958,2.3495789
2014-11-30,7.338043,9.4027405,14.84256,5.714142,3.4542236,0.20742798,2.273529,-0.14291382
2014-12-01,3.4651184,5.174286,13.869537,11.70224,0.8623352,-0.7749939,1.7668762,-0.019165039
2014-12-02,4.030365,5.7308655,13.924438,11.157959,-1.1881714,-2.351654,9.88327,5.8072205
2014-12-03,6.8869934,1.0568237,10.879547,3.1511536,-0.11633301,-2.5491638,9.545929,0.18347168
2014-12-04,-1.7549438,3.481964,12.427399,4.8419495,-4.1219788,-3.160492,0.21157837,-0.2026062
2014-12-05,-3.4188538,1.4242859,13.214233,3.373932,-7.7303467,-4.0315857,-0.1352539,0.8597412
2014-12-06,-3.2494812,2.5964355,15.551453,2.0837708,-3.5123901,-2.7955017,3.0374146,2.31781
2014-12-07,-1.3488159,3.7390137,12.898315,5.9847107,0.6501465,-2.2774353,1.3869324,0.7581787
2014-12-08,-1.6664429,1.3477478,10.255371,13.407898,-1.4731445,-0.84384155,0.15673828,6.162567
2014-12-09,1.0835571,-0.38616943,9.523529,4.608246,-0.91116333,-0.67684937,1.3814087,4.449402
2014-12-10,11.407928,5.551697,7.080658,2.7224731,2.5405884,-2.134613,1.7197876,2.4194336
2014-12-11,4.6220703,6.8619995,6.2852783,1.3568726,3.1221313,-2.70932,1.9241638,2.034546
2014-12-12,-1.6748962,7.0269165,5.8410034,4.082733,2.476471,-0.7515564,1.0569458,12.524628
2014-12-13,-0.28582764,11.792267,4.9050293,9.7647705,1.1001587,6.5467834,4.286621,3.9180908
2014-12-14,-3.745514,9.062592,5.0047913,11.549408,0.8312378,-0.6175232,-3.0221252,6.3502502
2014-12-15,-1.627533,1.7135315,3.7662964,4.8872375,-0.43841553,-3.0433044,-3.6469116,4.7347717
2014-12-16,1.4490051,1.0153503,6.103058,2.1859741,0.89108276,-2.5940857,-0.2607727,0.2383728
2014-12-17,-8.277924,2.6604614,8.910675,2.5387268,1.4420166,0.23721313,-0.66085815,-1.292572
2014-12-18,-7.3252563,5.970001,9.355225,5.765381,1.094574,1.7743225,1.315979,-3.4324036
2014-12-19,-3.5054016,3.36557,7.440033,3.4493408,-1.0158691,-2.6907654,0.359375,-5.239685
2014-12-20,-3.837555,10.193512,4.156952,6.305664,-5.982086,-4.1321716,3.3805847,6.495697
2014-12-21,-2.3145752,7.955597,3.5708618,3.849762,-0.68655396,-2.771576,3.4115295,-0.6730652
2014-12-22,-2.891388,5.936859,3.7128296,-0.8088074,-2.7850342,-4.5101013,7.542206,0.17251587
2014-12-23,-6.3173523,4.2290344,4.4477234,-1.7435913,-3.990387,-6.0452576,-1.9535522,1.4883118
2014-12-24,-0.58761597,9.120148,5.0832825,-2.5322266,-2.6536255,-4.234955,0.91845703,11.651886
2014-12-25,-4.6063538,5.830597,10.681366,0.34005737,0.24914551,-1.856781,2.469513,-1.3493042
2014-12-26,0.41763306,2.8650818,5.5863647,1.660492,-4.57251,-4.2044373,3.2746887,-2.8863525
2014-12-27,0.61987305,3.3324585,2.389038,3.085205,-4.3448486,-3.2762146,4.864685,-3.5231628
2014-12-28,-2.640442,-0.2361145,5.748169,4.071533,-5.647339,-5.6004333,10.079651,7.048767
2014-12-29,1.4439392,-0.29525757,8.339478,3.1795654,-3.7943726,-4.7659607,10.927582,1.5105896
2014-12-30,11.470917,-2.1950989,12.133423,3.3322449,-1.9078064,-5.484955,5.5174866,0.056884766
2014-12-31,-1.297699,-1.2656555,9.203766,1.9536133,-2.6996155,-10.026459,4.0099487,8.905823
