DATE,t_obs,t_era5
1995-01-01,7.5,5.1
1995-01-02,2.25,2.2
1995-01-03,-2.5,-2.2
1995-01-04,-2.75,-2.1
1995-01-05,-6.1,-6.4
1995-01-06,-1.0999999999999999,-2.4
1995-01-07,6.4,4.3
1995-01-08,1.0999999999999999,-1.2
1995-01-09,1.0999999999999999,-2.1
1995-01-10,-1.3499999999999999,-3.4
1995-01-11,-1.1,-0.4
1995-01-12,2.8,4.9
1995-01-13,10.55,7.8
1995-01-14,13.350000000000001,11.7
1995-01-15,13.6,13.5
1995-01-16,13.05,12.1
1995-01-17,8.899999999999999,9.3
1995-01-18,5.0,5.9
1995-01-19,3.9,4.7
1995-01-20,6.65,6.8
1995-01-21,5.0,4.1
1995-01-22,0.8499999999999999,1.6
1995-01-23,1.1,0.0
1995-01-24,1.65,0.5
1995-01-25,3.0999999999999996,1.0
1995-01-26,2.5,-0.1
1995-01-27,1.4,-0.6
1995-01-28,-2.8,-3.1
1995-01-29,-2.5,-3.2
1995-01-30,1.7000000000000002,-0.6
1995-01-31,1.9499999999999997,0.2
1995-02-01,5.0,2.9
1995-02-02,0.5999999999999996,1.1
1995-02-03,-3.6000000000000005,-4.0
1995-02-04,-0.2999999999999998,-0.8
1995-02-05,-7.8,-8.4
1995-02-06,-10.55,-14.1
1995-02-07,-6.699999999999999,-11.4
1995-02-08,-5.0,-10.2
1995-02-09,-5.0,-8.7
1995-02-10,0.8500000000000001,-3.8
1995-02-11,3.3000000000000003,-0.5
1995-02-12,-6.949999999999999,-10.7
1995-02-13,-6.699999999999999,-11.1
1995-02-14,-2.75,-7.2
1995-02-15,-1.1,-2.6
1995-02-16,4.75,3.3
1995-02-17,4.15,0.6
1995-02-18,5.85,1.7
1995-02-19,6.3999999999999995,2.9
1995-02-20,6.699999999999999,2.8
1995-02-21,3.35,2.1
1995-02-22,1.4,0.2
1995-02-23,5.0,3.0
1995-02-24,2.7500000000000004,3.5
1995-02-25,-0.2999999999999998,-1.3
1995-02-26,-2.2,-2.3
1995-02-27,-1.0999999999999999,-0.5
1995-02-28,3.0999999999999996,4.3
1995-03-01,3.9000000000000004,2.4
1995-03-02,1.6999999999999997,-0.4
1995-03-03,0.55,-1.0
1995-03-04,2.2,1.3
1995-03-05,4.45,2.1
1995-03-06,7.75,5.2
1995-03-07,7.5,6.8
1995-03-08,10.25,12.2
1995-03-09,-1.15,-1.3
1995-03-10,-1.4000000000000001,-3.0
1995-03-11,2.8,0.7
1995-03-12,5.800000000000001,3.3
1995-03-13,12.5,8.1
1995-03-14,11.649999999999999,7.4
1995-03-15,14.149999999999999,8.4
1995-03-16,10.55,8.0
1995-03-17,11.649999999999999,9.2
1995-03-18,9.45,7.2
1995-03-19,8.05,5.0
1995-03-20,8.049999999999999,6.3
1995-03-21,12.5,9.5
1995-03-22,8.35,7.2
1995-03-23,7.8,6.3
1995-03-24,5.3,5.2
1995-03-25,6.95,4.3
1995-03-26,10.0,6.6
1995-03-27,8.9,5.9
1995-03-28,8.35,5.5
1995-03-29,8.85,5.2
1995-03-30,8.1,5.9
1995-03-31,8.05,6.5
1995-04-01,7.800000000000001,5.4
1995-04-02,5.55,4.1
1995-04-03,7.2,4.5
1995-04-04,8.9,8.8
1995-04-05,-0.55,-0.1
1995-04-06,3.6,2.1
1995-04-07,11.100000000000001,8.4
1995-04-08,5.3,4.1
1995-04-09,12.5,8.7
1995-04-10,7.2,5.5
1995-04-11,9.7,6.5
1995-04-12,10.0,10.0
1995-04-13,10.6,12.7
1995-04-14,10.0,8.5
1995-04-15,9.15,7.0
1995-04-16,11.4,8.2
1995-04-17,11.149999999999999,7.5
1995-04-18,14.15,10.8
1995-04-19,17.5,14.7
1995-04-20,16.4,14.2
1995-04-21,12.8,11.6
1995-04-22,17.2,14.6
1995-04-23,12.5,10.6
1995-04-24,11.649999999999999,9.2
1995-04-25,14.200000000000001,10.7
1995-04-26,14.7,11.5
1995-04-27,17.25,13.8
1995-04-28,17.75,15.4
1995-04-29,14.15,12.5
1995-04-30,10.85,9.7
1995-05-01,11.7,9.9
1995-05-02,9.15,8.4
1995-05-03,15.3,12.6
1995-05-04,17.75,13.8
1995-05-05,14.45,12.4
1995-05-06,15.25,12.8
1995-05-07,14.45,11.3
1995-05-08,13.299999999999999,10.8
1995-05-09,16.65,13.2
1995-05-10,12.2,11.2
1995-05-11,11.4,11.9
1995-05-12,14.45,13.4
1995-05-13,17.5,14.8
1995-05-14,14.75,12.7
1995-05-15,16.1,14.2
1995-05-16,18.65,16.1
1995-05-17,15.549999999999999,15.8
1995-05-18,19.15,16.9
1995-05-19,13.3,12.9
1995-05-20,18.6,15.1
1995-05-21,21.1,18.1
1995-05-22,20.25,17.1
1995-05-23,18.3,16.7
1995-05-24,23.9,21.2
1995-05-25,18.05,18.4
1995-05-26,14.45,14.0
1995-05-27,19.15,16.0
1995-05-28,16.4,14.2
1995-05-29,20.55,18.7
1995-05-30,19.45,18.3
1995-05-31,23.35,20.3
1995-06-01,25.0,20.7
1995-06-02,22.25,20.4
1995-06-03,23.6,21.5
1995-06-04,22.75,21.3
1995-06-05,22.75,20.7
1995-06-06,23.35,20.2
1995-06-07,24.450000000000003,21.9
1995-06-08,23.35,23.3
1995-06-09,19.15,19.2
1995-06-10,20.0,18.1
1995-06-11,22.25,19.2
1995-06-12,18.05,18.0
1995-06-13,17.75,17.1
1995-06-14,19.700000000000003,18.5
1995-06-15,21.4,18.9
1995-06-16,23.049999999999997,19.9
1995-06-17,24.75,21.8
1995-06-18,26.1,23.7
1995-06-19,28.049999999999997,26.1
1995-06-20,28.35,27.7
1995-06-21,20.0,19.6
1995-06-22,20.0,18.9
1995-06-23,20.0,19.8
1995-06-24,20.85,19.8
1995-06-25,22.799999999999997,22.0
1995-06-26,23.9,21.9
1995-06-27,18.35,18.1
1995-06-28,17.75,16.7
1995-06-29,20.85,18.8
1995-06-30,23.05,20.8
1995-07-01,23.65,22.1
1995-07-02,22.25,22.0
1995-07-03,21.7,20.6
1995-07-04,23.9,21.9
1995-07-05,24.45,22.6
1995-07-06,24.700000000000003,23.3
1995-07-07,23.9,22.4
1995-07-08,24.45,22.6
1995-07-09,19.700000000000003,20.1
1995-07-10,23.6,21.6
1995-07-11,23.35,20.8
1995-07-12,24.15,21.7
1995-07-13,27.5,25.2
1995-07-14,30.3,28.9
1995-07-15,33.9,30.6
1995-07-16,26.1,25.9
1995-07-17,25.6,24.0
1995-07-18,26.15,25.0
1995-07-19,26.950000000000003,24.7
1995-07-20,26.65,24.3
1995-07-21,26.35,24.1
1995-07-22,26.65,24.4
1995-07-23,26.950000000000003,25.3
1995-07-24,27.799999999999997,25.8
1995-07-25,28.6,26.1
1995-07-26,28.6,26.0
1995-07-27,29.75,27.0
1995-07-28,26.4,26.0
1995-07-29,30.0,26.5
1995-07-30,29.45,26.8
1995-07-31,28.349999999999998,25.1
1995-08-01,28.85,26.2
1995-08-02,30.3,27.8
1995-08-03,28.6,27.9
1995-08-04,30.3,27.8
1995-08-05,27.25,24.7
1995-08-06,21.9,21.5
1995-08-07,22.5,20.8
1995-08-08,22.25,20.0
1995-08-09,23.6,21.2
1995-08-10,24.7,22.0
1995-08-11,26.15,24.1
1995-08-12,28.85,25.7
1995-08-13,28.049999999999997,25.3
1995-08-14,28.299999999999997,25.3
1995-08-15,26.65,24.7
1995-08-16,27.799999999999997,25.9
1995-08-17,28.6,26.7
1995-08-18,28.299999999999997,26.5
1995-08-19,24.15,22.5
1995-08-20,23.35,21.4
1995-08-21,27.8,25.6
1995-08-22,25.25,25.1
1995-08-23,23.35,22.3
1995-08-24,26.4,24.4
1995-08-25,21.95,20.7
1995-08-26,23.05,22.0
1995-08-27,26.950000000000003,23.9
1995-08-28,22.75,21.6
1995-08-29,23.35,21.8
1995-08-30,24.7,22.7
1995-08-31,25.549999999999997,23.4
1995-09-01,26.35,25.4
1995-09-02,23.35,21.9
1995-09-03,22.75,20.7
1995-09-04,23.6,21.2
1995-09-05,25.3,22.8
1995-09-06,24.7,22.6
1995-09-07,26.95,23.8
1995-09-08,21.1,21.2
1995-09-09,21.1,20.5
1995-09-10,19.75,19.0
1995-09-11,17.799999999999997,16.3
1995-09-12,19.700000000000003,18.3
1995-09-13,23.9,22.1
1995-09-14,25.25,23.5
1995-09-15,19.45,18.3
1995-09-16,18.05,16.8
1995-09-17,18.65,18.0
1995-09-18,20.3,17.9
1995-09-19,17.25,15.8
1995-09-20,18.35,16.2
1995-09-21,21.65,18.8
1995-09-22,18.3,19.7
1995-09-23,14.2,14.2
1995-09-24,15.0,13.4
1995-09-25,15.85,14.8
1995-09-26,16.9,15.0
1995-09-27,18.3,16.3
1995-09-28,19.15,16.5
1995-09-29,15.850000000000001,14.1
1995-09-30,15.3,13.8
1995-10-01,16.95,14.1
1995-10-02,21.65,17.5
1995-10-03,21.4,18.4
1995-10-04,21.4,19.6
1995-10-05,20.3,18.1
1995-10-06,23.35,22.3
1995-10-07,15.55,16.8
1995-10-08,17.5,16.5
1995-10-09,15.55,13.6
1995-10-10,17.25,15.0
1995-10-11,19.15,16.5
1995-10-12,20.55,17.4
1995-10-13,22.8,19.0
1995-10-14,19.2,18.2
1995-10-15,13.899999999999999,13.7
1995-10-16,11.4,10.8
1995-10-17,11.7,10.1
1995-10-18,14.149999999999999,11.6
1995-10-19,16.95,13.5
1995-10-20,18.85,16.1
1995-10-21,15.8,16.5
1995-10-22,11.65,11.2
1995-10-23,17.5,13.3
1995-10-24,17.75,15.1
1995-10-25,14.149999999999999,13.6
1995-10-26,11.65,10.4
1995-10-27,14.45,13.0
1995-10-28,16.1,16.2
1995-10-29,10.55,10.4
1995-10-30,9.75,8.0
1995-10-31,11.100000000000001,9.6
1995-11-01,12.25,12.3
1995-11-02,16.700000000000003,16.1
1995-11-03,17.5,16.7
1995-11-04,7.800000000000001,7.5
1995-11-05,4.45,4.0
1995-11-06,6.1,4.3
1995-11-07,7.75,6.2
1995-11-08,5.800000000000001,6.4
1995-11-09,2.5,1.8
1995-11-10,5.85,4.0
1995-11-11,13.899999999999999,12.8
1995-11-12,8.65,5.7
1995-11-13,2.2,2.0
1995-11-14,6.9,5.7
1995-11-15,6.699999999999999,5.8
1995-11-16,3.05,1.6
1995-11-17,3.0500000000000003,1.0
1995-11-18,5.550000000000001,4.3
1995-11-19,6.3500000000000005,5.5
1995-11-20,5.85,3.7
1995-11-21,7.75,6.0
1995-11-22,3.9000000000000004,2.5
1995-11-23,3.35,2.1
1995-11-24,2.8,2.3
1995-11-25,1.65,1.2
1995-11-26,4.45,2.5
1995-11-27,9.45,5.9
1995-11-28,10.55,9.8
1995-11-29,1.0999999999999999,1.3
1995-11-30,-0.8000000000000003,-1.2
1995-12-01,5.85,4.4
1995-12-02,4.75,2.4
1995-12-03,6.1000000000000005,4.3
1995-12-04,6.949999999999999,6.1
1995-12-05,4.75,1.8
1995-12-06,5.85,4.3
1995-12-07,1.95,1.5
1995-12-08,-0.7999999999999999,-1.4
1995-12-09,0.2500000000000001,1.2
1995-12-10,-4.7,-6.3
1995-12-11,-6.9,-7.6
1995-12-12,-6.1,-7.1
1995-12-13,-4.45,-6.0
1995-12-14,-0.8000000000000003,-0.8
1995-12-15,3.35,2.6
1995-12-16,2.8,-0.2
1995-12-17,2.2,-0.5
1995-12-18,1.4,-2.9
1995-12-19,-2.5,-3.7
1995-12-20,-6.4,-6.2
1995-12-21,-4.15,-6.8
1995-12-22,-0.55,-3.7
1995-12-23,0.7999999999999999,-3.8
1995-12-24,-1.0999999999999999,-3.2
1995-12-25,-0.7999999999999999,-5.5
1995-12-26,-2.2,-4.6
1995-12-27,-3.05,-5.2
1995-12-28,-0.55,-4.0
1995-12-29,-0.25,-4.9
1995-12-30,1.4,-5.3
1995-12-31,3.5999999999999996,-1.4
1996-01-01,4.449999999999999,0.2
1996-01-02,0.30000000000000004,0.4
1996-01-03,-4.15,-2.8
1996-01-04,-7.8,-9.4
1996-01-05,-8.3,-11.7
1996-01-06,-11.1,-15.0
1996-01-07,-8.35,-10.9
1996-01-08,-6.95,-7.3
1996-01-09,-5.0,-9.5
1996-01-10,-3.3499999999999996,-7.0
1996-01-11,-6.1,-8.9
1996-01-12,-1.1,-3.1
1996-01-13,0.0,-1.0
1996-01-14,1.9000000000000001,-1.1
1996-01-15,-0.8500000000000001,-0.9
1996-01-16,-3.9000000000000004,-5.0
1996-01-17,3.9,2.8
1996-01-18,5.85,2.7
1996-01-19,5.0,7.9
1996-01-20,-3.3499999999999996,-5.1
1996-01-21,-1.65,-2.3
1996-01-22,1.65,-0.5
1996-01-23,3.3499999999999996,1.9
1996-01-24,8.3,6.9
1996-01-25,1.15,-0.8
1996-01-26,1.6999999999999997,-0.3
1996-01-27,6.3999999999999995,6.9
1996-01-28,0.0,-1.6
1996-01-29,0.55,-1.1
1996-01-30,3.5999999999999996,1.6
1996-01-31,-1.95,-2.3
1996-02-01,-6.65,-6.7
1996-02-02,-5.0,-3.2
1996-02-03,-8.65,-9.8
1996-02-04,-10.8,-14.4
1996-02-05,-11.65,-17.1
1996-02-06,-6.949999999999999,-12.3
1996-02-07,-2.1999999999999997,-6.7
1996-02-08,2.2,1.1
1996-02-09,5.800000000000001,3.4
1996-02-10,5.550000000000001,2.0
1996-02-11,5.800000000000001,4.5
1996-02-12,-3.6,-3.7
1996-02-13,-7.8,-8.6
1996-02-14,-0.2500000000000002,-1.0
1996-02-15,-0.2500000000000001,-1.8
1996-02-16,-3.3499999999999996,-3.7
1996-02-17,-3.05,-5.5
1996-02-18,-2.8,-7.5
1996-02-19,-0.25,-5.5
1996-02-20,6.949999999999999,5.1
1996-02-21,9.45,6.9
1996-02-22,11.4,6.8
1996-02-23,9.2,6.7
1996-02-24,9.7,7.3
1996-02-25,12.5,9.5
1996-02-26,10.3,7.6
1996-02-27,8.6,5.5
1996-02-28,7.5,8.1
1996-02-29,-1.9000000000000001,-0.8
1996-03-01,-2.25,-2.2
1996-03-02,0.0,-0.8
1996-03-03,-2.1999999999999997,-1.4
1996-03-04,-2.75,-3.2
1996-03-05,8.05,4.6
1996-03-06,5.55,4.5
1996-03-07,-1.95,-0.6
1996-03-08,-7.2,-5.8
1996-03-09,-8.05,-10.6
1996-03-10,-4.15,-10.0
1996-03-11,0.8499999999999999,-2.0
1996-03-12,5.0,-1.0
1996-03-13,8.3,2.3
1996-03-14,12.2,6.1
1996-03-15,10.85,7.6
1996-03-16,5.0,3.5
1996-03-17,5.0,1.9
1996-03-18,10.3,6.4
1996-03-19,6.3500000000000005,4.8
1996-03-20,6.3500000000000005,5.7
1996-03-21,6.4,4.5
1996-03-22,3.05,2.4
1996-03-23,3.05,1.3
1996-03-24,6.95,3.9
1996-03-25,10.85,7.5
1996-03-26,9.4,10.3
1996-03-27,1.6999999999999997,1.9
1996-03-28,2.2,0.3
1996-03-29,2.2,0.8
1996-03-30,8.05,2.0
1996-03-31,10.0,6.3
1996-04-01,9.45,5.9
1996-04-02,8.05,6.3
1996-04-03,9.45,6.2
1996-04-04,9.15,6.5
1996-04-05,5.550000000000001,4.2
1996-04-06,6.65,4.3
1996-04-07,3.3499999999999996,2.9
1996-04-08,4.45,3.7
1996-04-09,2.5,1.3
1996-04-10,4.2,3.2
1996-04-11,11.100000000000001,7.4
1996-04-12,19.75,13.0
1996-04-13,9.45,7.9
1996-04-14,8.6,6.5
1996-04-15,7.25,5.1
1996-04-16,10.3,9.3
1996-04-17,7.2,6.8
1996-04-18,12.8,9.3
1996-04-19,13.899999999999999,12.2
1996-04-20,15.850000000000001,15.4
1996-04-21,19.15,18.1
1996-04-22,18.6,14.7
1996-04-23,21.9,19.4
1996-04-24,11.95,10.8
1996-04-25,16.65,13.9
1996-04-26,17.25,16.0
1996-04-27,11.95,11.5
1996-04-28,15.0,11.9
1996-04-29,13.1,12.5
1996-04-30,12.5,14.9
1996-05-01,13.35,11.7
1996-05-02,15.850000000000001,13.2
1996-05-03,12.75,11.7
1996-05-04,13.05,13.2
1996-05-05,16.15,14.7
1996-05-06,9.149999999999999,9.6
1996-05-07,11.7,9.8
1996-05-08,13.05,11.0
1996-05-09,12.8,10.5
1996-05-10,17.2,15.7
1996-05-11,22.75,20.0
1996-05-12,12.2,10.8
1996-05-13,10.25,8.8
1996-05-14,11.95,9.4
1996-05-15,14.45,11.6
1996-05-16,11.1,10.5
1996-05-17,17.2,14.5
1996-05-18,15.3,14.4
1996-05-19,22.25,20.9
1996-05-20,29.450000000000003,25.7
1996-05-21,27.25,24.6
1996-05-22,21.95,19.5
1996-05-23,21.4,19.1
1996-05-24,20.0,18.6
1996-05-25,17.75,15.3
1996-05-26,15.549999999999999,13.6
1996-05-27,13.899999999999999,13.1
1996-05-28,13.899999999999999,12.2
1996-05-29,14.7,12.8
1996-05-30,14.45,12.6
1996-05-31,18.05,15.8
1996-06-01,20.85,18.0
1996-06-02,18.85,16.7
1996-06-03,14.15,13.1
1996-06-04,19.75,18.5
1996-06-05,21.4,19.5
1996-06-06,21.4,19.1
1996-06-07,20.799999999999997,20.1
1996-06-08,24.75,22.4
1996-06-09,23.049999999999997,21.6
1996-06-10,22.5,20.6
1996-06-11,24.15,22.2
1996-06-12,23.049999999999997,21.8
1996-06-13,23.6,22.0
1996-06-14,25.6,23.0
1996-06-15,26.4,23.9
1996-06-16,24.200000000000003,21.9
1996-06-17,23.049999999999997,22.4
1996-06-18,22.8,21.3
1996-06-19,18.05,18.2
1996-06-20,18.35,20.1
1996-06-21,23.3,22.2
1996-06-22,23.05,21.1
1996-06-23,22.8,21.0
1996-06-24,21.950000000000003,20.5
1996-06-25,24.45,22.4
1996-06-26,21.7,19.6
1996-06-27,21.7,19.9
1996-06-28,21.700000000000003,20.6
1996-06-29,21.4,19.7
1996-06-30,17.75,17.5
1996-07-01,22.5,22.1
1996-07-02,23.9,22.3
1996-07-03,20.25,21.0
1996-07-04,19.45,18.4
1996-07-05,22.5,21.0
1996-07-06,24.7,22.3
1996-07-07,25.299999999999997,22.7
1996-07-08,25.0,23.2
1996-07-09,25.85,24.1
1996-07-10,21.950000000000003,20.7
1996-07-11,21.7,20.0
1996-07-12,21.65,20.4
1996-07-13,21.4,20.5
1996-07-14,25.0,23.9
1996-07-15,24.75,23.7
1996-07-16,25.25,24.3
1996-07-17,26.950000000000003,24.5
1996-07-18,27.25,24.9
1996-07-19,25.799999999999997,23.5
1996-07-20,21.35,20.1
1996-07-21,22.2,20.4
1996-07-22,21.1,19.4
1996-07-23,19.450000000000003,20.0
1996-07-24,21.4,21.0
1996-07-25,23.35,22.1
1996-07-26,22.75,21.4
1996-07-27,22.5,21.3
1996-07-28,22.5,21.3
1996-07-29,22.5,21.0
1996-07-30,21.1,19.6
1996-07-31,20.25,19.6
1996-08-01,21.4,21.5
1996-08-02,23.35,22.0
1996-08-03,22.5,21.6
1996-08-04,24.15,21.9
1996-08-05,25.25,23.1
1996-08-06,25.549999999999997,23.9
1996-08-07,24.45,23.1
1996-08-08,24.75,22.7
1996-08-09,23.35,22.6
1996-08-10,24.700000000000003,22.3
1996-08-11,21.65,20.9
1996-08-12,19.45,20.2
1996-08-13,18.35,17.9
1996-08-14,21.95,20.8
1996-08-15,23.299999999999997,21.2
1996-08-16,21.65,20.7
1996-08-17,23.9,21.7
1996-08-18,24.45,22.5
1996-08-19,24.45,22.1
1996-08-20,23.9,21.6
1996-08-21,22.5,22.2
1996-08-22,25.85,23.2
1996-08-23,27.200000000000003,25.1
1996-08-24,25.0,23.4
1996-08-25,24.75,22.3
1996-08-26,25.85,23.3
1996-08-27,24.700000000000003,22.8
1996-08-28,21.9,21.5
1996-08-29,23.85,21.5
1996-08-30,22.8,21.0
1996-08-31,24.15,21.2
1996-09-01,22.5,21.9
1996-09-02,25.85,24.4
1996-09-03,25.55,24.0
1996-09-04,25.549999999999997,22.7
1996-09-05,26.1,23.7
1996-09-06,23.9,21.7
1996-09-07,24.450000000000003,23.0
1996-09-08,23.049999999999997,24.1
1996-09-09,25.3,24.0
1996-09-10,26.65,24.0
1996-09-11,22.25,21.4
1996-09-12,20.549999999999997,19.6
1996-09-13,17.75,18.0
1996-09-14,18.6,17.7
1996-09-15,19.15,17.2
1996-09-16,19.450000000000003,17.2
1996-09-17,15.55,16.0
1996-09-18,15.25,14.7
1996-09-19,18.85,17.0
1996-09-20,18.6,16.8
1996-09-21,19.15,17.7
1996-09-22,16.95,16.8
1996-09-23,15.0,14.9
1996-09-24,13.35,14.2
1996-09-25,15.549999999999999,15.0
1996-09-26,15.0,13.6
1996-09-27,16.65,15.6
1996-09-28,19.15,19.1
1996-09-29,16.9,16.5
1996-09-30,16.950000000000003,15.9
1996-10-01,17.75,16.0
1996-10-02,18.65,16.0
1996-10-03,12.2,13.8
1996-10-04,8.05,7.8
1996-10-05,8.9,8.3
1996-10-06,10.55,10.3
1996-10-07,13.6,12.6
1996-10-08,13.899999999999999,12.3
1996-10-09,15.799999999999999,14.0
1996-10-10,12.25,13.2
1996-10-11,9.149999999999999,8.7
1996-10-12,9.7,8.6
1996-10-13,13.9,11.7
1996-10-14,16.95,15.1
1996-10-15,10.25,9.4
1996-10-16,16.4,13.8
1996-10-17,20.0,16.8
1996-10-18,14.15,13.2
1996-10-19,11.9,12.8
1996-10-20,11.65,10.5
1996-10-21,12.2,11.0
1996-10-22,12.75,11.4
1996-10-23,15.799999999999999,15.0
1996-10-24,15.549999999999999,14.3
1996-10-25,15.25,12.6
1996-10-26,13.850000000000001,11.5
1996-10-27,16.4,13.8
1996-10-28,13.9,14.6
1996-10-29,11.4,10.2
1996-10-30,14.45,13.0
1996-10-31,12.5,11.1
1996-11-01,7.8,7.1
1996-11-02,6.65,5.4
1996-11-03,5.55,4.1
1996-11-04,7.25,5.1
1996-11-05,11.1,8.0
1996-11-06,13.35,10.2
1996-11-07,16.4,15.0
1996-11-08,18.049999999999997,17.3
1996-11-09,12.8,12.3
1996-11-10,6.65,6.6
1996-11-11,3.5999999999999996,3.0
1996-11-12,3.05,2.0
1996-11-13,2.25,0.5
1996-11-14,1.4,0.5
1996-11-15,0.2999999999999998,-1.0
1996-11-16,1.7000000000000002,-0.6
1996-11-17,6.7,2.8
1996-11-18,9.2,4.4
1996-11-19,7.25,6.2
1996-11-20,4.2,1.8
1996-11-21,3.3499999999999996,1.5
1996-11-22,5.0,2.0
1996-11-23,5.0,2.6
1996-11-24,5.800000000000001,3.2
1996-11-25,9.149999999999999,7.0
1996-11-26,7.2,8.8
1996-11-27,-1.4,-0.7
1996-11-28,-2.8,-2.8
1996-11-29,1.1,-0.9
1996-11-30,5.0,2.0
1996-12-01,11.65,10.0
1996-12-02,8.6,8.2
1996-12-03,5.85,2.5
1996-12-04,6.65,4.4
1996-12-05,5.3,2.7
1996-12-06,4.75,3.4
1996-12-07,4.15,3.2
1996-12-08,4.7,2.4
1996-12-09,3.35,-0.2
1996-12-10,3.3499999999999996,0.5
1996-12-11,6.1,2.9
1996-12-12,6.4,5.7
1996-12-13,5.55,5.4
1996-12-14,4.15,3.1
1996-12-15,5.55,3.5
1996-12-16,6.1,5.4
1996-12-17,10.25,9.2
1996-12-18,10.25,8.8
1996-12-19,3.9,4.5
1996-12-20,-3.05,-3.3
1996-12-21,-3.35,-3.9
1996-12-22,0.25,-1.1
1996-12-23,5.0,2.3
1996-12-24,11.95,8.3
1996-12-25,3.05,1.1
1996-12-26,1.9499999999999997,-0.5
1996-12-27,6.1,3.4
1996-12-28,6.949999999999999,4.6
1996-12-29,10.850000000000001,9.6
1996-12-30,6.949999999999999,4.7
1996-12-31,-3.6,-1.3
1997-01-01,-5.85,-6.5
1997-01-02,3.0500000000000003,1.2
1997-01-03,11.399999999999999,7.3
1997-01-04,8.9,4.7
1997-01-05,10.0,9.6
1997-01-06,6.699999999999999,5.0
1997-01-07,-0.2999999999999998,0.1
1997-01-08,-0.2999999999999998,-1.8
1997-01-09,-0.55,-1.2
1997-01-10,2.5,1.5
1997-01-11,-2.8,-3.0
1997-01-12,-5.25,-6.1
1997-01-13,-3.3000000000000003,-4.5
1997-01-14,-2.5,-3.8
1997-01-15,-1.4,-2.9
1997-01-16,1.4,3.0
1997-01-17,-8.05,-9.8
1997-01-18,-11.100000000000001,-12.2
1997-01-19,-11.15,-12.2
1997-01-20,-3.6,-4.7
1997-01-21,0.25,-2.2
1997-01-22,5.3,3.3
1997-01-23,4.449999999999999,5.7
1997-01-24,1.4,-0.5
1997-01-25,6.3999999999999995,6.8
1997-01-26,-1.65,-1.7
1997-01-27,-0.5999999999999996,-3.3
1997-01-28,4.4,3.1
1997-01-29,-2.8,-4.1
1997-01-30,-3.6,-3.8
1997-01-31,1.1,0.2
1997-02-01,6.65,3.6
1997-02-02,5.0,1.4
1997-02-03,5.25,3.1
1997-02-04,2.25,0.4
1997-02-05,6.95,5.4
1997-02-06,3.0999999999999996,1.5
1997-02-07,2.5,0.1
1997-02-08,-0.2999999999999998,-0.7
1997-02-09,-0.2500000000000002,-1.7
1997-02-10,-0.2500000000000001,-2.0
1997-02-11,0.55,-1.0
1997-02-12,1.65,-0.7
1997-02-13,-1.95,-2.0
1997-02-14,2.5,2.1
1997-02-15,4.45,2.8
1997-02-16,-0.25,-1.0
1997-02-17,-1.9499999999999997,-1.8
1997-02-18,6.95,3.5
1997-02-19,14.149999999999999,9.2
1997-02-20,8.049999999999999,4.5
1997-02-21,10.55,8.7
1997-02-22,12.25,13.6
1997-02-23,4.15,3.2
1997-02-24,2.7500000000000004,3.1
1997-02-25,-3.3000000000000003,-2.1
1997-02-26,6.3500000000000005,4.2
1997-02-27,15.25,13.7
1997-02-28,11.399999999999999,7.2
1997-03-01,6.1,4.5
1997-03-02,10.850000000000001,12.1
1997-03-03,3.3499999999999996,2.7
1997-03-04,1.65,1.4
1997-03-05,5.0,2.2
1997-03-06,5.25,5.3
1997-03-07,2.2,0.6
1997-03-08,6.3999999999999995,3.4
1997-03-09,-0.55,-0.6
1997-03-10,6.1499999999999995,4.8
1997-03-11,5.85,4.5
1997-03-12,2.8,1.7
1997-03-13,0.2500000000000002,-0.6
1997-03-14,5.0,3.2
1997-03-15,3.85,3.9
1997-03-16,-1.4,-1.9
1997-03-17,2.8000000000000003,1.2
1997-03-18,6.65,4.8
1997-03-19,2.8,2.0
1997-03-20,5.0,2.7
1997-03-21,5.85,4.2
1997-03-22,6.4,7.6
1997-03-23,0.55,0.4
1997-03-24,2.25,0.5
1997-03-25,6.949999999999999,4.1
1997-03-26,10.55,9.4
1997-03-27,11.65,8.4
1997-03-28,13.350000000000001,9.6
1997-03-29,10.55,11.5
1997-03-30,15.25,13.1
1997-03-31,6.3999999999999995,5.1
1997-04-01,5.3,2.7
1997-04-02,9.45,4.8
1997-04-03,11.4,8.2
1997-04-04,16.65,12.3
1997-04-05,10.8,8.0
1997-04-06,13.05,11.5
1997-04-07,16.95,16.1
1997-04-08,9.4,8.4
1997-04-09,2.25,2.2
1997-04-10,3.6,2.2
1997-04-11,7.199999999999999,4.5
1997-04-12,9.45,7.7
1997-04-13,13.85,13.6
1997-04-14,9.45,7.5
1997-04-15,9.45,6.7
1997-04-16,12.799999999999999,9.5
1997-04-17,10.55,9.2
1997-04-18,4.7,5.1
1997-04-19,7.75,7.0
1997-04-20,10.0,8.5
1997-04-21,10.85,9.2
1997-04-22,12.8,9.8
1997-04-23,13.05,9.7
1997-04-24,10.25,8.5
1997-04-25,12.25,9.8
1997-04-26,14.399999999999999,11.3
1997-04-27,14.7,10.6
1997-04-28,12.8,10.9
1997-04-29,15.8,12.4
1997-04-30,16.95,13.8
1997-05-01,17.2,14.8
1997-05-02,14.15,12.1
1997-05-03,14.15,13.3
1997-05-04,13.6,12.0
1997-05-05,14.15,11.3
1997-05-06,15.25,12.5
1997-05-07,9.7,8.5
1997-05-08,12.25,10.0
1997-05-09,11.95,11.4
1997-05-10,13.3,11.2
1997-05-11,14.450000000000001,12.0
1997-05-12,19.45,15.9
1997-05-13,14.2,13.8
1997-05-14,15.25,13.2
1997-05-15,17.5,16.1
1997-05-16,13.05,12.2
1997-05-17,14.149999999999999,12.4
1997-05-18,13.899999999999999,12.6
1997-05-19,19.7,18.4
1997-05-20,16.65,17.2
1997-05-21,13.35,12.2
1997-05-22,13.05,11.3
1997-05-23,15.85,13.1
1997-05-24,17.75,15.3
1997-05-25,16.65,14.5
1997-05-26,17.200000000000003,15.2
1997-05-27,13.9,11.8
1997-05-28,16.65,13.9
1997-05-29,16.4,13.8
1997-05-30,16.700000000000003,14.2
1997-05-31,19.45,17.2
1997-06-01,20.549999999999997,18.1
1997-06-02,13.899999999999999,13.7
1997-06-03,12.75,12.0
1997-06-04,15.549999999999999,13.9
1997-06-05,16.7,14.5
1997-06-06,15.299999999999999,14.0
1997-06-07,15.0,13.2
1997-06-08,16.65,14.4
1997-06-09,18.9,16.2
1997-06-10,23.9,21.2
1997-06-11,26.15,23.8
1997-06-12,25.799999999999997,23.3
1997-06-13,22.8,20.7
1997-06-14,21.950000000000003,20.4
1997-06-15,19.15,17.5
1997-06-16,18.35,16.4
1997-06-17,18.05,17.5
1997-06-18,18.9,18.1
1997-06-19,23.05,22.4
1997-06-20,23.85,22.9
1997-06-21,27.5,25.4
1997-06-22,28.049999999999997,26.1
1997-06-23,25.3,23.5
1997-06-24,23.299999999999997,22.9
1997-06-25,28.049999999999997,27.0
1997-06-26,26.7,26.9
1997-06-27,24.45,23.8
1997-06-28,24.45,23.0
1997-06-29,26.650000000000002,24.1
1997-06-30,26.4,24.3
1997-07-01,24.200000000000003,23.0
1997-07-02,22.8,22.2
1997-07-03,24.2,24.1
1997-07-04,25.549999999999997,24.8
1997-07-05,22.2,21.6
1997-07-06,23.3,22.1
1997-07-07,23.6,23.3
1997-07-08,24.4,23.6
1997-07-09,25.25,24.7
1997-07-10,22.25,21.9
1997-07-11,23.6,22.3
1997-07-12,25.0,23.8
1997-07-13,27.5,25.9
1997-07-14,29.15,27.4
1997-07-15,30.55,28.6
1997-07-16,26.950000000000003,26.7
1997-07-17,29.75,28.0
1997-07-18,26.4,27.3
1997-07-19,22.75,23.3
1997-07-20,21.1,20.5
1997-07-21,23.6,22.7
1997-07-22,21.95,22.0
1997-07-23,22.2,21.2
1997-07-24,17.2,17.0
1997-07-25,20.85,19.5
1997-07-26,23.6,22.2
1997-07-27,26.35,24.0
1997-07-28,26.7,26.3
1997-07-29,23.6,23.2
1997-07-30,21.95,21.1
1997-07-31,24.15,22.7
1997-08-01,25.55,24.0
1997-08-02,26.1,24.7
1997-08-03,26.95,25.2
1997-08-04,22.5,22.0
1997-08-05,21.7,20.5
1997-08-06,20.6,20.1
1997-08-07,21.95,20.6
1997-08-08,21.95,21.1
1997-08-09,25.3,23.9
1997-08-10,25.549999999999997,23.6
1997-08-11,25.0,23.7
1997-08-12,24.45,23.1
1997-08-13,24.45,22.8
1997-08-14,24.75,22.8
1997-08-15,24.450000000000003,22.5
1997-08-16,28.049999999999997,27.6
1997-08-17,28.049999999999997,26.2
1997-08-18,20.85,21.2
1997-08-19,20.25,20.0
1997-08-20,18.35,18.5
1997-08-21,19.2,18.8
1997-08-22,21.15,20.0
1997-08-23,20.0,18.9
1997-08-24,20.3,19.0
1997-08-25,21.700000000000003,20.3
1997-08-26,22.200000000000003,20.4
1997-08-27,23.049999999999997,20.8
1997-08-28,19.15,20.1
1997-08-29,21.950000000000003,20.5
1997-08-30,21.95,20.6
1997-08-31,23.85,21.4
1997-09-01,23.9,22.0
1997-09-02,24.700000000000003,23.1
1997-09-03,18.6,19.5
1997-09-04,16.1,15.5
1997-09-05,18.049999999999997,17.0
1997-09-06,21.15,18.8
1997-09-07,22.5,20.3
1997-09-08,20.55,19.6
1997-09-09,19.15,18.1
1997-09-10,18.65,18.0
1997-09-11,21.1,19.4
1997-09-12,23.299999999999997,21.0
1997-09-13,21.4,19.8
1997-09-14,21.95,20.1
1997-09-15,21.65,20.5
1997-09-16,23.05,20.6
1997-09-17,20.55,19.5
1997-09-18,23.35,20.9
1997-09-19,22.200000000000003,20.7
1997-09-20,20.85,20.9
1997-09-21,14.75,14.0
1997-09-22,14.45,13.9
1997-09-23,15.55,15.3
1997-09-24,12.8,12.5
1997-09-25,14.149999999999999,13.4
1997-09-26,18.3,16.0
1997-09-27,14.149999999999999,13.8
1997-09-28,17.200000000000003,15.4
1997-09-29,19.45,18.3
1997-09-30,18.9,18.1
1997-10-01,11.65,12.8
1997-10-02,10.6,10.2
1997-10-03,14.75,12.7
1997-10-04,18.05,16.0
1997-10-05,21.1,18.9
1997-10-06,23.299999999999997,20.6
1997-10-07,20.85,18.7
1997-10-08,19.45,16.5
1997-10-09,20.6,18.9
1997-10-10,21.950000000000003,20.7
1997-10-11,15.0,14.8
1997-10-12,15.0,13.2
1997-10-13,16.1,14.7
1997-10-14,17.5,17.0
1997-10-15,14.75,13.2
1997-10-16,11.7,11.6
1997-10-17,11.4,11.5
1997-10-18,12.2,10.8
1997-10-19,11.4,11.3
1997-10-20,12.8,11.9
1997-10-21,10.55,9.8
1997-10-22,8.3,7.6
1997-10-23,6.1,4.8
1997-10-24,10.55,8.1
1997-10-25,8.9,9.1
1997-10-26,6.65,7.2
1997-10-27,12.25,13.2
1997-10-28,7.8,6.8
1997-10-29,8.6,6.5
1997-10-30,12.75,9.0
1997-10-31,13.350000000000001,11.4
1997-11-01,15.85,14.2
1997-11-02,12.200000000000001,13.3
1997-11-03,13.05,10.6
1997-11-04,11.649999999999999,10.5
1997-11-05,8.850000000000001,7.2
1997-11-06,9.75,8.1
1997-11-07,10.55,8.8
1997-11-08,8.6,8.2
1997-11-09,8.3,8.3
1997-11-10,8.899999999999999,8.4
1997-11-11,7.8,6.5
1997-11-12,6.1,3.9
1997-11-13,2.8,2.2
1997-11-14,1.65,1.8
1997-11-15,1.4,1.7
1997-11-16,1.65,1.5
1997-11-17,1.95,0.5
1997-11-18,2.75,0.2
1997-11-19,5.0,1.9
1997-11-20,7.25,3.0
1997-11-21,10.0,5.9
1997-11-22,6.1000000000000005,5.8
1997-11-23,4.699999999999999,4.3
1997-11-24,2.25,1.8
1997-11-25,1.1,0.4
1997-11-26,8.3,5.4
1997-11-27,6.65,4.8
1997-11-28,6.4,3.7
1997-11-29,8.6,5.9
1997-11-30,7.75,4.9
1997-12-01,4.15,3.0
1997-12-02,3.3499999999999996,1.5
1997-12-03,5.6,2.8
1997-12-04,8.05,6.0
1997-12-05,5.55,3.5
1997-12-06,1.4,0.6
1997-12-07,1.95,1.1
1997-12-08,3.9000000000000004,2.4
1997-12-09,2.2,0.2
1997-12-10,3.0999999999999996,1.2
1997-12-11,1.15,0.7
1997-12-12,2.25,1.7
1997-12-13,1.95,-0.3
1997-12-14,1.9499999999999997,-0.4
1997-12-15,1.15,-1.6
1997-12-16,7.199999999999999,1.7
1997-12-17,7.5,2.4
1997-12-18,4.15,0.7
1997-12-19,6.95,3.3
1997-12-20,6.95,3.1
1997-12-21,1.1,-1.1
1997-12-22,-0.8499999999999999,-1.4
1997-12-23,3.35,1.5
1997-12-24,4.15,1.0
1997-12-25,6.4,5.7
1997-12-26,6.9,3.8
1997-12-27,2.8,0.5
1997-12-28,1.65,0.2
1997-12-29,2.2,0.5
1997-12-30,2.5,1.8
1997-12-31,-3.3000000000000003,-3.8
1998-01-01,-5.85,-6.9
1998-01-02,4.45,1.1
1998-01-03,11.7,5.7
1998-01-04,11.7,7.8
1998-01-05,7.8,6.7
1998-01-06,10.55,11.0
1998-01-07,10.0,9.6
1998-01-08,11.95,14.4
1998-01-09,12.75,12.8
1998-01-10,6.9,5.2
1998-01-11,6.95,2.8
1998-01-12,1.95,-0.1
1998-01-13,5.0,4.9
1998-01-14,-2.2,-1.3
1998-01-15,0.5499999999999998,0.2
1998-01-16,2.25,1.8
1998-01-17,1.95,0.8
1998-01-18,1.0999999999999999,0.4
1998-01-19,1.95,0.8
1998-01-20,1.3499999999999999,-0.5
1998-01-21,0.8499999999999999,-0.6
1998-01-22,0.2500000000000001,-1.3
1998-01-23,4.45,3.3
1998-01-24,5.0,4.9
1998-01-25,2.25,0.7
1998-01-26,2.5,-0.4
1998-01-27,1.95,0.4
1998-01-28,1.95,0.8
1998-01-29,5.85,2.2
1998-01-30,5.550000000000001,3.2
1998-01-31,4.15,1.3
1998-02-01,3.6,0.5
1998-02-02,5.55,2.5
1998-02-03,6.65,3.6
1998-02-04,3.65,2.2
1998-02-05,1.6500000000000001,0.6
1998-02-06,3.0500000000000003,1.8
1998-02-07,2.5,0.9
1998-02-08,1.65,0.3
1998-02-09,3.9000000000000004,0.5
1998-02-10,5.85,2.6
1998-02-11,6.4,4.5
1998-02-12,9.45,9.1
1998-02-13,3.6,3.5
1998-02-14,-0.8000000000000003,-1.3
1998-02-15,-3.8500000000000005,-3.5
1998-02-16,1.1,-1.2
1998-02-17,3.6,2.5
1998-02-18,6.1,7.0
1998-02-19,7.25,5.4
1998-02-20,8.05,4.9
1998-02-21,6.65,4.3
1998-02-22,7.5,4.8
1998-02-23,5.0,2.8
1998-02-24,3.35,2.4
1998-02-25,5.85,4.7
1998-02-26,10.0,6.2
1998-02-27,8.3,5.4
1998-02-28,8.649999999999999,6.4
1998-03-01,7.2,6.9
1998-03-02,9.7,5.9
1998-03-03,8.35,5.2
1998-03-04,7.5,4.7
1998-03-05,5.55,3.4
1998-03-06,4.45,3.0
1998-03-07,7.5,5.5
1998-03-08,5.85,4.5
1998-03-09,9.15,10.4
1998-03-10,5.85,5.9
1998-03-11,-3.05,-2.5
1998-03-12,-3.9,-3.9
1998-03-13,-1.1,-1.8
1998-03-14,3.9000000000000004,2.4
1998-03-15,2.8,1.7
1998-03-16,2.25,0.6
1998-03-17,3.6,1.1
1998-03-18,2.8,2.0
1998-03-19,4.699999999999999,2.9
1998-03-20,6.35,4.9
1998-03-21,3.0999999999999996,1.4
1998-03-22,0.55,0.9
1998-03-23,4.15,1.2
1998-03-24,5.25,1.9
1998-03-25,5.55,1.7
1998-03-26,11.899999999999999,8.2
1998-03-27,20.8,16.2
1998-03-28,21.95,17.6
1998-03-29,21.95,18.3
1998-03-30,21.4,16.3
1998-03-31,24.45,19.9
1998-04-01,15.55,17.0
1998-04-02,14.149999999999999,14.4
1998-04-03,11.95,9.9
1998-04-04,6.1,6.5
1998-04-05,6.699999999999999,6.0
1998-04-06,10.0,7.4
1998-04-07,12.75,9.7
1998-04-08,12.5,9.3
1998-04-09,6.4,6.1
1998-04-10,8.05,6.9
1998-04-11,10.85,7.7
1998-04-12,11.4,8.3
1998-04-13,14.15,10.5
1998-04-14,13.600000000000001,10.6
1998-04-15,12.8,10.2
1998-04-16,11.9,11.0
1998-04-17,16.95,15.4
1998-04-18,13.6,12.2
1998-04-19,11.350000000000001,10.0
1998-04-20,11.350000000000001,10.4
1998-04-21,15.0,12.2
1998-04-22,15.3,11.8
1998-04-23,9.7,8.2
1998-04-24,15.3,12.5
1998-04-25,15.549999999999999,12.6
1998-04-26,8.899999999999999,6.8
1998-04-27,9.45,8.1
1998-04-28,11.1,8.8
1998-04-29,15.55,12.1
1998-04-30,18.05,14.0
1998-05-01,15.85,14.1
1998-05-02,16.95,14.8
1998-05-03,15.549999999999999,14.8
1998-05-04,14.75,13.4
1998-05-05,14.75,14.2
1998-05-06,15.85,14.5
1998-05-07,16.35,15.1
1998-05-08,13.05,12.4
1998-05-09,13.9,12.9
1998-05-10,13.05,12.0
1998-05-11,11.95,10.9
1998-05-12,13.6,11.9
1998-05-13,12.25,11.0
1998-05-14,14.7,12.3
1998-05-15,20.549999999999997,16.9
1998-05-16,23.049999999999997,19.7
1998-05-17,16.9,14.4
1998-05-18,20.85,18.7
1998-05-19,23.1,21.7
1998-05-20,20.3,18.8
1998-05-21,20.8,20.0
1998-05-22,16.4,14.6
1998-05-23,17.5,15.9
1998-05-24,20.55,18.4
1998-05-25,17.8,16.4
1998-05-26,20.55,19.3
1998-05-27,20.799999999999997,18.1
1998-05-28,23.85,20.6
1998-05-29,23.6,22.3
1998-05-30,24.15,23.4
1998-05-31,23.35,22.7
1998-06-01,18.9,19.7
1998-06-02,17.25,17.0
1998-06-03,16.65,16.2
1998-06-04,16.15,14.6
1998-06-05,16.4,15.1
1998-06-06,16.95,15.7
1998-06-07,15.799999999999999,14.5
1998-06-08,15.0,14.3
1998-06-09,16.95,15.8
1998-06-10,17.75,16.5
1998-06-11,18.6,15.7
1998-06-12,17.200000000000003,16.5
1998-06-13,19.15,18.5
1998-06-14,18.9,18.5
1998-06-15,19.75,19.0
1998-06-16,23.6,21.7
1998-06-17,22.799999999999997,22.0
1998-06-18,23.35,21.8
1998-06-19,24.15,22.8
1998-06-20,25.85,23.2
1998-06-21,24.15,22.2
1998-06-22,21.1,20.3
1998-06-23,21.4,20.2
1998-06-24,25.0,23.0
1998-06-25,27.200000000000003,25.2
1998-06-26,28.599999999999998,27.1
1998-06-27,24.75,25.0
1998-06-28,21.4,20.7
1998-06-29,21.35,20.8
1998-06-30,23.05,22.8
1998-07-01,21.1,21.0
1998-07-02,22.5,21.2
1998-07-03,24.7,22.8
1998-07-04,24.45,23.5
1998-07-05,23.049999999999997,22.6
1998-07-06,21.700000000000003,20.8
1998-07-07,22.25,20.9
1998-07-08,19.200000000000003,18.6
1998-07-09,22.8,21.1
1998-07-10,23.9,22.5
1998-07-11,21.95,20.8
1998-07-12,23.05,22.1
1998-07-13,24.7,23.8
1998-07-14,25.25,24.4
1998-07-15,25.799999999999997,25.2
1998-07-16,26.35,25.2
1998-07-17,26.35,25.7
1998-07-18,26.4,25.5
1998-07-19,25.85,24.9
1998-07-20,26.950000000000003,26.8
1998-07-21,27.5,26.5
1998-07-22,29.75,28.5
1998-07-23,27.5,27.2
1998-07-24,26.1,25.5
1998-07-25,24.15,23.2
1998-07-26,24.15,23.4
1998-07-27,25.25,23.3
1998-07-28,26.1,24.8
1998-07-29,27.75,26.6
1998-07-30,26.4,25.1
1998-07-31,22.5,21.7
1998-08-01,22.5,21.5
1998-08-02,23.05,22.0
1998-08-03,25.0,22.4
1998-08-04,25.85,23.6
1998-08-05,25.55,23.7
1998-08-06,25.85,23.9
1998-08-07,24.45,22.8
1998-08-08,24.4,22.8
1998-08-09,26.1,23.8
1998-08-10,26.1,24.6
1998-08-11,26.4,25.0
1998-08-12,25.0,23.9
1998-08-13,22.5,21.4
1998-08-14,22.5,21.6
1998-08-15,25.0,22.9
1998-08-16,26.15,24.6
1998-08-17,24.450000000000003,22.9
1998-08-18,24.450000000000003,23.7
1998-08-19,18.9,18.8
1998-08-20,20.25,19.4
1998-08-21,23.35,21.7
1998-08-22,24.15,22.6
1998-08-23,25.549999999999997,23.9
1998-08-24,28.05,27.4
1998-08-25,28.599999999999998,27.1
1998-08-26,26.1,26.2
1998-08-27,25.799999999999997,24.6
1998-08-28,25.3,23.7
1998-08-29,26.15,25.6
1998-08-30,26.4,25.1
1998-08-31,25.0,24.4
1998-09-01,23.35,22.0
1998-09-02,21.4,21.4
1998-09-03,20.6,21.4
1998-09-04,23.35,22.2
1998-09-05,21.95,21.2
1998-09-06,25.8,24.6
1998-09-07,25.0,24.6
1998-09-08,18.85,18.5
1998-09-09,16.1,16.2
1998-09-10,17.5,16.6
1998-09-11,19.75,18.4
1998-09-12,24.450000000000003,22.8
1998-09-13,23.6,21.6
1998-09-14,22.5,21.3
1998-09-15,24.700000000000003,23.4
1998-09-16,25.85,24.5
1998-09-17,22.2,20.8
1998-09-18,20.0,19.2
1998-09-19,21.15,19.8
1998-09-20,22.75,21.4
1998-09-21,24.75,22.9
1998-09-22,20.299999999999997,20.9
1998-09-23,15.0,14.9
1998-09-24,14.7,14.3
1998-09-25,18.65,16.5
1998-09-26,21.4,20.2
1998-09-27,26.15,24.3
1998-09-28,19.45,20.1
1998-09-29,16.7,16.0
1998-09-30,19.2,17.8
1998-10-01,17.5,18.2
1998-10-02,13.899999999999999,12.8
1998-10-03,12.8,11.9
1998-10-04,11.4,12.0
1998-10-05,16.4,14.8
1998-10-06,11.65,11.8
1998-10-07,13.35,12.3
1998-10-08,18.6,17.3
1998-10-09,15.850000000000001,15.4
1998-10-10,15.55,14.0
1998-10-11,18.3,16.3
1998-10-12,15.55,14.8
1998-10-13,14.700000000000001,14.3
1998-10-14,15.299999999999999,14.7
1998-10-15,13.35,12.0
1998-10-16,13.600000000000001,12.0
1998-10-17,14.15,12.1
1998-10-18,18.05,15.7
1998-10-19,18.05,16.6
1998-10-20,15.0,12.5
1998-10-21,10.85,10.1
1998-10-22,8.899999999999999,8.0
1998-10-23,11.399999999999999,9.2
1998-10-24,16.4,13.2
1998-10-25,17.5,13.4
1998-10-26,14.15,12.3
1998-10-27,12.5,11.2
1998-10-28,13.6,12.3
1998-10-29,10.8,10.2
1998-10-30,10.3,8.7
1998-10-31,10.25,8.8
1998-11-01,9.7,9.2
1998-11-02,9.45,8.2
1998-11-03,6.949999999999999,5.8
1998-11-04,6.35,4.5
1998-11-05,6.1,4.7
1998-11-06,5.25,4.8
1998-11-07,6.949999999999999,5.1
1998-11-08,7.75,5.2
1998-11-09,9.45,6.2
1998-11-10,9.15,7.9
1998-11-11,13.05,13.0
1998-11-12,9.45,7.0
1998-11-13,9.45,7.0
1998-11-14,10.8,7.8
1998-11-15,11.950000000000001,9.9
1998-11-16,8.649999999999999,6.0
1998-11-17,8.65,8.2
1998-11-18,6.9,5.8
1998-11-19,7.25,7.1
1998-11-20,12.25,10.1
1998-11-21,7.2,6.3
1998-11-22,5.85,4.1
1998-11-23,9.4,7.2
1998-11-24,10.55,9.8
1998-11-25,6.95,4.6
1998-11-26,9.45,8.3
1998-11-27,7.2,6.2
1998-11-28,10.8,7.1
1998-11-29,12.5,8.3
1998-11-30,12.8,10.0
1998-12-01,12.5,11.2
1998-12-02,12.5,8.4
1998-12-03,16.15,11.2
1998-12-04,19.15,14.4
1998-12-05,14.149999999999999,10.0
1998-12-06,14.45,12.3
1998-12-07,16.95,15.2
1998-12-08,8.6,8.7
1998-12-09,6.4,5.6
1998-12-10,6.9,4.0
1998-12-11,5.800000000000001,4.2
1998-12-12,5.550000000000001,2.4
1998-12-13,6.4,3.9
1998-12-14,3.9,2.4
1998-12-15,5.55,2.0
1998-12-16,7.5,3.5
1998-12-17,5.25,3.2
1998-12-18,2.25,1.0
1998-12-19,6.699999999999999,3.5
1998-12-20,8.9,5.5
1998-12-21,9.45,7.7
1998-12-22,5.8,7.2
1998-12-23,-4.75,-3.7
1998-12-24,-2.5,-2.4
1998-12-25,-1.9000000000000001,-3.2
1998-12-26,-1.3499999999999999,-3.0
1998-12-27,1.1,-1.4
1998-12-28,5.25,1.8
1998-12-29,3.6,1.4
1998-12-30,-2.2,-2.4
1998-12-31,-6.1000000000000005,-5.9
1999-01-01,-6.949999999999999,-5.9
1999-01-02,-8.35,-8.8
1999-01-03,3.0999999999999996,4.2
1999-01-04,-3.35,-4.1
1999-01-05,-5.25,-6.4
1999-01-06,-3.6,-5.5
1999-01-07,-1.95,-2.1
1999-01-08,-1.4,-3.5
1999-01-09,2.25,4.6
1999-01-10,-3.35,-4.3
1999-01-11,-5.3,-6.2
1999-01-12,3.05,2.4
1999-01-13,2.25,2.7
1999-01-14,-7.5,-7.8
1999-01-15,-1.4,2.4
1999-01-16,0.8000000000000003,-1.8
1999-01-17,7.8,2.4
1999-01-18,8.05,5.8
1999-01-19,6.65,2.9
1999-01-20,5.550000000000001,1.7
1999-01-21,5.0,2.1
1999-01-22,4.75,3.8
1999-01-23,8.6,8.1
1999-01-24,10.3,11.1
1999-01-25,3.05,1.3
1999-01-26,2.5,0.3
1999-01-27,5.55,1.3
1999-01-28,4.199999999999999,2.7
1999-01-29,1.6500000000000001,-0.1
1999-01-30,0.0,-1.9
1999-01-31,-3.9,-5.3
1999-02-01,1.7000000000000002,-1.8
1999-02-02,8.850000000000001,5.7
1999-02-03,10.3,7.0
1999-02-04,7.2,4.0
1999-02-05,4.7,2.0
1999-02-06,4.45,0.5
1999-02-07,4.45,1.3
1999-02-08,1.95,0.8
1999-02-09,3.9,0.8
1999-02-10,8.6,3.4
1999-02-11,7.5,2.8
1999-02-12,10.299999999999999,8.9
1999-02-13,2.8,1.3
1999-02-14,-1.95,-3.4
1999-02-15,2.2,-0.9
1999-02-16,8.35,2.7
1999-02-17,6.65,4.5
1999-02-18,4.75,3.6
1999-02-19,3.3499999999999996,2.0
1999-02-20,2.2,1.0
1999-02-21,-0.8499999999999999,-1.1
1999-02-22,-5.85,-5.6
1999-02-23,-5.85,-5.9
1999-02-24,-0.7999999999999999,-1.8
1999-02-25,0.8000000000000003,-1.1
1999-02-26,3.6000000000000005,1.7
1999-02-27,5.3,2.5
1999-02-28,7.5,4.1
1999-03-01,5.3,4.0
1999-03-02,5.25,2.8
1999-03-03,9.45,6.1
1999-03-04,6.1499999999999995,3.9
1999-03-05,2.1999999999999997,1.0
1999-03-06,5.3,3.4
1999-03-07,-1.4,-1.8
1999-03-08,-3.3000000000000003,-5.2
1999-03-09,-2.5,-2.6
1999-03-10,1.4,-0.1
1999-03-11,0.5500000000000003,-0.9
1999-03-12,-0.2500000000000002,-1.3
1999-03-13,3.6,1.6
1999-03-14,3.35,1.5
1999-03-15,2.5,1.0
1999-03-16,5.0,1.8
1999-03-17,11.95,5.6
1999-03-18,13.9,8.7
1999-03-19,5.800000000000001,4.1
1999-03-20,6.1,3.5
1999-03-21,6.1,4.5
1999-03-22,6.949999999999999,6.2
1999-03-23,6.65,5.0
1999-03-24,10.8,8.3
1999-03-25,6.949999999999999,5.7
1999-03-26,5.85,3.3
1999-03-27,7.5,5.0
1999-03-28,7.5,5.7
1999-03-29,13.6,10.3
1999-03-30,12.5,9.2
1999-03-31,16.35,11.3
1999-04-01,14.45,11.3
1999-04-02,13.600000000000001,11.2
1999-04-03,10.25,8.5
1999-04-04,11.95,10.7
1999-04-05,8.05,6.9
1999-04-06,11.95,8.7
1999-04-07,15.850000000000001,12.7
1999-04-08,20.0,14.6
1999-04-09,11.7,8.3
1999-04-10,10.6,8.5
1999-04-11,5.55,4.7
1999-04-12,8.05,6.8
1999-04-13,10.3,7.6
1999-04-14,12.75,9.6
1999-04-15,14.45,11.1
1999-04-16,10.0,8.2
1999-04-17,10.55,8.7
1999-04-18,11.7,9.7
1999-04-19,11.4,9.1
1999-04-20,8.65,6.8
1999-04-21,11.950000000000001,9.5
1999-04-22,12.5,10.2
1999-04-23,10.0,9.7
1999-04-24,10.0,7.9
1999-04-25,11.4,8.9
1999-04-26,16.9,13.0
1999-04-27,12.75,10.6
1999-04-28,13.6,10.2
1999-04-29,14.700000000000001,11.4
1999-04-30,12.75,10.2
1999-05-01,13.6,10.6
1999-05-02,14.7,11.6
1999-05-03,13.649999999999999,12.0
1999-05-04,13.649999999999999,12.7
1999-05-05,17.75,15.3
1999-05-06,16.1,14.0
1999-05-07,13.600000000000001,13.3
1999-05-08,14.7,14.5
1999-05-09,18.05,16.0
1999-05-10,17.5,15.1
1999-05-11,16.4,14.0
1999-05-12,17.5,15.1
1999-05-13,16.15,14.2
1999-05-14,14.45,11.8
1999-05-15,15.55,13.4
1999-05-16,14.7,12.9
1999-05-17,16.1,14.1
1999-05-18,15.549999999999999,15.4
1999-05-19,16.95,16.1
1999-05-20,18.05,16.2
1999-05-21,18.35,16.3
1999-05-22,20.3,17.6
1999-05-23,16.7,15.1
1999-05-24,15.850000000000001,16.4
1999-05-25,16.4,14.9
1999-05-26,18.6,15.9
1999-05-27,17.8,15.4
1999-05-28,20.55,18.0
1999-05-29,24.450000000000003,21.0
1999-05-30,25.0,21.7
1999-05-31,25.85,22.2
1999-06-01,24.7,23.1
1999-06-02,26.35,24.0
1999-06-03,23.85,23.8
1999-06-04,20.85,19.9
1999-06-05,20.6,19.6
1999-06-06,20.6,19.9
1999-06-07,27.75,26.6
1999-06-08,29.15,27.6
1999-06-09,24.200000000000003,23.1
1999-06-10,19.2,18.0
1999-06-11,18.6,18.2
1999-06-12,19.45,19.1
1999-06-13,21.950000000000003,20.8
1999-06-14,22.75,21.6
1999-06-15,23.05,21.6
1999-06-16,18.6,18.4
1999-06-17,16.65,17.2
1999-06-18,18.6,17.7
1999-06-19,20.55,19.0
1999-06-20,19.45,18.4
1999-06-21,17.5,17.5
1999-06-22,21.35,20.8
1999-06-23,25.25,23.3
1999-06-24,25.3,23.1
1999-06-25,23.6,22.3
1999-06-26,27.799999999999997,25.8
1999-06-27,28.05,25.9
1999-06-28,28.349999999999998,26.7
1999-06-29,28.3,25.9
1999-06-30,23.65,22.1
1999-07-01,23.049999999999997,22.8
1999-07-02,26.95,24.9
1999-07-03,26.950000000000003,25.4
1999-07-04,30.85,28.7
1999-07-05,33.05,30.6
1999-07-06,33.3,30.8
1999-07-07,29.45,27.1
1999-07-08,26.4,24.5
1999-07-09,25.299999999999997,23.9
1999-07-10,24.45,26.3
1999-07-11,22.200000000000003,21.7
1999-07-12,21.7,21.2
1999-07-13,21.4,21.1
1999-07-14,21.1,20.5
1999-07-15,24.700000000000003,23.2
1999-07-16,29.450000000000003,27.5
1999-07-17,30.85,28.9
1999-07-18,31.400000000000002,28.9
1999-07-19,30.55,27.8
1999-07-20,25.3,25.0
1999-07-21,24.75,24.1
1999-07-22,25.55,23.2
1999-07-23,27.75,26.2
1999-07-24,31.1,27.6
1999-07-25,30.55,27.7
1999-07-26,28.9,26.8
1999-07-27,29.450000000000003,27.8
1999-07-28,28.9,27.8
1999-07-29,28.6,26.6
1999-07-30,28.049999999999997,26.8
1999-07-31,28.05,26.7
1999-08-01,31.400000000000002,29.5
1999-08-02,26.950000000000003,26.6
1999-08-03,25.6,24.7
1999-08-04,26.1,24.2
1999-08-05,26.1,24.6
1999-08-06,25.55,24.8
1999-08-07,25.55,24.4
1999-08-08,25.0,24.4
1999-08-09,23.05,21.6
1999-08-10,21.7,20.4
1999-08-11,24.75,22.6
1999-08-12,26.950000000000003,24.5
1999-08-13,27.200000000000003,25.7
1999-08-14,25.3,25.0
1999-08-15,23.9,22.0
1999-08-16,24.7,23.3
1999-08-17,26.1,25.0
1999-08-18,26.950000000000003,25.3
1999-08-19,24.200000000000003,22.3
1999-08-20,19.45,19.4
1999-08-21,16.4,17.6
1999-08-22,18.9,18.4
1999-08-23,23.05,21.1
1999-08-24,25.3,22.5
1999-08-25,23.9,22.2
1999-08-26,22.5,21.3
1999-08-27,23.9,22.5
1999-08-28,25.85,23.7
1999-08-29,25.0,24.0
1999-08-30,18.35,18.5
1999-08-31,19.75,18.7
1999-09-01,20.85,19.5
1999-09-02,22.75,21.1
1999-09-03,22.75,21.0
1999-09-04,23.6,21.7
1999-09-05,23.049999999999997,22.1
1999-09-06,25.8,23.1
1999-09-07,24.450000000000003,22.8
1999-09-08,24.7,23.1
1999-09-09,24.75,23.2
1999-09-10,21.95,21.5
1999-09-11,21.65,20.4
1999-09-12,21.65,19.7
1999-09-13,21.4,19.8
1999-09-14,21.1,20.2
1999-09-15,20.549999999999997,19.5
1999-09-16,19.15,19.0
1999-09-17,18.6,16.4
1999-09-18,18.35,16.6
1999-09-19,19.15,17.4
1999-09-20,19.700000000000003,17.6
1999-09-21,16.1,15.5
1999-09-22,12.2,12.0
1999-09-23,15.85,14.9
1999-09-24,20.0,17.1
1999-09-25,19.75,17.9
1999-09-26,16.7,15.2
1999-09-27,18.9,16.9
1999-09-28,22.25,19.1
1999-09-29,21.65,19.5
1999-09-30,17.75,17.7
1999-10-01,16.15,14.8
1999-10-02,17.5,16.3
1999-10-03,20.0,17.9
1999-10-04,15.25,16.8
1999-10-05,10.0,10.2
1999-10-06,12.5,11.6
1999-10-07,7.8,7.7
1999-10-08,11.4,10.9
1999-10-09,17.5,15.5
1999-10-10,17.5,16.1
1999-10-11,17.25,17.3
1999-10-12,14.15,12.1
1999-10-13,16.65,14.5
1999-10-14,12.2,11.9
1999-10-15,9.7,8.7
1999-10-16,15.3,14.0
1999-10-17,17.5,15.6
1999-10-18,11.950000000000001,12.8
1999-10-19,8.649999999999999,8.4
1999-10-20,11.399999999999999,11.1
1999-10-21,10.8,9.8
1999-10-22,12.5,10.3
1999-10-23,10.0,9.3
1999-10-24,9.2,8.4
1999-10-25,9.75,8.5
1999-10-26,13.3,10.9
1999-10-27,11.65,10.3
1999-10-28,8.850000000000001,7.9
1999-10-29,14.75,11.3
1999-10-30,15.25,12.7
1999-10-31,17.5,14.4
1999-11-01,16.1,13.0
1999-11-02,15.799999999999999,14.3
1999-11-03,10.85,10.0
1999-11-04,8.9,5.9
1999-11-05,12.25,8.9
1999-11-06,14.75,11.9
1999-11-07,6.699999999999999,6.2
1999-11-08,5.25,3.9
1999-11-09,11.1,8.7
1999-11-10,18.05,15.1
1999-11-11,10.85,7.5
1999-11-12,5.85,4.9
1999-11-13,10.3,8.9
1999-11-14,11.15,9.5
1999-11-15,5.3,4.7
1999-11-16,2.5,1.8
1999-11-17,3.65,1.8
1999-11-18,5.85,2.7
1999-11-19,11.95,7.8
1999-11-20,16.15,12.0
1999-11-21,14.15,11.7
1999-11-22,12.5,11.2
1999-11-23,14.45,13.0
1999-11-24,16.1,15.1
1999-11-25,11.950000000000001,10.8
1999-11-26,13.3,13.9
1999-11-27,13.35,12.2
1999-11-28,8.05,6.9
1999-11-29,4.7,3.3
1999-11-30,0.8499999999999999,0.7
1999-12-01,-1.95,-2.0
1999-12-02,3.0500000000000003,1.1
1999-12-03,8.850000000000001,4.0
1999-12-04,11.4,7.9
1999-12-05,13.899999999999999,8.8
1999-12-06,13.05,11.2
1999-12-07,6.65,6.9
1999-12-08,5.85,3.3
1999-12-09,8.35,3.7
1999-12-10,9.7,6.6
1999-12-11,4.7,3.4
1999-12-12,4.75,3.5
1999-12-13,5.0,4.3
1999-12-14,5.25,4.0
1999-12-15,7.75,5.9
1999-12-16,6.4,6.2
1999-12-17,3.9000000000000004,2.0
1999-12-18,3.35,1.9
1999-12-19,2.25,1.2
1999-12-20,8.35,6.0
1999-12-21,6.1,6.2
1999-12-22,1.95,1.4
1999-12-23,1.95,-0.5
1999-12-24,-3.3499999999999996,-3.4
1999-12-25,-4.7,-4.7
1999-12-26,-1.1,-2.1
1999-12-27,0.0,-1.4
1999-12-28,-4.2,-3.5
1999-12-29,-0.2999999999999998,-1.9
1999-12-30,5.85,3.0
1999-12-31,3.5999999999999996,0.4
2000-01-01,5.55,1.8
2000-01-02,10.85,6.7
2000-01-03,14.2,11.4
2000-01-04,11.7,12.7
2000-01-05,3.3000000000000003,2.2
2000-01-06,1.6999999999999997,-0.6
2000-01-07,5.55,1.8
2000-01-08,1.0999999999999999,-0.5
2000-01-09,6.699999999999999,3.8
2000-01-10,10.55,6.5
2000-01-11,7.75,6.5
2000-01-12,6.1000000000000005,3.2
2000-01-13,-1.95,-0.8
2000-01-14,-8.1,-8.3
2000-01-15,-4.7,-6.9
2000-01-16,0.8500000000000001,0.5
2000-01-17,-10.0,-11.8
2000-01-18,-11.65,-11.5
2000-01-19,-6.949999999999999,-7.5
2000-01-20,-3.6,-4.5
2000-01-21,-8.6,-10.4
2000-01-22,-10.0,-11.8
2000-01-23,-5.3,-5.9
2000-01-24,0.0,-2.0
2000-01-25,-2.5,-3.3
2000-01-26,-3.0999999999999996,-4.9
2000-01-27,-8.35,-11.0
2000-01-28,-9.2,-12.1
2000-01-29,-3.3000000000000003,-9.6
2000-01-30,-1.9499999999999997,-6.2
2000-01-31,0.7999999999999999,-0.5
2000-02-01,-0.7999999999999999,-4.3
2000-02-02,-3.9,-6.0
2000-02-03,-2.75,-6.0
2000-02-04,-1.4,-2.8
2000-02-05,-0.5499999999999998,-3.3
2000-02-06,0.2999999999999998,-4.2
2000-02-07,1.9499999999999997,-1.5
2000-02-08,-3.9,-7.5
2000-02-09,1.9500000000000002,-2.8
2000-02-10,5.85,1.3
2000-02-11,4.45,2.3
2000-02-12,-2.2,-3.8
2000-02-13,0.55,-0.9
2000-02-14,7.75,6.0
2000-02-15,2.5,0.4
2000-02-16,5.85,3.0
2000-02-17,0.30000000000000004,-2.1
2000-02-18,-0.2500000000000001,-1.1
2000-02-19,-0.85,-0.7
2000-02-20,1.0999999999999999,-1.7
2000-02-21,2.25,-2.7
2000-02-22,5.85,0.5
2000-02-23,8.05,3.5
2000-02-24,13.05,8.2
2000-02-25,9.7,6.6
2000-02-26,5.3,4.8
2000-02-27,9.15,8.2
2000-02-28,8.850000000000001,7.8
2000-02-29,6.949999999999999,4.8
2000-03-01,6.1,3.5
2000-03-02,5.25,4.5
2000-03-03,4.45,2.7
2000-03-04,5.85,3.6
2000-03-05,9.2,4.9
2000-03-06,8.35,4.5
2000-03-07,11.1,7.1
2000-03-08,11.149999999999999,9.0
2000-03-09,15.3,12.6
2000-03-10,11.4,10.7
2000-03-11,5.0,4.9
2000-03-12,5.25,6.4
2000-03-13,4.45,3.1
2000-03-14,7.5,5.0
2000-03-15,11.399999999999999,8.5
2000-03-16,14.45,11.8
2000-03-17,4.75,4.0
2000-03-18,-1.15,-1.5
2000-03-19,2.75,0.8
2000-03-20,4.7,2.9
2000-03-21,4.199999999999999,4.3
2000-03-22,6.949999999999999,5.4
2000-03-23,10.55,6.8
2000-03-24,14.75,10.5
2000-03-25,13.9,10.8
2000-03-26,13.6,12.1
2000-03-27,10.25,9.0
2000-03-28,11.350000000000001,10.8
2000-03-29,9.75,8.2
2000-03-30,10.25,7.4
2000-03-31,8.9,6.6
2000-04-01,11.65,8.4
2000-04-02,15.0,11.0
2000-04-03,15.3,13.9
2000-04-04,13.600000000000001,14.4
2000-04-05,6.95,6.6
2000-04-06,13.05,10.2
2000-04-07,14.45,10.4
2000-04-08,15.85,14.2
2000-04-09,4.45,3.9
2000-04-10,7.75,4.8
2000-04-11,4.15,4.8
2000-04-12,7.2,6.4
2000-04-13,6.3999999999999995,4.3
2000-04-14,8.049999999999999,6.6
2000-04-15,12.75,10.8
2000-04-16,18.049999999999997,16.0
2000-04-17,8.6,8.0
2000-04-18,6.4,5.1
2000-04-19,10.850000000000001,8.5
2000-04-20,13.600000000000001,10.3
2000-04-21,8.05,8.6
2000-04-22,8.35,8.1
2000-04-23,8.05,7.5
2000-04-24,13.9,11.5
2000-04-25,10.8,8.8
2000-04-26,6.65,6.1
2000-04-27,6.949999999999999,6.6
2000-04-28,11.65,8.9
2000-04-29,13.6,11.0
2000-04-30,14.45,11.6
2000-05-01,12.5,11.5
2000-05-02,16.4,13.7
2000-05-03,15.0,11.5
2000-05-04,15.850000000000001,13.4
2000-05-05,22.8,19.4
2000-05-06,25.85,22.2
2000-05-07,25.0,23.8
2000-05-08,26.95,24.0
2000-05-09,28.049999999999997,24.8
2000-05-10,18.1,15.8
2000-05-11,17.2,16.6
2000-05-12,17.25,15.6
2000-05-13,17.5,16.6
2000-05-14,18.05,16.8
2000-05-15,15.0,13.5
2000-05-16,15.850000000000001,13.8
2000-05-17,18.05,15.7
2000-05-18,21.1,19.1
2000-05-19,12.75,12.8
2000-05-20,9.2,9.7
2000-05-21,11.7,11.7
2000-05-22,12.5,12.3
2000-05-23,14.149999999999999,13.8
2000-05-24,19.75,18.1
2000-05-25,19.45,18.2
2000-05-26,19.7,16.8
2000-05-27,16.65,15.4
2000-05-28,16.65,14.9
2000-05-29,15.0,14.1
2000-05-30,13.6,12.7
2000-05-31,15.3,14.2
2000-06-01,22.2,20.4
2000-06-02,26.400000000000002,23.9
2000-06-03,19.700000000000003,19.1
2000-06-04,19.15,16.8
2000-06-05,17.8,15.1
2000-06-06,12.8,12.8
2000-06-07,16.1,14.9
2000-06-08,20.85,18.8
2000-06-09,25.0,22.9
2000-06-10,28.049999999999997,25.2
2000-06-11,27.5,26.4
2000-06-12,17.5,19.6
2000-06-13,14.2,14.7
2000-06-14,13.9,14.6
2000-06-15,18.9,18.8
2000-06-16,24.7,24.3
2000-06-17,26.65,25.2
2000-06-18,19.75,20.4
2000-06-19,20.0,19.3
2000-06-20,22.5,20.7
2000-06-21,23.35,22.1
2000-06-22,24.75,22.7
2000-06-23,24.15,22.0
2000-06-24,23.85,22.2
2000-06-25,26.1,24.7
2000-06-26,27.200000000000003,25.3
2000-06-27,25.85,24.3
2000-06-28,23.049999999999997,21.8
2000-06-29,21.1,20.4
2000-06-30,21.700000000000003,20.4
2000-07-01,23.05,21.2
2000-07-02,25.0,23.0
2000-07-03,25.0,23.4
2000-07-04,25.0,23.8
2000-07-05,25.55,23.7
2000-07-06,21.950000000000003,20.6
2000-07-07,21.65,19.7
2000-07-08,20.25,19.5
2000-07-09,23.05,21.7
2000-07-10,26.7,25.6
2000-07-11,24.15,23.0
2000-07-12,23.6,22.1
2000-07-13,24.4,22.9
2000-07-14,21.950000000000003,21.6
2000-07-15,20.299999999999997,19.5
2000-07-16,22.25,21.3
2000-07-17,23.35,21.7
2000-07-18,25.6,23.7
2000-07-19,18.35,18.3
2000-07-20,21.1,19.1
2000-07-21,21.95,21.0
2000-07-22,22.25,21.5
2000-07-23,21.65,20.5
2000-07-24,22.5,20.7
2000-07-25,20.8,20.4
2000-07-26,18.9,18.3
2000-07-27,19.15,19.5
2000-07-28,20.85,20.1
2000-07-29,20.85,20.4
2000-07-30,21.65,20.6
2000-07-31,21.4,21.6
2000-08-01,21.35,22.2
2000-08-02,25.549999999999997,24.5
2000-08-03,23.9,24.4
2000-08-04,23.65,22.4
2000-08-05,22.5,21.6
2000-08-06,21.9,21.0
2000-08-07,27.5,25.5
2000-08-08,27.5,25.6
2000-08-09,26.950000000000003,25.9
2000-08-10,26.35,24.2
2000-08-11,22.5,22.6
2000-08-12,20.0,20.1
2000-08-13,20.0,19.3
2000-08-14,18.9,18.9
2000-08-15,22.25,20.9
2000-08-16,24.15,21.9
2000-08-17,20.25,19.2
2000-08-18,18.35,17.7
2000-08-19,19.7,18.7
2000-08-20,18.9,18.0
2000-08-21,18.6,17.6
2000-08-22,20.3,19.2
2000-08-23,20.3,19.5
2000-08-24,23.35,21.6
2000-08-25,22.75,21.1
2000-08-26,23.05,21.3
2000-08-27,23.9,22.0
2000-08-28,22.5,21.6
2000-08-29,21.9,21.0
2000-08-30,22.200000000000003,22.1
2000-08-31,25.25,23.4
2000-09-01,25.8,23.7
2000-09-02,26.1,23.7
2000-09-03,25.85,23.6
2000-09-04,21.7,22.4
2000-09-05,15.25,15.5
2000-09-06,16.1,15.1
2000-09-07,16.95,16.3
2000-09-08,19.4,18.3
2000-09-09,23.9,21.7
2000-09-10,23.05,21.5
2000-09-11,22.2,20.8
2000-09-12,24.15,22.0
2000-09-13,22.5,21.8
2000-09-14,20.3,19.3
2000-09-15,18.6,19.4
2000-09-16,15.549999999999999,14.8
2000-09-17,15.850000000000001,14.9
2000-09-18,19.45,18.0
2000-09-19,19.45,18.6
2000-09-20,22.8,21.3
2000-09-21,19.700000000000003,20.3
2000-09-22,16.65,15.6
2000-09-23,17.8,16.5
2000-09-24,19.15,19.4
2000-09-25,13.899999999999999,14.1
2000-09-26,11.1,11.2
2000-09-27,14.15,13.4
2000-09-28,14.399999999999999,13.7
2000-09-29,10.55,10.0
2000-09-30,13.600000000000001,12.9
2000-10-01,16.15,14.1
2000-10-02,16.700000000000003,14.7
2000-10-03,21.1,18.1
2000-10-04,18.05,17.8
2000-10-05,16.1,15.0
2000-10-06,17.5,18.5
2000-10-07,12.200000000000001,12.7
2000-10-08,8.6,8.7
2000-10-09,6.65,6.2
2000-10-10,6.1,5.8
2000-10-11,13.6,11.5
2000-10-12,15.3,12.5
2000-10-13,16.95,14.0
2000-10-14,20.0,16.3
2000-10-15,20.549999999999997,17.9
2000-10-16,14.45,14.2
2000-10-17,11.95,12.3
2000-10-18,13.35,13.8
2000-10-19,13.9,12.4
2000-10-20,13.05,11.3
2000-10-21,17.25,14.2
2000-10-22,13.3,11.7
2000-10-23,10.3,9.4
2000-10-24,14.45,11.3
2000-10-25,17.2,13.7
2000-10-26,16.950000000000003,13.8
2000-10-27,15.85,13.4
2000-10-28,11.149999999999999,11.0
2000-10-29,5.0,4.3
2000-10-30,6.1,4.9
2000-10-31,10.0,7.8
2000-11-01,9.7,8.1
2000-11-02,12.25,9.4
2000-11-03,13.350000000000001,10.6
2000-11-04,15.0,12.7
2000-11-05,9.15,8.3
2000-11-06,9.15,7.1
2000-11-07,8.850000000000001,7.4
2000-11-08,10.85,9.1
2000-11-09,12.8,11.3
2000-11-10,13.6,12.7
2000-11-11,11.350000000000001,10.3
2000-11-12,8.899999999999999,8.7
2000-11-13,8.649999999999999,7.5
2000-11-14,8.3,9.0
2000-11-15,5.550000000000001,4.9
2000-11-16,6.1,4.6
2000-11-17,8.3,7.1
2000-11-18,5.0,3.6
2000-11-19,3.05,1.9
2000-11-20,3.3000000000000003,1.0
2000-11-21,1.6500000000000001,0.5
2000-11-22,-0.5499999999999999,-1.1
2000-11-23,-0.8499999999999999,-1.9
2000-11-24,-1.1,-2.4
2000-11-25,2.2,0.4
2000-11-26,8.05,7.6
2000-11-27,9.2,6.4
2000-11-28,8.05,5.5
2000-11-29,6.65,4.1
2000-11-30,4.449999999999999,3.6
2000-12-01,1.9000000000000001,1.1
2000-12-02,-0.7999999999999999,-1.5
2000-12-03,-1.9499999999999997,-2.8
2000-12-04,1.6500000000000001,-1.5
2000-12-05,3.6,0.6
2000-12-06,-1.95,-2.4
2000-12-07,-0.2500000000000001,-2.1
2000-12-08,-1.4000000000000001,-1.9
2000-12-09,-0.2500000000000001,-2.3
2000-12-10,1.6999999999999997,-0.5
2000-12-11,4.45,1.6
2000-12-12,3.5999999999999996,3.2
2000-12-13,-3.35,-3.2
2000-12-14,4.45,2.3
2000-12-15,1.95,-0.8
2000-12-16,6.949999999999999,3.9
2000-12-17,8.35,11.0
2000-12-18,-0.2999999999999998,-1.3
2000-12-19,1.4,-0.7
2000-12-20,-0.8499999999999999,-1.5
2000-12-21,-2.5,-3.3
2000-12-22,-4.15,-2.3
2000-12-23,-5.55,-6.9
2000-12-24,-2.8,-3.8
2000-12-25,-6.1,-7.4
2000-12-26,-5.55,-7.2
2000-12-27,-3.05,-5.0
2000-12-28,-5.0,-6.2
2000-12-29,-4.7,-5.7
2000-12-30,-2.5,-3.2
2000-12-31,-2.5,-4.8
2001-01-01,-2.5,-7.4
2001-01-02,-5.0,-9.5
2001-01-03,-4.2,-10.6
2001-01-04,-1.4,-8.7
2001-01-05,-1.9000000000000001,-6.4
2001-01-06,1.6500000000000001,-4.0
2001-01-07,2.1999999999999997,-4.2
2001-01-08,2.75,-2.4
2001-01-09,-1.0999999999999999,-2.6
2001-01-10,-2.5,-5.4
2001-01-11,3.3499999999999996,-3.0
2001-01-12,2.25,-3.1
2001-01-13,1.6500000000000001,-3.8
2001-01-14,3.5999999999999996,-1.1
2001-01-15,3.05,0.9
2001-01-16,4.7,2.0
2001-01-17,3.9,-0.6
2001-01-18,1.4,-0.9
2001-01-19,2.8,0.7
2001-01-20,0.8499999999999999,-0.2
2001-01-21,-2.5,-4.8
2001-01-22,-1.6999999999999997,-8.0
2001-01-23,-0.25,-5.8
2001-01-24,2.5,-4.6
2001-01-25,0.0,-2.2
2001-01-26,-1.9499999999999997,-6.0
2001-01-27,1.65,-1.7
2001-01-28,0.5499999999999999,-2.7
2001-01-29,0.0,-2.8
2001-01-30,7.199999999999999,2.1
2001-01-31,6.9,2.7
2001-02-01,6.35,0.8
2001-02-02,2.2,1.0
2001-02-03,-1.3499999999999999,-4.2
2001-02-04,-0.8000000000000003,-2.2
2001-02-05,1.1,-0.4
2001-02-06,4.7,1.4
2001-02-07,3.9000000000000004,-0.5
2001-02-08,2.5,-2.3
2001-02-09,8.3,3.9
2001-02-10,6.65,5.6
2001-02-11,-3.35,-4.3
2001-02-12,-3.6,-5.0
2001-02-13,4.7,2.3
2001-02-14,5.550000000000001,2.4
2001-02-15,5.800000000000001,4.3
2001-02-16,2.75,0.8
2001-02-17,-1.4,-0.7
2001-02-18,-3.9,-4.7
2001-02-19,1.4,-1.2
2001-02-20,8.35,4.7
2001-02-21,2.1999999999999997,1.9
2001-02-22,-6.1000000000000005,-6.4
2001-02-23,-0.8499999999999996,-2.6
2001-02-24,-1.1,-3.8
2001-02-25,6.1499999999999995,4.2
2001-02-26,6.699999999999999,5.7
2001-02-27,4.4,2.5
2001-02-28,-0.5499999999999998,-0.8
2001-03-01,-0.8000000000000003,-1.4
2001-03-02,2.5,1.1
2001-03-03,5.550000000000001,3.0
2001-03-04,0.5499999999999999,0.1
2001-03-05,-1.1,-1.6
2001-03-06,-1.1,-1.2
2001-03-07,3.05,-0.1
2001-03-08,2.2,0.4
2001-03-09,3.3499999999999996,0.6
2001-03-10,4.15,0.2
2001-03-11,6.4,0.8
2001-03-12,3.9000000000000004,0.1
2001-03-13,5.0,4.4
2001-03-14,7.25,4.2
2001-03-15,8.05,5.0
2001-03-16,9.45,5.2
2001-03-17,5.550000000000001,4.1
2001-03-18,4.7,3.6
2001-03-19,6.3999999999999995,3.7
2001-03-20,8.05,4.0
2001-03-21,5.3,4.7
2001-03-22,5.3,4.9
2001-03-23,8.9,6.3
2001-03-24,6.1,5.7
2001-03-25,2.8,1.5
2001-03-26,0.0,-0.2
2001-03-27,0.2999999999999998,-0.7
2001-03-28,4.15,1.8
2001-03-29,5.0,2.8
2001-03-30,4.449999999999999,4.0
2001-03-31,5.800000000000001,4.4
2001-04-01,4.699999999999999,3.8
2001-04-02,6.1,4.8
2001-04-03,7.800000000000001,5.2
2001-04-04,7.75,5.7
2001-04-05,11.4,7.3
2001-04-06,10.25,7.2
2001-04-07,9.149999999999999,7.9
2001-04-08,6.1,7.2
2001-04-09,16.400000000000002,13.6
2001-04-10,12.8,11.7
2001-04-11,9.2,8.6
2001-04-12,10.25,11.4
2001-04-13,16.7,15.1
2001-04-14,13.6,11.1
2001-04-15,14.45,10.4
2001-04-16,12.200000000000001,9.1
2001-04-17,8.9,7.5
2001-04-18,7.75,6.2
2001-04-19,6.95,5.6
2001-04-20,12.5,9.5
2001-04-21,15.55,13.2
2001-04-22,20.85,19.2
2001-04-23,20.85,16.8
2001-04-24,20.85,19.6
2001-04-25,10.55,10.0
2001-04-26,12.75,10.2
2001-04-27,15.0,12.6
2001-04-28,13.600000000000001,11.7
2001-04-29,12.799999999999999,10.5
2001-04-30,17.5,14.3
2001-05-01,23.9,19.5
2001-05-02,25.55,21.7
2001-05-03,26.1,22.8
2001-05-04,27.5,24.0
2001-05-05,20.85,19.6
2001-05-06,13.600000000000001,12.9
2001-05-07,11.649999999999999,10.6
2001-05-08,13.6,12.0
2001-05-09,17.75,15.5
2001-05-10,21.7,19.6
2001-05-11,23.6,21.1
2001-05-12,22.2,21.4
2001-05-13,16.4,15.3
2001-05-14,15.3,14.2
2001-05-15,16.4,15.0
2001-05-16,14.2,13.2
2001-05-17,14.45,12.9
2001-05-18,13.649999999999999,13.5
2001-05-19,20.85,18.2
2001-05-20,15.0,14.0
2001-05-21,12.8,13.0
2001-05-22,13.9,14.1
2001-05-23,14.2,14.4
2001-05-24,15.85,16.0
2001-05-25,12.8,13.9
2001-05-26,14.75,15.3
2001-05-27,17.5,16.2
2001-05-28,18.05,17.6
2001-05-29,19.15,16.7
2001-05-30,15.25,13.8
2001-05-31,15.3,13.5
2001-06-01,15.0,14.2
2001-06-02,18.3,17.9
2001-06-03,19.2,17.8
2001-06-04,18.3,16.7
2001-06-05,19.7,17.7
2001-06-06,21.1,19.0
2001-06-07,20.55,18.6
2001-06-08,21.7,19.7
2001-06-09,21.4,19.8
2001-06-10,21.7,20.2
2001-06-11,22.5,21.6
2001-06-12,23.05,21.6
2001-06-13,23.35,22.8
2001-06-14,24.15,22.8
2001-06-15,24.700000000000003,22.6
2001-06-16,24.700000000000003,23.1
2001-06-17,21.65,20.9
2001-06-18,24.15,22.3
2001-06-19,25.55,23.2
2001-06-20,25.85,24.4
2001-06-21,21.1,21.5
2001-06-22,22.75,21.9
2001-06-23,22.8,22.0
2001-06-24,20.85,21.2
2001-06-25,23.05,22.1
2001-06-26,25.55,23.7
2001-06-27,27.25,25.5
2001-06-28,28.349999999999998,26.2
2001-06-29,25.55,24.1
2001-06-30,28.349999999999998,26.9
2001-07-01,23.65,25.3
2001-07-02,18.05,17.7
2001-07-03,19.4,20.0
2001-07-04,22.5,21.7
2001-07-05,23.85,22.9
2001-07-06,19.15,19.3
2001-07-07,21.4,20.5
2001-07-08,20.3,21.1
2001-07-09,25.6,24.1
2001-07-10,26.4,24.9
2001-07-11,23.299999999999997,22.5
2001-07-12,21.700000000000003,20.6
2001-07-13,20.85,19.5
2001-07-14,21.65,20.6
2001-07-15,22.2,21.8
2001-07-16,24.15,23.2
2001-07-17,25.0,23.9
2001-07-18,23.35,21.8
2001-07-19,21.35,21.1
2001-07-20,21.95,21.3
2001-07-21,24.15,22.7
2001-07-22,24.15,23.1
2001-07-23,25.85,24.8
2001-07-24,28.299999999999997,27.8
2001-07-25,29.7,29.5
2001-07-26,22.25,22.0
2001-07-27,20.549999999999997,19.6
2001-07-28,21.95,20.2
2001-07-29,21.95,19.9
2001-07-30,20.799999999999997,20.4
2001-07-31,23.049999999999997,21.4
2001-08-01,26.400000000000002,23.9
2001-08-02,27.5,25.9
2001-08-03,26.1,25.6
2001-08-04,25.799999999999997,24.3
2001-08-05,26.650000000000002,24.0
2001-08-06,29.15,26.8
2001-08-07,31.400000000000002,28.9
2001-08-08,31.650000000000002,29.7
2001-08-09,33.6,30.5
2001-08-10,30.0,29.3
2001-08-11,22.8,24.9
2001-08-12,23.299999999999997,23.2
2001-08-13,25.549999999999997,23.8
2001-08-14,23.9,23.6
2001-08-15,23.85,22.7
2001-08-16,24.4,22.6
2001-08-17,26.4,24.8
2001-08-18,25.25,24.2
2001-08-19,25.549999999999997,24.2
2001-08-20,25.799999999999997,23.9
2001-08-21,25.299999999999997,23.3
2001-08-22,25.55,23.9
2001-08-23,24.15,22.5
2001-08-24,23.85,22.2
2001-08-25,22.200000000000003,21.0
2001-08-26,22.2,21.5
2001-08-27,26.15,23.1
2001-08-28,26.15,24.0
2001-08-29,24.4,22.6
2001-08-30,23.35,21.9
2001-08-31,25.55,23.9
2001-09-01,22.5,22.1
2001-09-02,19.15,18.0
2001-09-03,21.1,19.2
2001-09-04,22.25,20.8
2001-09-05,21.4,19.9
2001-09-06,20.85,19.1
2001-09-07,23.85,21.3
2001-09-08,23.6,22.2
2001-09-09,24.450000000000003,22.5
2001-09-10,25.0,23.0
2001-09-11,22.2,21.1
2001-09-12,20.85,19.9
2001-09-13,23.6,21.7
2001-09-14,15.85,14.0
2001-09-15,15.85,14.8
2001-09-16,16.95,16.0
2001-09-17,19.15,17.5
2001-09-18,20.3,18.4
2001-09-19,20.85,18.8
2001-09-20,20.0,19.4
2001-09-21,20.85,19.8
2001-09-22,22.5,20.7
2001-09-23,21.4,19.7
2001-09-24,21.65,20.8
2001-09-25,18.05,19.5
2001-09-26,13.9,13.8
2001-09-27,15.299999999999999,13.5
2001-09-28,14.7,12.9
2001-09-29,14.75,13.2
2001-09-30,11.4,10.6
2001-10-01,11.65,10.6
2001-10-02,16.95,15.2
2001-10-03,21.65,17.7
2001-10-04,22.2,19.3
2001-10-05,21.65,18.8
2001-10-06,16.1,16.1
2001-10-07,10.0,10.0
2001-10-08,7.8,7.4
2001-10-09,10.0,9.2
2001-10-10,14.149999999999999,12.1
2001-10-11,18.05,15.1
2001-10-12,19.45,16.1
2001-10-13,20.0,16.9
2001-10-14,16.65,15.1
2001-10-15,16.950000000000003,16.2
2001-10-16,15.0,13.8
2001-10-17,11.350000000000001,10.6
2001-10-18,9.45,8.6
2001-10-19,12.2,10.0
2001-10-20,16.4,12.9
2001-10-21,17.75,14.7
2001-10-22,18.3,16.2
2001-10-23,16.1,16.1
2001-10-24,21.950000000000003,19.3
2001-10-25,18.9,18.3
2001-10-26,10.25,11.1
2001-10-27,8.35,7.1
2001-10-28,6.949999999999999,6.0
2001-10-29,8.35,7.1
2001-10-30,12.200000000000001,9.9
2001-10-31,9.7,8.4
2001-11-01,15.55,13.0
2001-11-02,18.9,16.5
2001-11-03,16.15,16.2
2001-11-04,12.5,11.0
2001-11-05,8.35,7.7
2001-11-06,9.2,7.5
2001-11-07,13.05,11.1
2001-11-08,9.7,8.5
2001-11-09,9.45,8.5
2001-11-10,10.85,7.8
2001-11-11,7.25,6.4
2001-11-12,5.25,3.4
2001-11-13,7.25,5.0
2001-11-14,10.6,7.3
2001-11-15,15.0,11.2
2001-11-16,16.7,13.7
2001-11-17,8.899999999999999,7.4
2001-11-18,10.25,7.0
2001-11-19,11.65,9.0
2001-11-20,9.15,8.4
2001-11-21,4.45,3.2
2001-11-22,8.05,5.1
2001-11-23,10.55,7.9
2001-11-24,13.05,11.1
2001-11-25,16.1,14.7
2001-11-26,13.649999999999999,11.7
2001-11-27,10.85,8.7
2001-11-28,15.0,12.3
2001-11-29,11.100000000000001,11.3
2001-11-30,16.35,15.5
2001-12-01,15.850000000000001,15.3
2001-12-02,9.75,8.5
2001-12-03,9.7,7.7
2001-12-04,13.05,8.7
2001-12-05,16.950000000000003,12.7
2001-12-06,18.05,14.4
2001-12-07,12.5,11.6
2001-12-08,6.1,4.5
2001-12-09,3.6,3.7
2001-12-10,5.25,3.3
2001-12-11,9.75,6.7
2001-12-12,6.3500000000000005,5.5
2001-12-13,9.7,10.2
2001-12-14,14.45,11.4
2001-12-15,9.45,7.3
2001-12-16,2.8,2.1
2001-12-17,7.25,5.6
2001-12-18,10.25,8.1
2001-12-19,7.8,5.6
2001-12-20,5.85,3.9
2001-12-21,3.05,2.6
2001-12-22,2.75,0.9
2001-12-23,5.0,3.2
2001-12-24,5.85,5.2
2001-12-25,1.0999999999999999,0.1
2001-12-26,0.7999999999999999,-0.1
2001-12-27,-1.0999999999999999,-2.2
2001-12-28,0.8500000000000001,-0.6
2001-12-29,1.35,-0.3
2001-12-30,-2.8,-2.6
2001-12-31,-3.65,-3.6
2002-01-01,-2.1999999999999997,-2.9
2002-01-02,-1.1,-2.5
2002-01-03,-0.7999999999999999,-1.9
2002-01-04,1.1,-1.1
2002-01-05,3.05,0.6
2002-01-06,3.3499999999999996,0.2
2002-01-07,-0.25,0.3
2002-01-08,-1.9499999999999997,-4.3
2002-01-09,2.5,-0.9
2002-01-10,7.75,3.2
2002-01-11,6.9,2.9
2002-01-12,5.85,2.0
2002-01-13,4.75,2.3
2002-01-14,3.9000000000000004,1.1
2002-01-15,6.1,2.8
2002-01-16,3.9,1.5
2002-01-17,5.0,2.4
2002-01-18,0.7999999999999999,-0.5
2002-01-19,-1.95,-2.6
2002-01-20,0.0,-2.9
2002-01-21,2.5,-0.5
2002-01-22,5.550000000000001,0.3
2002-01-23,7.25,3.7
2002-01-24,8.6,6.7
2002-01-25,6.1000000000000005,3.8
2002-01-26,8.05,4.4
2002-01-27,10.85,4.8
2002-01-28,11.7,6.1
2002-01-29,15.3,10.3
2002-01-30,10.55,11.2
2002-01-31,3.6,3.4
2002-02-01,8.05,7.2
2002-02-02,1.35,0.2
2002-02-03,2.75,0.1
2002-02-04,1.0999999999999999,0.4
2002-02-05,-3.3000000000000003,-3.4
2002-02-06,2.5,0.4
2002-02-07,5.3,1.6
2002-02-08,7.25,3.5
2002-02-09,5.25,2.3
2002-02-10,8.05,5.6
2002-02-11,4.2,3.6
2002-02-12,1.1,0.2
2002-02-13,0.2999999999999998,0.0
2002-02-14,-1.0999999999999999,-2.0
2002-02-15,5.0,2.0
2002-02-16,10.0,5.4
2002-02-17,5.25,3.6
2002-02-18,3.05,1.2
2002-02-19,5.55,2.9
2002-02-20,9.7,6.7
2002-02-21,13.6,11.2
2002-02-22,8.35,5.5
2002-02-23,4.45,2.8
2002-02-24,3.8500000000000005,1.8
2002-02-25,7.199999999999999,4.3
2002-02-26,10.0,8.0
2002-02-27,4.15,3.6
2002-02-28,0.5500000000000003,-0.1
2002-03-01,3.0500000000000003,1.0
2002-03-02,5.800000000000001,3.8
2002-03-03,11.65,11.1
2002-03-04,1.6500000000000001,1.8
2002-03-05,-2.75,-2.9
2002-03-06,7.8,4.4
2002-03-07,12.5,8.7
2002-03-08,7.8,6.8
2002-03-09,12.2,12.0
2002-03-10,6.95,5.9
2002-03-11,1.1,0.6
2002-03-12,6.65,3.8
2002-03-13,5.800000000000001,4.3
2002-03-14,12.75,9.5
2002-03-15,12.5,11.4
2002-03-16,10.3,10.6
2002-03-17,1.95,2.2
2002-03-18,2.25,2.3
2002-03-19,5.550000000000001,4.5
2002-03-20,4.699999999999999,3.7
2002-03-21,5.800000000000001,5.8
2002-03-22,-2.5,-2.3
2002-03-23,2.8000000000000003,1.3
2002-03-24,8.05,5.3
2002-03-25,6.1,4.2
2002-03-26,5.0,4.4
2002-03-27,7.5,8.1
2002-03-28,7.5,5.4
2002-03-29,10.55,7.0
2002-03-30,15.8,13.3
2002-03-31,12.200000000000001,9.9
2002-04-01,11.4,9.8
2002-04-02,8.6,7.5
2002-04-03,15.3,13.1
2002-04-04,6.699999999999999,5.7
2002-04-05,3.6,2.7
2002-04-06,3.8500000000000005,2.7
2002-04-07,3.9000000000000004,2.9
2002-04-08,10.0,8.3
2002-04-09,17.75,15.6
2002-04-10,14.149999999999999,12.9
2002-04-11,11.7,9.0
2002-04-12,10.3,8.6
2002-04-13,17.8,15.4
2002-04-14,18.6,16.1
2002-04-15,21.4,19.3
2002-04-16,26.95,22.2
2002-04-17,29.450000000000003,24.3
2002-04-18,28.599999999999998,24.2
2002-04-19,24.45,21.8
2002-04-20,16.4,17.0
2002-04-21,11.65,11.1
2002-04-22,9.2,9.0
2002-04-23,8.6,7.0
2002-04-24,10.55,8.7
2002-04-25,8.6,7.9
2002-04-26,10.6,8.3
2002-04-27,11.100000000000001,9.3
2002-04-28,11.100000000000001,12.2
2002-04-29,9.149999999999999,10.5
2002-04-30,10.3,8.8
2002-05-01,13.35,11.2
2002-05-02,11.65,12.5
2002-05-03,12.5,12.0
2002-05-04,13.9,11.2
2002-05-05,16.15,13.6
2002-05-06,17.799999999999997,15.4
2002-05-07,20.3,18.3
2002-05-08,17.5,16.5
2002-05-09,11.350000000000001,11.7
2002-05-10,18.049999999999997,17.0
2002-05-11,16.4,14.0
2002-05-12,13.05,14.1
2002-05-13,10.55,11.6
2002-05-14,12.8,11.6
2002-05-15,14.45,12.6
2002-05-16,19.45,17.1
2002-05-17,19.450000000000003,19.1
2002-05-18,9.45,8.9
2002-05-19,10.0,9.1
2002-05-20,10.25,9.0
2002-05-21,11.149999999999999,9.2
2002-05-22,13.9,11.8
2002-05-23,16.65,14.2
2002-05-24,20.8,18.5
2002-05-25,17.5,15.1
2002-05-26,16.950000000000003,15.5
2002-05-27,20.0,17.4
2002-05-28,21.1,18.5
2002-05-29,21.700000000000003,18.9
2002-05-30,21.4,19.1
2002-05-31,24.15,22.1
2002-06-01,23.6,22.9
2002-06-02,21.15,20.2
2002-06-03,18.3,16.9
2002-06-04,18.9,17.7
2002-06-05,23.85,23.1
2002-06-06,20.0,20.9
2002-06-07,16.65,16.0
2002-06-08,16.7,15.6
2002-06-09,20.8,19.3
2002-06-10,22.5,20.6
2002-06-11,24.75,23.4
2002-06-12,22.5,24.2
2002-06-13,16.4,16.5
2002-06-14,15.25,14.5
2002-06-15,15.0,14.9
2002-06-16,19.7,18.7
2002-06-17,20.0,19.0
2002-06-18,20.0,19.1
2002-06-19,21.4,20.2
2002-06-20,22.2,20.0
2002-06-21,22.75,20.7
2002-06-22,25.0,23.3
2002-06-23,25.85,25.1
2002-06-24,27.5,26.1
2002-06-25,25.8,24.7
2002-06-26,28.599999999999998,26.7
2002-06-27,26.4,26.7
2002-06-28,25.0,24.2
2002-06-29,25.0,24.8
2002-06-30,25.85,25.0
2002-07-01,26.4,26.0
2002-07-02,29.45,28.8
2002-07-03,31.4,30.3
2002-07-04,31.4,30.5
2002-07-05,25.3,25.7
2002-07-06,23.35,23.3
2002-07-07,25.3,25.2
2002-07-08,26.650000000000002,26.6
2002-07-09,28.85,27.5
2002-07-10,24.15,24.1
2002-07-11,20.85,20.5
2002-07-12,21.95,21.4
2002-07-13,23.05,22.6
2002-07-14,24.450000000000003,23.5
2002-07-15,26.95,26.2
2002-07-16,26.1,25.7
2002-07-17,25.85,26.7
2002-07-18,30.55,28.9
2002-07-19,26.4,26.6
2002-07-20,25.0,24.8
2002-07-21,24.45,23.8
2002-07-22,27.25,26.7
2002-07-23,28.299999999999997,27.8
2002-07-24,23.049999999999997,21.9
2002-07-25,21.700000000000003,20.7
2002-07-26,19.75,18.9
2002-07-27,21.4,20.9
2002-07-28,25.299999999999997,24.5
2002-07-29,30.85,28.8
2002-07-30,30.85,28.9
2002-07-31,29.15,27.8
2002-08-01,30.0,28.4
2002-08-02,28.6,28.4
2002-08-03,26.650000000000002,26.3
2002-08-04,29.15,27.7
2002-08-05,29.2,27.5
2002-08-06,22.5,22.4
2002-08-07,21.4,20.6
2002-08-08,22.8,22.1
2002-08-09,24.15,22.6
2002-08-10,25.85,23.9
2002-08-11,27.2,25.5
2002-08-12,29.200000000000003,27.4
2002-08-13,31.700000000000003,29.5
2002-08-14,30.3,29.0
2002-08-15,28.599999999999998,27.5
2002-08-16,28.6,27.5
2002-08-17,28.85,27.3
2002-08-18,30.0,28.7
2002-08-19,29.15,28.0
2002-08-20,23.35,24.0
2002-08-21,24.45,23.1
2002-08-22,25.0,23.9
2002-08-23,22.25,23.8
2002-08-24,20.549999999999997,21.3
2002-08-25,23.049999999999997,22.6
2002-08-26,23.85,22.8
2002-08-27,24.4,23.6
2002-08-28,20.799999999999997,21.1
2002-08-29,16.95,16.5
2002-08-30,18.9,17.5
2002-08-31,19.7,18.7
2002-09-01,16.65,16.7
2002-09-02,18.05,18.1
2002-09-03,22.5,21.5
2002-09-04,26.15,24.0
2002-09-05,22.5,21.3
2002-09-06,20.0,19.4
2002-09-07,22.5,20.5
2002-09-08,23.049999999999997,21.1
2002-09-09,25.549999999999997,23.3
2002-09-10,27.200000000000003,23.5
2002-09-11,20.85,20.6
2002-09-12,17.8,17.3
2002-09-13,22.200000000000003,20.0
2002-09-14,23.049999999999997,21.9
2002-09-15,23.6,22.7
2002-09-16,23.049999999999997,22.4
2002-09-17,21.4,20.9
2002-09-18,21.15,19.5
2002-09-19,21.15,19.8
2002-09-20,22.5,20.6
2002-09-21,24.200000000000003,22.5
2002-09-22,24.45,22.7
2002-09-23,20.549999999999997,21.3
2002-09-24,19.4,19.5
2002-09-25,18.9,18.4
2002-09-26,16.1,16.1
2002-09-27,18.85,18.2
2002-09-28,19.45,19.9
2002-09-29,16.4,15.8
2002-09-30,18.05,17.1
2002-10-01,20.85,19.3
2002-10-02,23.9,22.2
2002-10-03,21.65,21.6
2002-10-04,18.6,18.3
2002-10-05,21.950000000000003,22.5
2002-10-06,16.35,16.0
2002-10-07,19.15,18.7
2002-10-08,13.05,13.2
2002-10-09,13.9,14.2
2002-10-10,15.0,15.3
2002-10-11,14.45,14.6
2002-10-12,15.0,14.8
2002-10-13,14.450000000000001,15.0
2002-10-14,10.3,11.3
2002-10-15,9.45,9.8
2002-10-16,12.5,11.2
2002-10-17,11.95,11.3
2002-10-18,10.55,9.8
2002-10-19,13.05,11.8
2002-10-20,12.2,11.1
2002-10-21,10.55,9.0
2002-10-22,8.850000000000001,8.2
2002-10-23,8.6,8.3
2002-10-24,5.800000000000001,5.8
2002-10-25,8.6,8.0
2002-10-26,11.65,11.4
2002-10-27,11.7,10.7
2002-10-28,8.649999999999999,7.8
2002-10-29,5.55,5.1
2002-10-30,4.75,3.7
2002-10-31,6.4,4.9
2002-11-01,7.25,4.9
2002-11-02,4.15,2.7
2002-11-03,5.550000000000001,3.6
2002-11-04,7.8,6.0
2002-11-05,6.95,5.6
2002-11-06,8.05,8.2
2002-11-07,5.550000000000001,4.7
2002-11-08,9.45,6.8
2002-11-09,12.5,9.8
2002-11-10,16.65,14.6
2002-11-11,17.8,16.8
2002-11-12,12.75,10.2
2002-11-13,8.05,8.1
2002-11-14,8.850000000000001,7.1
2002-11-15,12.5,9.4
2002-11-16,7.75,6.2
2002-11-17,4.699999999999999,5.0
2002-11-18,5.800000000000001,4.8
2002-11-19,6.4,4.7
2002-11-20,10.0,6.2
2002-11-21,10.3,6.9
2002-11-22,8.649999999999999,7.9
2002-11-23,4.449999999999999,3.4
2002-11-24,6.65,4.5
2002-11-25,10.3,6.7
2002-11-26,6.65,5.1
2002-11-27,0.8000000000000003,1.5
2002-11-28,-1.35,-1.9
2002-11-29,1.4,0.2
2002-11-30,7.2,5.1
2002-12-01,1.65,-0.2
2002-12-02,1.1,0.3
2002-12-03,-2.2,-4.4
2002-12-04,-3.35,-4.1
2002-12-05,-1.95,-2.7
2002-12-06,-0.2500000000000001,-4.3
2002-12-07,-0.8499999999999999,-6.9
2002-12-08,3.05,-2.1
2002-12-09,-4.15,-6.6
2002-12-10,-0.8499999999999999,-3.2
2002-12-11,1.95,-1.0
2002-12-12,5.550000000000001,2.2
2002-12-13,4.45,1.0
2002-12-14,5.800000000000001,5.6
2002-12-15,6.4,3.7
2002-12-16,1.9500000000000002,2.1
2002-12-17,-2.5,-2.7
2002-12-18,-0.8499999999999999,-2.7
2002-12-19,4.45,1.3
2002-12-20,10.3,9.2
2002-12-21,5.55,2.9
2002-12-22,7.8,3.6
2002-12-23,5.25,3.0
2002-12-24,2.75,0.8
2002-12-25,1.0999999999999999,1.1
2002-12-26,0.5499999999999999,-0.9
2002-12-27,1.65,-2.4
2002-12-28,0.5499999999999999,-2.9
2002-12-29,3.3499999999999996,-1.4
2002-12-30,3.05,-1.3
2002-12-31,7.8,4.6
2003-01-01,6.1,4.1
2003-01-02,0.5499999999999999,0.4
2003-01-03,-0.29999999999999993,0.1
2003-01-04,0.8,-0.1
2003-01-05,1.1,-2.6
2003-01-06,0.0,-1.2
2003-01-07,-2.2,-4.1
2003-01-08,1.65,-0.1
2003-01-09,6.65,3.3
2003-01-10,4.15,-1.3
2003-01-11,-1.95,-4.9
2003-01-12,-1.65,-4.7
2003-01-13,0.2500000000000002,-4.6
2003-01-14,-4.45,-6.3
2003-01-15,-3.3499999999999996,-6.4
2003-01-16,-4.45,-6.8
2003-01-17,-6.3999999999999995,-6.5
2003-01-18,-10.0,-13.4
2003-01-19,-5.25,-8.1
2003-01-20,-3.6,-5.6
2003-01-21,-6.1,-10.1
2003-01-22,-8.649999999999999,-11.4
2003-01-23,-9.75,-12.8
2003-01-24,-8.35,-10.7
2003-01-25,-3.65,-9.2
2003-01-26,-0.8499999999999999,-5.0
2003-01-27,-7.75,-10.4
2003-01-28,-8.9,-12.2
2003-01-29,-1.65,-4.0
2003-01-30,-1.4,-5.9
2003-01-31,1.65,-0.7
2003-02-01,1.95,0.7
2003-02-02,5.0,2.0
2003-02-03,6.1,2.2
2003-02-04,5.85,3.6
2003-02-05,-0.25,-1.8
2003-02-06,-3.05,-3.4
2003-02-07,-1.9000000000000001,-3.0
2003-02-08,-4.45,-9.1
2003-02-09,-1.6999999999999997,-8.1
2003-02-10,1.0999999999999999,-2.6
2003-02-11,-4.7,-6.7
2003-02-12,-2.75,-7.3
2003-02-13,-6.3500000000000005,-11.5
2003-02-14,-5.25,-10.1
2003-02-15,-5.85,-7.2
2003-02-16,-11.350000000000001,-11.5
2003-02-17,-6.65,-6.5
2003-02-18,-1.95,-3.7
2003-02-19,1.65,-3.4
2003-02-20,6.1,0.1
2003-02-21,5.55,-1.3
2003-02-22,3.9,1.5
2003-02-23,2.8,3.6
2003-02-24,-1.1,-4.2
2003-02-25,-2.8,-5.5
2003-02-26,-7.25,-9.6
2003-02-27,-3.05,-6.7
2003-02-28,0.5499999999999998,-2.2
2003-03-01,2.5,-0.9
2003-03-02,4.45,2.2
2003-03-03,-3.8999999999999995,-7.1
2003-03-04,-2.25,-4.0
2003-03-05,6.4,3.0
2003-03-06,-0.25,-1.2
2003-03-07,-4.15,-7.6
2003-03-08,3.9000000000000004,-0.8
2003-03-09,2.8,3.0
2003-03-10,-4.45,-7.5
2003-03-11,-0.8499999999999999,-2.7
2003-03-12,5.3,2.1
2003-03-13,4.15,1.1
2003-03-14,-1.4,-2.2
2003-03-15,6.1,2.8
2003-03-16,13.35,7.2
2003-03-17,14.75,10.2
2003-03-18,12.2,9.7
2003-03-19,4.2,2.6
2003-03-20,6.1499999999999995,3.5
2003-03-21,14.15,12.5
2003-03-22,15.0,12.1
2003-03-23,10.85,8.2
2003-03-24,10.85,7.3
2003-03-25,9.7,7.2
2003-03-26,13.299999999999999,10.0
2003-03-27,11.149999999999999,8.3
2003-03-28,11.4,8.0
2003-03-29,15.850000000000001,13.7
2003-03-30,7.2,5.2
2003-03-31,2.75,1.5
2003-04-01,2.5,1.8
2003-04-02,8.9,6.0
2003-04-03,8.3,6.6
2003-04-04,4.2,4.1
2003-04-05,3.9,3.8
2003-04-06,4.45,3.8
2003-04-07,1.0999999999999999,0.5
2003-04-08,1.0999999999999999,0.7
2003-04-09,2.8,2.2
2003-04-10,6.65,4.2
2003-04-11,5.55,3.9
2003-04-12,13.65,9.5
2003-04-13,11.649999999999999,8.9
2003-04-14,10.3,7.3
2003-04-15,18.9,14.7
2003-04-16,20.85,18.7
2003-04-17,6.4,5.5
2003-04-18,5.25,4.3
2003-04-19,10.85,8.1
2003-04-20,13.35,9.1
2003-04-21,11.399999999999999,8.6
2003-04-22,11.1,9.9
2003-04-23,7.5,7.5
2003-04-24,10.55,7.9
2003-04-25,13.05,9.7
2003-04-26,11.1,10.5
2003-04-27,16.4,13.3
2003-04-28,19.45,15.0
2003-04-29,20.55,15.8
2003-04-30,15.0,12.8
2003-05-01,16.4,14.7
2003-05-02,17.5,16.5
2003-05-03,14.15,12.3
2003-05-04,13.05,11.3
2003-05-05,11.1,10.3
2003-05-06,11.65,11.5
2003-05-07,19.15,16.7
2003-05-08,13.649999999999999,13.3
2003-05-09,14.75,14.3
2003-05-10,15.85,15.0
2003-05-11,14.75,13.6
2003-05-12,15.0,14.6
2003-05-13,13.350000000000001,12.2
2003-05-14,14.75,12.5
2003-05-15,15.3,13.1
2003-05-16,12.75,11.6
2003-05-17,12.5,10.2
2003-05-18,12.8,11.3
2003-05-19,16.65,14.9
2003-05-20,19.450000000000003,16.4
2003-05-21,15.3,13.6
2003-05-22,11.65,12.3
2003-05-23,11.65,11.8
2003-05-24,11.95,12.4
2003-05-25,14.2,13.5
2003-05-26,11.95,11.6
2003-05-27,15.3,13.9
2003-05-28,16.4,14.4
2003-05-29,18.049999999999997,16.5
2003-05-30,21.1,17.8
2003-05-31,17.5,15.9
2003-06-01,15.25,14.6
2003-06-02,16.1,15.2
2003-06-03,16.15,15.1
2003-06-04,11.95,12.7
2003-06-05,17.8,15.8
2003-06-06,19.15,17.3
2003-06-07,16.65,14.9
2003-06-08,17.2,16.3
2003-06-09,18.9,17.0
2003-06-10,21.7,19.5
2003-06-11,22.25,20.1
2003-06-12,23.049999999999997,21.4
2003-06-13,16.9,18.0
2003-06-14,21.65,20.4
2003-06-15,22.25,21.2
2003-06-16,16.950000000000003,16.5
2003-06-17,15.549999999999999,14.4
2003-06-18,17.5,16.3
2003-06-19,19.75,18.8
2003-06-20,18.65,18.0
2003-06-21,16.1,16.1
2003-06-22,16.65,16.8
2003-06-23,22.5,21.9
2003-06-24,26.95,24.2
2003-06-25,27.5,25.4
2003-06-26,30.0,27.2
2003-06-27,27.799999999999997,26.1
2003-06-28,24.15,22.4
2003-06-29,23.049999999999997,22.7
2003-06-30,26.1,24.1
2003-07-01,23.9,22.5
2003-07-02,25.0,23.1
2003-07-03,20.0,20.8
2003-07-04,25.25,24.9
2003-07-05,28.299999999999997,27.2
2003-07-06,28.35,26.8
2003-07-07,28.049999999999997,25.6
2003-07-08,27.5,26.4
2003-07-09,23.85,23.2
2003-07-10,19.75,20.2
2003-07-11,22.8,22.9
2003-07-12,24.450000000000003,23.1
2003-07-13,23.9,22.0
2003-07-14,22.2,21.1
2003-07-15,22.75,21.9
2003-07-16,25.3,23.6
2003-07-17,23.6,23.1
2003-07-18,23.049999999999997,23.5
2003-07-19,23.049999999999997,22.7
2003-07-20,24.15,23.2
2003-07-21,24.15,23.7
2003-07-22,23.85,24.2
2003-07-23,23.6,23.3
2003-07-24,24.7,23.4
2003-07-25,25.55,23.4
2003-07-26,25.85,24.3
2003-07-27,26.95,26.4
2003-07-28,25.0,24.5
2003-07-29,23.049999999999997,22.2
2003-07-30,23.299999999999997,21.8
2003-07-31,22.200000000000003,21.6
2003-08-01,23.35,22.8
2003-08-02,25.85,24.5
2003-08-03,26.95,24.2
2003-08-04,25.85,23.5
2003-08-05,24.45,23.2
2003-08-06,23.9,22.8
2003-08-07,23.9,22.7
2003-08-08,24.2,23.7
2003-08-09,24.45,23.2
2003-08-10,24.7,23.3
2003-08-11,25.0,23.4
2003-08-12,26.1,24.3
2003-08-13,27.25,25.2
2003-08-14,28.349999999999998,26.2
2003-08-15,26.95,25.3
2003-08-16,26.65,24.3
2003-08-17,22.5,22.1
2003-08-18,22.25,21.1
2003-08-19,24.15,22.7
2003-08-20,25.85,24.1
2003-08-21,26.950000000000003,25.1
2003-08-22,28.3,26.0
2003-08-23,23.85,22.6
2003-08-24,21.1,19.4
2003-08-25,24.15,22.1
2003-08-26,24.450000000000003,23.4
2003-08-27,25.799999999999997,25.1
2003-08-28,23.9,22.7
2003-08-29,23.6,22.3
2003-08-30,25.0,23.2
2003-08-31,20.0,18.8
2003-09-01,18.65,18.6
2003-09-02,16.1,17.4
2003-09-03,18.05,18.4
2003-09-04,21.95,21.5
2003-09-05,21.700000000000003,20.1
2003-09-06,19.7,18.8
2003-09-07,21.4,19.6
2003-09-08,21.35,19.6
2003-09-09,19.75,18.1
2003-09-10,19.15,17.8
2003-09-11,21.4,19.1
2003-09-12,19.2,17.8
2003-09-13,19.45,19.5
2003-09-14,23.65,21.7
2003-09-15,22.8,21.4
2003-09-16,21.700000000000003,20.6
2003-09-17,20.25,18.8
2003-09-18,19.75,19.0
2003-09-19,23.35,22.5
2003-09-20,23.35,21.5
2003-09-21,20.0,18.8
2003-09-22,19.7,19.4
2003-09-23,19.45,19.9
2003-09-24,18.35,16.8
2003-09-25,20.799999999999997,19.1
2003-09-26,18.6,18.5
2003-09-27,22.2,20.9
2003-09-28,18.05,19.0
2003-09-29,15.0,15.2
2003-09-30,13.9,12.8
2003-10-01,13.899999999999999,12.2
2003-10-02,10.85,10.8
2003-10-03,9.45,8.6
2003-10-04,12.2,12.0
2003-10-05,11.7,9.9
2003-10-06,10.85,10.0
2003-10-07,12.5,11.1
2003-10-08,16.950000000000003,14.3
2003-10-09,20.0,16.8
2003-10-10,15.8,15.6
2003-10-11,17.200000000000003,16.0
2003-10-12,17.8,15.2
2003-10-13,17.5,15.1
2003-10-14,15.799999999999999,14.2
2003-10-15,13.9,13.7
2003-10-16,13.600000000000001,12.0
2003-10-17,10.85,10.8
2003-10-18,9.7,9.4
2003-10-19,9.75,8.5
2003-10-20,9.4,8.1
2003-10-21,17.25,14.9
2003-10-22,8.6,8.7
2003-10-23,5.3,4.7
2003-10-24,6.4,5.3
2003-10-25,10.0,9.6
2003-10-26,17.5,15.2
2003-10-27,14.149999999999999,15.7
2003-10-28,11.4,10.2
2003-10-29,11.9,11.0
2003-10-30,11.15,9.3
2003-10-31,14.7,12.3
2003-11-01,19.15,15.5
2003-11-02,16.95,15.8
2003-11-03,20.85,17.6
2003-11-04,15.55,13.9
2003-11-05,12.8,14.2
2003-11-06,12.8,13.2
2003-11-07,11.100000000000001,10.6
2003-11-08,5.6,5.0
2003-11-09,1.9499999999999997,1.5
2003-11-10,4.45,2.7
2003-11-11,8.049999999999999,5.2
2003-11-12,11.95,9.4
2003-11-13,9.45,8.5
2003-11-14,4.2,3.2
2003-11-15,5.85,3.8
2003-11-16,7.25,4.1
2003-11-17,8.9,7.5
2003-11-18,10.0,8.8
2003-11-19,14.75,14.1
2003-11-20,10.0,9.3
2003-11-21,11.95,8.8
2003-11-22,11.95,9.3
2003-11-23,9.45,7.4
2003-11-24,10.3,8.5
2003-11-25,4.45,4.8
2003-11-26,5.25,3.6
2003-11-27,8.899999999999999,6.1
2003-11-28,13.350000000000001,11.4
2003-11-29,7.25,5.7
2003-11-30,6.1,4.7
2003-12-01,6.1499999999999995,5.6
2003-12-02,-1.4,-0.3
2003-12-03,-3.3499999999999996,-3.9
2003-12-04,0.8500000000000001,-1.5
2003-12-05,-0.55,-1.3
2003-12-06,-3.6,-3.2
2003-12-07,-3.65,-4.2
2003-12-08,-1.1,-5.3
2003-12-09,1.0999999999999999,-3.6
2003-12-10,6.65,2.6
2003-12-11,9.4,9.2
2003-12-12,3.05,1.7
2003-12-13,-0.29999999999999993,-1.7
2003-12-14,1.1,0.2
2003-12-15,1.4,0.7
2003-12-16,4.45,0.1
2003-12-17,6.949999999999999,6.0
2003-12-18,1.1,-0.3
2003-12-19,0.29999999999999993,-1.4
2003-12-20,0.25,-1.0
2003-12-21,0.0,-1.4
2003-12-22,6.65,2.7
2003-12-23,10.0,6.6
2003-12-24,10.55,10.1
2003-12-25,4.2,3.0
2003-12-26,2.5,1.3
2003-12-27,7.199999999999999,3.3
2003-12-28,5.6,1.2
2003-12-29,7.75,2.7
2003-12-30,7.75,5.6
2003-12-31,5.3,2.7
2004-01-01,5.25,2.5
2004-01-02,6.1,3.4
2004-01-03,10.55,7.9
2004-01-04,8.6,7.9
2004-01-05,3.3499999999999996,2.8
2004-01-06,-0.55,0.6
2004-01-07,-5.85,-5.4
2004-01-08,-3.3499999999999996,-4.0
2004-01-09,-8.05,-7.9
2004-01-10,-13.3,-12.9
2004-01-11,-8.35,-8.7
2004-01-12,-0.5500000000000003,-0.6
2004-01-13,-0.8000000000000003,-1.0
2004-01-14,-10.55,-10.6
2004-01-15,-12.25,-13.3
2004-01-16,-10.8,-14.1
2004-01-17,-3.05,-6.2
2004-01-18,-1.0999999999999999,-1.2
2004-01-19,-4.75,-6.7
2004-01-20,-5.3,-8.6
2004-01-21,-5.550000000000001,-9.6
2004-01-22,-1.4000000000000001,-5.0
2004-01-23,-8.65,-11.5
2004-01-24,-8.9,-11.8
2004-01-25,-10.55,-12.9
2004-01-26,-7.25,-9.2
2004-01-27,-6.1,-6.9
2004-01-28,-4.15,-5.2
2004-01-29,-5.3,-8.5
2004-01-30,-6.95,-11.4
2004-01-31,-5.800000000000001,-10.2
2004-02-01,-2.1999999999999997,-9.2
2004-02-02,-0.8500000000000001,-7.5
2004-02-03,1.0999999999999999,-1.5
2004-02-04,3.3499999999999996,0.2
2004-02-05,-1.35,-4.9
2004-02-06,0.2999999999999998,0.3
2004-02-07,1.65,2.0
2004-02-08,-3.9,-6.1
2004-02-09,1.65,-2.8
2004-02-10,6.1,1.4
2004-02-11,1.95,-2.6
2004-02-12,0.55,-1.4
2004-02-13,3.3499999999999996,-0.7
2004-02-14,2.8,0.1
2004-02-15,-3.3499999999999996,-5.5
2004-02-16,-4.7,-8.3
2004-02-17,-2.5,-3.6
2004-02-18,1.9499999999999997,-0.3
2004-02-19,3.05,0.7
2004-02-20,3.3499999999999996,0.3
2004-02-21,6.3999999999999995,3.7
2004-02-22,3.3499999999999996,1.5
2004-02-23,3.6000000000000005,0.4
2004-02-24,1.6500000000000001,-0.5
2004-02-25,0.5499999999999998,-0.9
2004-02-26,1.9499999999999997,0.6
2004-02-27,2.5,1.1
2004-02-28,6.4,3.4
2004-02-29,10.3,5.2
2004-03-01,12.2,6.8
2004-03-02,12.75,9.7
2004-03-03,11.65,8.6
2004-03-04,9.2,7.3
2004-03-05,8.35,6.5
2004-03-06,12.2,13.0
2004-03-07,8.05,5.7
2004-03-08,3.3499999999999996,1.8
2004-03-09,3.35,1.8
2004-03-10,4.2,2.5
2004-03-11,7.5,5.2
2004-03-12,5.55,3.8
2004-03-13,2.5,1.3
2004-03-14,2.25,0.8
2004-03-15,10.0,7.1
2004-03-16,1.9499999999999997,0.6
2004-03-17,-1.7,-1.5
2004-03-18,1.1,-0.6
2004-03-19,2.5,0.5
2004-03-20,4.15,2.2
2004-03-21,4.15,4.3
2004-03-22,-1.1,-1.2
2004-03-23,1.6999999999999997,0.4
2004-03-24,9.2,5.4
2004-03-25,8.9,7.2
2004-03-26,12.75,11.1
2004-03-27,15.850000000000001,13.3
2004-03-28,9.75,8.7
2004-03-29,6.4,4.7
2004-03-30,3.5999999999999996,3.0
2004-03-31,5.85,5.4
2004-04-01,8.35,7.0
2004-04-02,7.25,6.5
2004-04-03,7.5,6.4
2004-04-04,5.55,5.8
2004-04-05,2.1999999999999997,1.7
2004-04-06,5.8,4.1
2004-04-07,13.299999999999999,9.0
2004-04-08,9.7,6.6
2004-04-09,11.95,9.1
2004-04-10,11.7,8.4
2004-04-11,9.45,6.2
2004-04-12,8.6,5.9
2004-04-13,9.15,8.3
2004-04-14,10.85,12.1
2004-04-15,10.6,9.0
2004-04-16,11.7,8.7
2004-04-17,17.25,13.3
2004-04-18,16.65,14.3
2004-04-19,19.15,17.4
2004-04-20,18.6,16.6
2004-04-21,13.3,10.8
2004-04-22,19.45,17.2
2004-04-23,13.6,12.1
2004-04-24,14.450000000000001,12.6
2004-04-25,10.3,8.5
2004-04-26,11.1,11.8
2004-04-27,15.3,13.5
2004-04-28,10.0,8.6
2004-04-29,18.1,14.1
2004-04-30,18.6,16.0
2004-05-01,19.45,17.2
2004-05-02,17.75,17.0
2004-05-03,12.75,12.6
2004-05-04,10.850000000000001,9.7
2004-05-05,13.850000000000001,12.1
2004-05-06,15.3,13.3
2004-05-07,20.3,18.6
2004-05-08,12.5,11.5
2004-05-09,15.0,13.8
2004-05-10,16.95,15.9
2004-05-11,23.05,20.8
2004-05-12,24.15,22.5
2004-05-13,22.8,20.6
2004-05-14,16.950000000000003,16.2
2004-05-15,23.1,22.9
2004-05-16,21.4,20.1
2004-05-17,17.8,17.0
2004-05-18,21.950000000000003,21.0
2004-05-19,18.9,18.6
2004-05-20,18.3,16.2
2004-05-21,21.7,20.0
2004-05-22,23.049999999999997,21.9
2004-05-23,23.1,23.5
2004-05-24,19.45,23.1
2004-05-25,18.9,19.8
2004-05-26,15.0,15.2
2004-05-27,18.6,17.3
2004-05-28,20.85,18.9
2004-05-29,15.549999999999999,15.0
2004-05-30,16.7,15.6
2004-05-31,15.850000000000001,15.3
2004-06-01,16.65,16.1
2004-06-02,20.55,18.9
2004-06-03,20.0,18.6
2004-06-04,19.15,17.1
2004-06-05,16.95,15.1
2004-06-06,14.45,14.4
2004-06-07,20.85,19.5
2004-06-08,25.0,22.9
2004-06-09,26.95,25.5
2004-06-10,22.8,22.4
2004-06-11,19.45,17.9
2004-06-12,19.45,17.7
2004-06-13,20.25,18.1
2004-06-14,22.75,21.4
2004-06-15,26.4,24.8
2004-06-16,27.200000000000003,24.3
2004-06-17,26.4,24.5
2004-06-18,26.4,25.2
2004-06-19,22.5,23.2
2004-06-20,18.35,18.5
2004-06-21,21.15,20.0
2004-06-22,21.65,21.5
2004-06-23,24.450000000000003,23.4
2004-06-24,23.299999999999997,22.7
2004-06-25,22.75,21.6
2004-06-26,22.25,21.7
2004-06-27,20.3,20.1
2004-06-28,21.700000000000003,20.5
2004-06-29,20.55,20.5
2004-06-30,23.35,21.9
2004-07-01,23.9,22.5
2004-07-02,25.85,24.7
2004-07-03,23.85,23.2
2004-07-04,24.200000000000003,22.9
2004-07-05,25.55,24.5
2004-07-06,23.9,23.0
2004-07-07,24.15,22.9
2004-07-08,26.700000000000003,25.4
2004-07-09,22.8,23.1
2004-07-10,23.85,23.2
2004-07-11,25.3,23.6
2004-07-12,20.3,21.0
2004-07-13,18.9,18.5
2004-07-14,22.75,20.4
2004-07-15,22.75,21.8
2004-07-16,22.200000000000003,21.4
2004-07-17,24.75,23.1
2004-07-18,22.5,21.3
2004-07-19,23.05,22.3
2004-07-20,25.0,23.4
2004-07-21,26.15,24.2
2004-07-22,26.1,24.7
2004-07-23,23.9,23.4
2004-07-24,21.1,21.5
2004-07-25,21.65,20.0
2004-07-26,22.25,21.0
2004-07-27,20.85,20.5
2004-07-28,21.65,21.2
2004-07-29,23.9,22.7
2004-07-30,25.549999999999997,24.0
2004-07-31,26.65,25.5
2004-08-01,25.3,24.0
2004-08-02,26.95,24.2
2004-08-03,26.1,24.2
2004-08-04,26.700000000000003,24.8
2004-08-05,22.2,21.2
2004-08-06,19.75,18.3
2004-08-07,18.05,16.9
2004-08-08,20.0,19.0
2004-08-09,23.6,21.7
2004-08-10,25.299999999999997,22.5
2004-08-11,24.15,23.5
2004-08-12,24.450000000000003,22.6
2004-08-13,23.9,22.3
2004-08-14,22.5,21.5
2004-08-15,21.4,21.2
2004-08-16,19.75,20.1
2004-08-17,21.1,20.2
2004-08-18,22.5,21.2
2004-08-19,25.25,23.8
2004-08-20,28.049999999999997,25.6
2004-08-21,23.05,23.0
2004-08-22,19.7,18.9
2004-08-23,22.5,20.9
2004-08-24,21.95,21.2
2004-08-25,21.700000000000003,19.7
2004-08-26,21.4,19.7
2004-08-27,24.700000000000003,21.9
2004-08-28,27.200000000000003,24.6
2004-08-29,26.950000000000003,24.7
2004-08-30,26.35,24.0
2004-08-31,24.700000000000003,23.7
2004-09-01,22.5,21.7
2004-09-02,22.5,20.3
2004-09-03,22.5,21.2
2004-09-04,25.3,22.7
2004-09-05,20.85,19.6
2004-09-06,19.75,18.7
2004-09-07,23.049999999999997,22.0
2004-09-08,21.65,21.1
2004-09-09,23.6,23.1
2004-09-10,22.200000000000003,21.0
2004-09-11,19.45,18.7
2004-09-12,20.6,19.6
2004-09-13,23.6,21.6
2004-09-14,19.7,19.0
2004-09-15,19.2,18.6
2004-09-16,21.95,21.0
2004-09-17,22.8,21.0
2004-09-18,18.6,18.0
2004-09-19,14.7,13.7
2004-09-20,16.1,14.3
2004-09-21,20.55,18.1
2004-09-22,21.7,19.6
2004-09-23,23.049999999999997,21.0
2004-09-24,20.85,18.1
2004-09-25,20.0,18.2
2004-09-26,22.2,20.1
2004-09-27,20.299999999999997,18.6
2004-09-28,20.0,18.6
2004-09-29,16.65,16.7
2004-09-30,16.35,15.9
2004-10-01,17.2,15.6
2004-10-02,17.8,16.2
2004-10-03,15.799999999999999,14.9
2004-10-04,16.65,15.1
2004-10-05,12.25,12.6
2004-10-06,12.5,11.3
2004-10-07,16.95,14.6
2004-10-08,18.9,16.8
2004-10-09,18.6,15.9
2004-10-10,14.45,14.8
2004-10-11,12.25,11.8
2004-10-12,12.75,11.6
2004-10-13,14.15,12.4
2004-10-14,14.450000000000001,14.0
2004-10-15,14.45,14.8
2004-10-16,11.95,11.9
2004-10-17,9.45,9.1
2004-10-18,10.3,9.7
2004-10-19,9.75,9.9
2004-10-20,10.850000000000001,10.5
2004-10-21,10.25,9.9
2004-10-22,11.65,9.3
2004-10-23,9.2,8.5
2004-10-24,9.75,8.6
2004-10-25,10.3,9.7
2004-10-26,13.1,11.4
2004-10-27,12.5,10.9
2004-10-28,10.55,8.8
2004-10-29,11.350000000000001,9.7
2004-10-30,14.75,13.6
2004-10-31,18.05,16.8
2004-11-01,12.5,11.9
2004-11-02,11.7,10.2
2004-11-03,10.85,11.3
2004-11-04,6.949999999999999,6.9
2004-11-05,9.7,9.3
2004-11-06,10.0,8.5
2004-11-07,14.7,11.0
2004-11-08,9.15,7.5
2004-11-09,2.8,2.3
2004-11-10,2.5,1.5
2004-11-11,9.75,6.5
2004-11-12,5.550000000000001,4.4
2004-11-13,3.05,2.6
2004-11-14,3.85,2.6
2004-11-15,9.15,5.9
2004-11-16,10.55,6.0
2004-11-17,9.75,5.5
2004-11-18,10.85,6.9
2004-11-19,14.7,11.1
2004-11-20,9.7,7.8
2004-11-21,10.25,9.6
2004-11-22,11.4,9.0
2004-11-23,10.25,7.9
2004-11-24,13.1,10.7
2004-11-25,10.0,12.5
2004-11-26,3.6,2.7
2004-11-27,8.05,5.3
2004-11-28,11.1,10.8
2004-11-29,7.2,5.3
2004-11-30,6.65,4.1
2004-12-01,10.0,8.4
2004-12-02,5.85,4.1
2004-12-03,4.75,3.3
2004-12-04,2.75,1.0
2004-12-05,8.049999999999999,5.3
2004-12-06,3.35,2.9
2004-12-07,5.3,6.9
2004-12-08,11.4,10.1
2004-12-09,7.5,4.8
2004-12-10,7.75,6.9
2004-12-11,8.9,7.6
2004-12-12,6.4,4.5
2004-12-13,5.85,4.9
2004-12-14,0.25,0.0
2004-12-15,-2.5,-3.0
2004-12-16,2.25,-1.1
2004-12-17,3.9,1.3
2004-12-18,2.5,0.2
2004-12-19,1.1000000000000005,1.4
2004-12-20,-8.899999999999999,-8.9
2004-12-21,-4.15,-5.0
2004-12-22,6.699999999999999,1.3
2004-12-23,10.0,8.6
2004-12-24,2.2,-0.0
2004-12-25,-1.65,-3.7
2004-12-26,-1.65,-3.1
2004-12-27,-4.45,-5.1
2004-12-28,-3.9,-5.6
2004-12-29,3.8500000000000005,1.0
2004-12-30,6.65,1.0
2004-12-31,9.45,4.5
2005-01-01,10.0,6.7
2005-01-02,6.4,2.1
2005-01-03,11.9,8.1
2005-01-04,9.2,6.0
2005-01-05,4.75,1.7
2005-01-06,3.05,1.4
2005-01-07,3.9,1.7
2005-01-08,3.35,1.3
2005-01-09,2.5,-0.1
2005-01-10,6.4,2.9
2005-01-11,3.0500000000000003,0.3
2005-01-12,2.8,2.7
2005-01-13,9.15,8.8
2005-01-14,10.0,7.7
2005-01-15,-1.0999999999999999,-1.6
2005-01-16,-1.7,-2.5
2005-01-17,-5.0,-4.0
2005-01-18,-10.3,-9.8
2005-01-19,-8.05,-7.8
2005-01-20,-3.9000000000000004,-4.4
2005-01-21,-9.75,-10.6
2005-01-22,-9.15,-8.3
2005-01-23,-8.05,-8.1
2005-01-24,-8.850000000000001,-12.8
2005-01-25,-3.0500000000000003,-7.3
2005-01-26,-2.7500000000000004,-2.4
2005-01-27,-10.3,-12.9
2005-01-28,-10.3,-14.5
2005-01-29,-4.15,-10.4
2005-01-30,-0.5500000000000003,-3.5
2005-01-31,-1.35,-5.2
2005-02-01,0.2500000000000002,-6.7
2005-02-02,1.1,-6.6
2005-02-03,1.65,-4.3
2005-02-04,4.45,1.4
2005-02-05,7.5,1.3
2005-02-06,7.75,0.3
2005-02-07,6.949999999999999,0.6
2005-02-08,8.05,2.2
2005-02-09,10.0,4.2
2005-02-10,3.3499999999999996,2.0
2005-02-11,1.35,-1.4
2005-02-12,2.25,-0.7
2005-02-13,2.5,-0.7
2005-02-14,4.15,1.6
2005-02-15,10.55,7.5
2005-02-16,6.949999999999999,4.7
2005-02-17,1.3499999999999999,0.3
2005-02-18,-4.2,-2.8
2005-02-19,-4.45,-5.4
2005-02-20,0.0,-2.2
2005-02-21,-0.2500000000000001,0.1
2005-02-22,3.05,0.2
2005-02-23,1.35,-1.2
2005-02-24,-3.05,-4.7
2005-02-25,-1.6999999999999997,-4.3
2005-02-26,0.2500000000000002,-4.9
2005-02-27,-1.1,-3.9
2005-02-28,0.29999999999999993,-1.6
2005-03-01,2.25,-0.9
2005-03-02,0.8499999999999999,-1.7
2005-03-03,-2.2,-5.8
2005-03-04,-1.4,-7.3
2005-03-05,1.4,-3.7
2005-03-06,4.15,-1.4
2005-03-07,11.649999999999999,4.4
2005-03-08,3.0500000000000003,0.1
2005-03-09,-4.75,-8.4
2005-03-10,-2.5,-5.9
2005-03-11,0.7999999999999999,-0.6
2005-03-12,3.05,0.0
2005-03-13,4.15,-1.5
2005-03-14,1.1,-2.2
2005-03-15,2.8,-0.4
2005-03-16,3.6,0.4
2005-03-17,4.75,1.3
2005-03-18,6.4,2.6
2005-03-19,6.1,2.1
2005-03-20,5.25,2.5
2005-03-21,5.55,4.7
2005-03-22,7.75,4.8
2005-03-23,4.2,2.0
2005-03-24,3.65,2.1
2005-03-25,6.4,2.7
2005-03-26,6.1,2.7
2005-03-27,6.35,4.7
2005-03-28,6.1,5.3
2005-03-29,11.1,8.0
2005-03-30,11.95,8.5
2005-03-31,8.649999999999999,5.5
2005-04-01,8.35,7.2
2005-04-02,9.15,8.5
2005-04-03,7.2,6.1
2005-04-04,10.0,6.9
2005-04-05,13.35,9.6
2005-04-06,17.5,12.2
2005-04-07,17.5,15.1
2005-04-08,11.649999999999999,12.4
2005-04-09,12.2,9.0
2005-04-10,14.7,11.4
2005-04-11,10.85,9.1
2005-04-12,8.6,6.5
2005-04-13,9.15,6.6
2005-04-14,12.799999999999999,8.4
2005-04-15,9.45,7.0
2005-04-16,10.850000000000001,7.0
2005-04-17,15.3,11.6
2005-04-18,18.6,14.5
2005-04-19,17.5,15.8
2005-04-20,24.200000000000003,19.8
2005-04-21,16.1,14.2
2005-04-22,11.100000000000001,9.0
2005-04-23,11.95,11.9
2005-04-24,10.0,10.5
2005-04-25,8.3,7.9
2005-04-26,15.0,11.5
2005-04-27,14.75,12.2
2005-04-28,14.149999999999999,11.4
2005-04-29,13.05,9.9
2005-04-30,12.2,11.6
2005-05-01,14.2,13.0
2005-05-02,12.5,10.4
2005-05-03,10.0,9.2
2005-05-04,11.7,10.1
2005-05-05,12.5,9.7
2005-05-06,10.0,9.1
2005-05-07,12.5,10.2
2005-05-08,13.600000000000001,11.1
2005-05-09,16.15,12.8
2005-05-10,15.0,12.9
2005-05-11,16.4,15.8
2005-05-12,16.15,15.9
2005-05-13,12.5,11.0
2005-05-14,17.5,15.8
2005-05-15,19.7,19.1
2005-05-16,17.200000000000003,16.1
2005-05-17,16.15,14.4
2005-05-18,16.4,14.3
2005-05-19,16.4,13.9
2005-05-20,11.4,10.8
2005-05-21,15.0,13.7
2005-05-22,13.899999999999999,12.1
2005-05-23,13.600000000000001,12.7
2005-05-24,13.350000000000001,11.4
2005-05-25,10.3,9.2
2005-05-26,12.8,12.2
2005-05-27,19.700000000000003,17.5
2005-05-28,20.0,17.5
2005-05-29,18.049999999999997,17.3
2005-05-30,18.9,17.4
2005-05-31,20.0,17.3
2005-06-01,16.1,14.8
2005-06-02,16.4,14.2
2005-06-03,16.950000000000003,14.8
2005-06-04,21.950000000000003,19.9
2005-06-05,25.0,23.1
2005-06-06,24.7,23.5
2005-06-07,24.75,24.5
2005-06-08,28.35,24.6
2005-06-09,26.4,24.6
2005-06-10,24.450000000000003,23.2
2005-06-11,25.549999999999997,24.4
2005-06-12,26.4,26.0
2005-06-13,27.5,26.9
2005-06-14,29.2,28.6
2005-06-15,22.799999999999997,23.9
2005-06-16,20.85,20.7
2005-06-17,19.15,19.3
2005-06-18,20.549999999999997,19.5
2005-06-19,19.15,18.0
2005-06-20,20.0,18.1
2005-06-21,21.7,21.1
2005-06-22,23.05,22.1
2005-06-23,20.85,20.1
2005-06-24,23.049999999999997,22.8
2005-06-25,26.7,25.7
2005-06-26,28.299999999999997,26.4
2005-06-27,23.65,22.6
2005-06-28,26.15,24.6
2005-06-29,25.799999999999997,24.1
2005-06-30,24.75,22.7
2005-07-01,24.75,23.4
2005-07-02,24.200000000000003,23.3
2005-07-03,21.950000000000003,21.1
2005-07-04,22.75,20.8
2005-07-05,23.6,22.4
2005-07-06,24.450000000000003,23.0
2005-07-07,20.55,20.9
2005-07-08,17.799999999999997,17.6
2005-07-09,21.95,21.0
2005-07-10,26.1,24.4
2005-07-11,27.25,25.4
2005-07-12,25.0,23.5
2005-07-13,22.5,21.6
2005-07-14,25.3,23.7
2005-07-15,26.1,24.6
2005-07-16,25.3,23.9
2005-07-17,25.25,24.3
2005-07-18,28.049999999999997,26.0
2005-07-19,29.2,27.8
2005-07-20,28.35,27.5
2005-07-21,27.5,26.6
2005-07-22,28.35,27.1
2005-07-23,25.799999999999997,25.6
2005-07-24,25.55,24.5
2005-07-25,26.95,25.4
2005-07-26,29.75,27.7
2005-07-27,29.450000000000003,29.7
2005-07-28,24.200000000000003,23.5
2005-07-29,25.3,24.0
2005-07-30,26.65,24.0
2005-07-31,24.450000000000003,23.1
2005-08-01,25.3,24.0
2005-08-02,29.15,27.7
2005-08-03,30.0,28.3
2005-08-04,30.3,27.9
2005-08-05,31.400000000000002,29.1
2005-08-06,26.95,25.9
2005-08-07,26.65,24.8
2005-08-08,25.8,24.6
2005-08-09,25.55,24.2
2005-08-10,27.25,25.4
2005-08-11,30.0,28.0
2005-08-12,30.3,28.1
2005-08-13,31.950000000000003,29.8
2005-08-14,28.9,29.5
2005-08-15,23.05,24.5
2005-08-16,22.2,22.1
2005-08-17,25.55,24.7
2005-08-18,23.6,22.8
2005-08-19,23.05,22.9
2005-08-20,25.25,24.2
2005-08-21,29.15,27.3
2005-08-22,26.7,26.3
2005-08-23,23.6,22.8
2005-08-24,23.049999999999997,22.5
2005-08-25,23.05,22.1
2005-08-26,24.45,22.4
2005-08-27,24.15,22.8
2005-08-28,25.0,22.9
2005-08-29,26.35,24.2
2005-08-30,26.65,24.2
2005-08-31,26.4,26.2
2005-09-01,25.0,23.7
2005-09-02,25.549999999999997,24.1
2005-09-03,23.6,23.0
2005-09-04,23.05,22.7
2005-09-05,22.75,21.7
2005-09-06,22.5,20.9
2005-09-07,22.25,20.9
2005-09-08,24.200000000000003,22.3
2005-09-09,23.299999999999997,22.0
2005-09-10,23.05,21.0
2005-09-11,20.55,20.2
2005-09-12,25.25,24.4
2005-09-13,27.5,25.1
2005-09-14,24.700000000000003,23.2
2005-09-15,26.65,24.1
2005-09-16,25.3,23.8
2005-09-17,25.25,24.0
2005-09-18,23.3,22.7
2005-09-19,24.4,23.5
2005-09-20,25.0,23.9
2005-09-21,23.3,22.4
2005-09-22,24.7,22.0
2005-09-23,25.6,24.0
2005-09-24,18.35,18.6
2005-09-25,18.65,18.4
2005-09-26,22.8,21.5
2005-09-27,20.55,19.9
2005-09-28,18.6,17.3
2005-09-29,18.049999999999997,18.9
2005-09-30,14.7,14.4
2005-10-01,17.5,15.7
2005-10-02,20.3,17.6
2005-10-03,20.6,17.8
2005-10-04,21.65,18.9
2005-10-05,21.65,19.7
2005-10-06,21.4,19.9
2005-10-07,22.75,21.1
2005-10-08,17.25,21.6
2005-10-09,13.35,14.6
2005-10-10,14.700000000000001,15.3
2005-10-11,15.850000000000001,15.1
2005-10-12,12.75,12.6
2005-10-13,14.45,14.6
2005-10-14,15.55,15.5
2005-10-15,18.05,16.6
2005-10-16,14.45,13.6
2005-10-17,14.75,12.8
2005-10-18,16.1,13.7
2005-10-19,15.600000000000001,13.9
2005-10-20,13.05,12.2
2005-10-21,12.2,11.0
2005-10-22,10.55,10.5
2005-10-23,9.7,9.3
2005-10-24,8.35,8.0
2005-10-25,6.95,7.4
2005-10-26,7.25,6.8
2005-10-27,6.65,6.3
2005-10-28,7.8,5.9
2005-10-29,6.95,5.4
2005-10-30,13.299999999999999,10.3
2005-10-31,14.45,10.4
2005-11-01,15.850000000000001,11.4
2005-11-02,10.85,10.1
2005-11-03,13.05,9.8
2005-11-04,15.3,12.1
2005-11-05,17.75,13.6
2005-11-06,16.15,13.7
2005-11-07,13.899999999999999,11.9
2005-11-08,13.3,10.7
2005-11-09,12.5,10.5
2005-11-10,10.85,10.7
2005-11-11,6.3500000000000005,5.1
2005-11-12,8.3,6.0
2005-11-13,13.600000000000001,9.5
2005-11-14,14.15,12.3
2005-11-15,12.8,12.6
2005-11-16,13.9,16.4
2005-11-17,5.0,6.2
2005-11-18,2.5,1.9
2005-11-19,4.2,2.0
2005-11-20,8.9,5.2
2005-11-21,9.45,6.2
2005-11-22,5.3,5.3
2005-11-23,-0.2999999999999998,0.1
2005-11-24,2.5,3.1
2005-11-25,-2.5,-3.1
2005-11-26,1.6999999999999997,-0.5
2005-11-27,7.75,4.0
2005-11-28,12.8,10.2
2005-11-29,15.8,14.0
2005-11-30,11.95,12.7
2005-12-01,5.800000000000001,4.7
2005-12-02,3.05,2.6
2005-12-03,0.2500000000000001,-0.4
2005-12-04,-0.55,-1.0
2005-12-05,0.55,-1.7
2005-12-06,0.5499999999999999,-1.1
2005-12-07,-1.65,-4.2
2005-12-08,-2.8,-5.3
2005-12-09,0.7999999999999999,-1.1
2005-12-10,-0.2999999999999998,-4.8
2005-12-11,1.65,-3.4
2005-12-12,-0.8000000000000003,-4.6
2005-12-13,-5.800000000000001,-8.8
2005-12-14,-7.2,-10.8
2005-12-15,-2.25,-5.3
2005-12-16,7.5,4.9
2005-12-17,2.8,-1.0
2005-12-18,2.2,-0.6
2005-12-19,-0.25,-1.5
2005-12-20,-1.6999999999999997,-3.2
2005-12-21,-1.9000000000000001,-2.8
2005-12-22,0.2999999999999998,-1.7
2005-12-23,5.85,2.1
2005-12-24,9.45,3.3
2005-12-25,8.049999999999999,4.7
2005-12-26,7.8,5.8
2005-12-27,4.15,2.0
2005-12-28,5.55,2.6
2005-12-29,9.45,5.9
2005-12-30,4.45,3.1
2005-12-31,1.1,-0.2
2006-01-01,2.8,0.7
2006-01-02,6.4,1.7
2006-01-03,2.5,2.0
2006-01-04,0.7999999999999999,0.1
2006-01-05,6.4,3.8
2006-01-06,2.5,1.3
2006-01-07,-1.1,-2.1
2006-01-08,4.45,1.1
2006-01-09,10.85,6.5
2006-01-10,7.2,3.0
2006-01-11,8.35,5.0
2006-01-12,10.55,7.4
2006-01-13,9.149999999999999,5.3
2006-01-14,6.65,9.4
2006-01-15,-4.45,-4.3
2006-01-16,-4.45,-5.7
2006-01-17,1.7000000000000002,-1.4
2006-01-18,8.3,7.5
2006-01-19,4.7,2.0
2006-01-20,10.850000000000001,5.7
2006-01-21,10.25,7.0
2006-01-22,3.3499999999999996,0.9
2006-01-23,3.0500000000000003,1.9
2006-01-24,4.75,1.5
2006-01-25,3.3499999999999996,2.4
2006-01-26,-0.7999999999999999,-1.0
2006-01-27,0.8499999999999996,-1.0
2006-01-28,8.6,3.8
2006-01-29,9.2,4.9
2006-01-30,11.4,7.6
2006-01-31,4.75,3.6
2006-02-01,3.6,2.7
2006-02-02,7.199999999999999,3.2
2006-02-03,12.25,9.3
2006-02-04,8.899999999999999,5.7
2006-02-05,7.800000000000001,7.1
2006-02-06,2.5,1.6
2006-02-07,2.75,1.4
2006-02-08,0.0,-0.8
2006-02-09,-1.4,-1.8
2006-02-10,-0.25,-1.4
2006-02-11,0.0,-0.1
2006-02-12,-3.6,-3.8
2006-02-13,-2.5,-5.5
2006-02-14,1.4,-2.7
2006-02-15,7.75,-0.3
2006-02-16,9.7,2.4
2006-02-17,7.2,6.4
2006-02-18,-3.85,-2.1
2006-02-19,-5.25,-5.9
2006-02-20,-1.6999999999999997,-3.0
2006-02-21,2.2,-0.8
2006-02-22,3.6,0.7
2006-02-23,6.1,2.0
2006-02-24,1.6999999999999997,0.2
2006-02-25,3.6,0.6
2006-02-26,-4.75,-4.7
2006-02-27,-4.45,-5.4
2006-02-28,-2.5,-3.6
2006-03-01,1.1,-1.6
2006-03-02,0.0,-1.1
2006-03-03,-2.5,-3.4
2006-03-04,-0.2500000000000002,-1.6
2006-03-05,3.3000000000000003,1.1
2006-03-06,2.75,0.4
2006-03-07,2.8,0.5
2006-03-08,3.85,1.1
2006-03-09,7.8,6.2
2006-03-10,15.8,13.4
2006-03-11,12.75,9.6
2006-03-12,11.100000000000001,9.3
2006-03-13,13.35,10.8
2006-03-14,10.299999999999999,11.5
2006-03-15,5.0,3.7
2006-03-16,5.3,3.2
2006-03-17,3.6,1.9
2006-03-18,1.9499999999999997,1.1
2006-03-19,2.25,0.9
2006-03-20,1.1,0.5
2006-03-21,1.15,0.5
2006-03-22,3.6,2.4
2006-03-23,6.6499999999999995,4.0
2006-03-24,7.5,4.4
2006-03-25,5.800000000000001,4.4
2006-03-26,6.699999999999999,5.4
2006-03-27,8.85,6.7
2006-03-28,9.45,5.6
2006-03-29,10.8,7.4
2006-03-30,13.299999999999999,9.5
2006-03-31,15.55,12.2
2006-04-01,17.799999999999997,14.8
2006-04-02,14.15,11.8
2006-04-03,11.350000000000001,7.7
2006-04-04,9.45,8.4
2006-04-05,4.45,5.0
2006-04-06,7.8,5.7
2006-04-07,13.049999999999999,9.0
2006-04-08,10.0,6.4
2006-04-09,8.6,6.6
2006-04-10,10.85,8.2
2006-04-11,13.6,10.4
2006-04-12,13.9,11.5
2006-04-13,19.200000000000003,15.6
2006-04-14,15.799999999999999,12.4
2006-04-15,18.9,16.3
2006-04-16,15.0,12.8
2006-04-17,12.75,10.6
2006-04-18,15.25,12.8
2006-04-19,17.25,14.3
2006-04-20,20.55,17.5
2006-04-21,12.5,10.4
2006-04-22,6.95,6.3
2006-04-23,11.7,11.3
2006-04-24,12.5,11.3
2006-04-25,15.3,12.8
2006-04-26,10.3,9.3
2006-04-27,16.1,12.9
2006-04-28,13.05,11.1
2006-04-29,12.5,10.0
2006-04-30,13.9,11.3
2006-05-01,16.15,12.7
2006-05-02,15.25,12.0
2006-05-03,16.4,13.0
2006-05-04,19.75,17.4
2006-05-05,22.25,18.8
2006-05-06,17.5,16.3
2006-05-07,13.6,12.4
2006-05-08,14.45,12.4
2006-05-09,14.2,13.2
2006-05-10,16.15,14.0
2006-05-11,14.75,13.8
2006-05-12,18.3,15.6
2006-05-13,16.7,15.1
2006-05-14,13.350000000000001,12.6
2006-05-15,13.649999999999999,12.2
2006-05-16,14.149999999999999,13.5
2006-05-17,16.95,15.3
2006-05-18,18.35,16.5
2006-05-19,13.05,13.7
2006-05-20,15.0,14.0
2006-05-21,15.55,13.6
2006-05-22,13.350000000000001,11.9
2006-05-23,13.6,12.0
2006-05-24,16.95,15.0
2006-05-25,19.15,17.0
2006-05-26,19.15,18.9
2006-05-27,23.05,20.9
2006-05-28,23.6,21.0
2006-05-29,25.0,22.5
2006-05-30,25.25,22.8
2006-05-31,20.85,20.5
2006-06-01,23.9,23.7
2006-06-02,23.35,22.5
2006-06-03,16.65,18.8
2006-06-04,16.95,15.7
2006-06-05,18.05,17.4
2006-06-06,18.6,18.0
2006-06-07,16.1,15.1
2006-06-08,16.4,15.7
2006-06-09,19.45,18.0
2006-06-10,16.35,14.9
2006-06-11,15.850000000000001,15.4
2006-06-12,18.05,17.6
2006-06-13,21.95,20.4
2006-06-14,21.95,19.8
2006-06-15,22.5,20.0
2006-06-16,23.299999999999997,21.5
2006-06-17,24.450000000000003,22.9
2006-06-18,27.25,26.1
2006-06-19,27.200000000000003,25.9
2006-06-20,25.0,24.1
2006-06-21,24.450000000000003,22.7
2006-06-22,25.6,24.8
2006-06-23,25.799999999999997,25.2
2006-06-24,21.950000000000003,22.0
2006-06-25,22.200000000000003,20.9
2006-06-26,22.5,22.1
2006-06-27,23.65,23.1
2006-06-28,25.0,23.8
2006-06-29,23.3,24.2
2006-06-30,21.95,21.9
2006-07-01,22.75,22.8
2006-07-02,25.85,25.6
2006-07-03,26.4,25.1
2006-07-04,27.8,25.6
2006-07-05,23.05,23.2
2006-07-06,20.55,21.1
2006-07-07,21.95,21.5
2006-07-08,24.200000000000003,22.5
2006-07-09,25.0,23.4
2006-07-10,23.6,23.4
2006-07-11,26.950000000000003,25.7
2006-07-12,25.549999999999997,24.8
2006-07-13,25.0,24.2
2006-07-14,25.6,24.1
2006-07-15,25.0,23.9
2006-07-16,28.049999999999997,26.8
2006-07-17,30.0,29.2
2006-07-18,28.35,29.3
2006-07-19,25.85,25.7
2006-07-20,24.45,23.8
2006-07-21,25.0,25.8
2006-07-22,24.2,24.1
2006-07-23,22.8,22.6
2006-07-24,24.15,23.7
2006-07-25,25.0,23.7
2006-07-26,25.549999999999997,24.6
2006-07-27,27.200000000000003,26.1
2006-07-28,27.799999999999997,26.2
2006-07-29,27.5,26.9
2006-07-30,28.35,27.6
2006-07-31,27.75,27.2
2006-08-01,30.55,30.3
2006-08-02,32.2,31.1
2006-08-03,30.6,31.0
2006-08-04,28.049999999999997,28.0
2006-08-05,26.95,26.7
2006-08-06,25.549999999999997,24.2
2006-08-07,27.25,26.3
2006-08-08,26.4,26.0
2006-08-09,24.15,23.4
2006-08-10,24.15,24.4
2006-08-11,21.950000000000003,22.6
2006-08-12,20.85,21.2
2006-08-13,21.15,21.8
2006-08-14,24.15,23.7
2006-08-15,23.65,24.7
2006-08-16,24.4,24.0
2006-08-17,25.3,23.5
2006-08-18,24.450000000000003,22.6
2006-08-19,24.200000000000003,22.8
2006-08-20,26.4,25.9
2006-08-21,25.3,23.9
2006-08-22,25.3,24.3
2006-08-23,25.55,24.4
2006-08-24,23.6,22.8
2006-08-25,21.1,21.4
2006-08-26,18.9,19.3
2006-08-27,20.0,19.5
2006-08-28,23.05,22.4
2006-08-29,19.75,19.4
2006-08-30,19.75,19.0
2006-08-31,19.15,18.2
2006-09-01,17.5,17.5
2006-09-02,16.95,16.9
2006-09-03,20.549999999999997,20.4
2006-09-04,19.75,18.8
2006-09-05,18.35,17.5
2006-09-06,19.75,18.6
2006-09-07,21.4,19.4
2006-09-08,23.049999999999997,20.7
2006-09-09,23.6,21.4
2006-09-10,19.75,18.6
2006-09-11,17.200000000000003,16.4
2006-09-12,16.1,15.0
2006-09-13,16.35,16.0
2006-09-14,18.6,17.9
2006-09-15,18.6,18.6
2006-09-16,21.700000000000003,19.3
2006-09-17,21.95,20.3
2006-09-18,23.3,20.3
2006-09-19,23.049999999999997,20.5
2006-09-20,18.05,17.4
2006-09-21,15.55,14.9
2006-09-22,16.15,16.0
2006-09-23,20.549999999999997,19.1
2006-09-24,22.75,22.1
2006-09-25,19.45,17.9
2006-09-26,18.35,16.8
2006-09-27,18.05,16.3
2006-09-28,20.299999999999997,17.5
2006-09-29,15.299999999999999,15.5
2006-09-30,14.149999999999999,14.2
2006-10-01,16.65,16.1
2006-10-02,15.85,14.5
2006-10-03,19.700000000000003,17.7
2006-10-04,21.700000000000003,20.1
2006-10-05,15.0,15.5
2006-10-06,12.5,12.4
2006-10-07,13.899999999999999,12.5
2006-10-08,16.15,13.9
2006-10-09,19.200000000000003,16.7
2006-10-10,19.15,17.1
2006-10-11,16.1,15.6
2006-10-12,15.0,16.6
2006-10-13,8.9,9.0
2006-10-14,10.55,8.8
2006-10-15,10.0,8.4
2006-10-16,11.100000000000001,10.5
2006-10-17,14.15,12.1
2006-10-18,19.15,17.4
2006-10-19,16.95,15.5
2006-10-20,13.6,14.0
2006-10-21,10.3,9.1
2006-10-22,11.4,10.7
2006-10-23,9.75,9.5
2006-10-24,8.05,7.0
2006-10-25,9.2,7.6
2006-10-26,7.2,6.4
2006-10-27,6.699999999999999,5.5
2006-10-28,13.6,12.4
2006-10-29,9.45,8.0
2006-10-30,11.15,8.7
2006-10-31,15.55,11.9
2006-11-01,17.25,14.4
2006-11-02,10.85,8.5
2006-11-03,5.25,4.8
2006-11-04,5.0,3.3
2006-11-05,6.4,4.8
2006-11-06,9.15,5.7
2006-11-07,11.65,9.2
2006-11-08,14.15,12.7
2006-11-09,16.65,14.3
2006-11-10,13.1,11.9
2006-11-11,14.149999999999999,12.1
2006-11-12,12.5,13.1
2006-11-13,13.600000000000001,12.9
2006-11-14,14.15,12.4
2006-11-15,15.25,14.2
2006-11-16,17.8,16.5
2006-11-17,13.350000000000001,14.4
2006-11-18,8.899999999999999,8.2
2006-11-19,7.25,7.0
2006-11-20,5.25,5.0
2006-11-21,4.75,3.2
2006-11-22,5.55,4.9
2006-11-23,5.550000000000001,5.0
2006-11-24,9.7,7.7
2006-11-25,8.05,5.3
2006-11-26,11.1,6.7
2006-11-27,13.05,8.1
2006-11-28,12.5,8.7
2006-11-29,12.5,10.8
2006-11-30,17.5,14.5
2006-12-01,15.25,16.9
2006-12-02,6.65,6.7
2006-12-03,4.75,3.2
2006-12-04,2.2,2.0
2006-12-05,0.5499999999999999,-0.9
2006-12-06,4.4,1.5
2006-12-07,4.199999999999999,4.7
2006-12-08,-4.75,-3.8
2006-12-09,-0.5500000000000003,-1.6
2006-12-10,6.949999999999999,2.9
2006-12-11,10.55,4.7
2006-12-12,8.05,4.8
2006-12-13,11.100000000000001,9.0
2006-12-14,10.85,7.8
2006-12-15,8.9,7.5
2006-12-16,7.8,5.7
2006-12-17,9.45,6.0
2006-12-18,10.85,10.0
2006-12-19,4.7,3.8
2006-12-20,4.15,1.5
2006-12-21,7.75,4.0
2006-12-22,6.65,3.5
2006-12-23,11.95,10.7
2006-12-24,8.6,6.3
2006-12-25,5.55,3.4
2006-12-26,8.899999999999999,7.9
2006-12-27,4.699999999999999,4.0
2006-12-28,5.550000000000001,2.6
2006-12-29,5.85,3.0
2006-12-30,4.7,3.5
2006-12-31,3.9,1.9
2007-01-01,10.25,9.1
2007-01-02,7.5,5.0
2007-01-03,7.199999999999999,3.0
2007-01-04,9.7,5.9
2007-01-05,14.2,11.9
2007-01-06,17.2,15.8
2007-01-07,9.45,7.6
2007-01-08,8.3,9.3
2007-01-09,3.9000000000000004,2.8
2007-01-10,0.2500000000000001,0.1
2007-01-11,0.0,-1.2
2007-01-12,5.85,4.0
2007-01-13,10.25,8.3
2007-01-14,6.4,6.2
2007-01-15,9.15,7.1
2007-01-16,3.6000000000000005,4.9
2007-01-17,-4.45,-4.4
2007-01-18,-0.55,-1.1
2007-01-19,2.2,1.4
2007-01-20,-3.05,-2.3
2007-01-21,-4.45,-4.3
2007-01-22,-1.0999999999999999,-1.6
2007-01-23,0.0,-1.3
2007-01-24,2.2,-0.6
2007-01-25,-4.15,-2.1
2007-01-26,-9.2,-8.9
2007-01-27,-0.8500000000000001,-1.7
2007-01-28,1.95,1.2
2007-01-29,-3.5999999999999996,-3.6
2007-01-30,-2.1999999999999997,-3.2
2007-01-31,-1.65,-2.6
2007-02-01,-1.0999999999999999,-1.8
2007-02-02,1.65,0.9
2007-02-03,-1.65,-2.7
2007-02-04,-5.25,-6.0
2007-02-05,-10.55,-10.4
2007-02-06,-7.8,-9.0
2007-02-07,-7.5,-7.7
2007-02-08,-6.1,-6.8
2007-02-09,-3.9,-5.4
2007-02-10,-2.2,-4.0
2007-02-11,-3.3000000000000003,-4.5
2007-02-12,1.1,-1.6
2007-02-13,-2.8,-3.4
2007-02-14,-5.3,-4.7
2007-02-15,-6.9,-9.8
2007-02-16,-5.85,-9.1
2007-02-17,-2.75,-5.9
2007-02-18,-3.3499999999999996,-4.2
2007-02-19,-6.1,-9.5
2007-02-20,3.3000000000000003,1.3
2007-02-21,6.65,3.1
2007-02-22,4.7,1.5
2007-02-23,-0.8499999999999999,-0.7
2007-02-24,-0.5500000000000003,-3.2
2007-02-25,-0.8000000000000003,-0.9
2007-02-26,0.55,-0.4
2007-02-27,3.5999999999999996,1.2
2007-02-28,4.75,-0.2
2007-03-01,4.2,0.6
2007-03-02,8.05,7.6
2007-03-03,9.7,3.9
2007-03-04,2.5,0.7
2007-03-05,-0.5499999999999998,-0.3
2007-03-06,-8.899999999999999,-9.7
2007-03-07,-8.05,-7.8
2007-03-08,-3.3499999999999996,-5.2
2007-03-09,-4.45,-5.3
2007-03-10,6.95,3.7
2007-03-11,6.65,5.2
2007-03-12,8.05,4.0
2007-03-13,10.0,5.9
2007-03-14,14.450000000000001,12.1
2007-03-15,10.799999999999999,9.2
2007-03-16,-0.5499999999999998,-0.9
2007-03-17,-0.30000000000000004,-1.5
2007-03-18,0.55,-2.8
2007-03-19,2.5,-2.9
2007-03-20,5.3,3.2
2007-03-21,0.5500000000000003,-1.9
2007-03-22,11.899999999999999,9.5
2007-03-23,13.350000000000001,11.0
2007-03-24,8.899999999999999,6.7
2007-03-25,7.75,6.1
2007-03-26,8.049999999999999,5.7
2007-03-27,17.8,14.7
2007-03-28,12.75,11.1
2007-03-29,8.6,6.3
2007-03-30,11.95,8.2
2007-03-31,10.85,6.3
2007-04-01,7.8,5.6
2007-04-02,9.45,8.3
2007-04-03,11.399999999999999,8.7
2007-04-04,5.0,4.3
2007-04-05,3.9000000000000004,4.2
2007-04-06,2.5,2.1
2007-04-07,2.75,1.4
2007-04-08,1.95,1.7
2007-04-09,4.7,3.0
2007-04-10,5.6,3.2
2007-04-11,6.1,4.3
2007-04-12,5.3,5.0
2007-04-13,7.5,6.2
2007-04-14,8.850000000000001,6.8
2007-04-15,8.600000000000001,7.2
2007-04-16,6.1,7.6
2007-04-17,8.1,5.9
2007-04-18,8.1,6.8
2007-04-19,11.65,7.8
2007-04-20,14.2,9.8
2007-04-21,16.650000000000002,12.7
2007-04-22,19.200000000000003,13.8
2007-04-23,22.2,17.0
2007-04-24,19.4,17.9
2007-04-25,13.85,11.6
2007-04-26,11.950000000000001,9.4
2007-04-27,10.8,10.6
2007-04-28,16.95,14.3
2007-04-29,16.1,13.3
2007-04-30,18.9,14.6
2007-05-01,16.15,13.5
2007-05-02,15.0,13.1
2007-05-03,16.4,13.1
2007-05-04,15.85,13.1
2007-05-05,16.7,13.3
2007-05-06,12.5,10.4
2007-05-07,13.049999999999999,10.2
2007-05-08,15.25,12.9
2007-05-09,21.1,17.2
2007-05-10,20.55,18.7
2007-05-11,20.3,19.0
2007-05-12,17.5,16.6
2007-05-13,14.7,13.8
2007-05-14,15.25,13.6
2007-05-15,21.1,19.2
2007-05-16,22.2,21.5
2007-05-17,16.4,14.8
2007-05-18,10.55,10.9
2007-05-19,11.95,11.7
2007-05-20,17.25,15.7
2007-05-21,16.7,15.5
2007-05-22,18.049999999999997,15.1
2007-05-23,18.05,16.1
2007-05-24,21.65,19.9
2007-05-25,25.0,23.3
2007-05-26,25.549999999999997,23.6
2007-05-27,24.45,22.2
2007-05-28,23.85,23.8
2007-05-29,21.4,20.3
2007-05-30,22.5,21.8
2007-05-31,25.299999999999997,23.4
2007-06-01,24.450000000000003,24.4
2007-06-02,26.7,25.0
2007-06-03,21.65,21.0
2007-06-04,18.35,17.7
2007-06-05,23.049999999999997,22.1
2007-06-06,17.5,17.3
2007-06-07,18.049999999999997,18.0
2007-06-08,23.6,21.3
2007-06-09,23.05,21.3
2007-06-10,19.45,18.9
2007-06-11,23.049999999999997,22.1
2007-06-12,23.3,22.4
2007-06-13,16.4,17.9
2007-06-14,15.55,15.8
2007-06-15,19.15,17.1
2007-06-16,21.4,20.0
2007-06-17,24.45,24.4
2007-06-18,24.45,23.7
2007-06-19,22.799999999999997,22.8
2007-06-20,22.5,22.3
2007-06-21,21.15,21.5
2007-06-22,19.700000000000003,20.2
2007-06-23,18.3,18.7
2007-06-24,20.55,20.5
2007-06-25,23.049999999999997,22.2
2007-06-26,27.5,26.2
2007-06-27,26.650000000000002,27.2
2007-06-28,25.85,26.3
2007-06-29,22.2,23.2
2007-06-30,22.2,22.7
2007-07-01,19.700000000000003,20.4
2007-07-02,18.6,19.3
2007-07-03,21.15,20.6
2007-07-04,20.0,19.7
2007-07-05,22.5,21.9
2007-07-06,23.85,23.6
2007-07-07,24.4,23.5
2007-07-08,26.7,25.8
2007-07-09,28.849999999999998,28.3
2007-07-10,28.299999999999997,27.9
2007-07-11,25.25,25.2
2007-07-12,22.799999999999997,23.4
2007-07-13,23.9,23.2
2007-07-14,23.9,23.0
2007-07-15,26.65,26.1
2007-07-16,24.75,24.2
2007-07-17,25.85,24.7
2007-07-18,23.1,23.3
2007-07-19,24.700000000000003,24.0
2007-07-20,22.5,23.6
2007-07-21,22.5,21.8
2007-07-22,24.15,22.5
2007-07-23,18.9,19.3
2007-07-24,20.8,21.0
2007-07-25,23.85,22.9
2007-07-26,25.549999999999997,23.4
2007-07-27,25.299999999999997,23.6
2007-07-28,25.299999999999997,24.6
2007-07-29,24.45,24.1
2007-07-30,25.55,24.5
2007-07-31,26.4,25.1
2007-08-01,26.950000000000003,26.2
2007-08-02,28.599999999999998,27.8
2007-08-03,25.55,27.5
2007-08-04,26.15,27.8
2007-08-05,25.25,24.2
2007-08-06,25.25,25.1
2007-08-07,27.799999999999997,27.4
2007-08-08,27.5,28.4
2007-08-09,25.25,24.1
2007-08-10,18.05,18.8
2007-08-11,20.55,20.2
2007-08-12,24.7,23.9
2007-08-13,25.0,24.7
2007-08-14,22.75,22.4
2007-08-15,24.15,23.8
2007-08-16,25.8,25.4
2007-08-17,23.049999999999997,24.3
2007-08-18,19.15,19.3
2007-08-19,18.65,19.5
2007-08-20,17.5,17.6
2007-08-21,14.15,15.3
2007-08-22,15.8,16.7
2007-08-23,20.299999999999997,19.6
2007-08-24,23.6,22.9
2007-08-25,26.700000000000003,25.8
2007-08-26,24.45,25.2
2007-08-27,23.85,23.0
2007-08-28,24.15,22.7
2007-08-29,24.4,22.7
2007-08-30,25.55,22.7
2007-08-31,23.1,22.7
2007-09-01,21.950000000000003,21.3
2007-09-02,20.0,19.4
2007-09-03,22.8,22.2
2007-09-04,24.450000000000003,23.6
2007-09-05,22.200000000000003,21.3
2007-09-06,23.049999999999997,21.8
2007-09-07,25.55,24.3
2007-09-08,26.4,25.5
2007-09-09,25.549999999999997,24.3
2007-09-10,24.450000000000003,23.5
2007-09-11,21.950000000000003,22.2
2007-09-12,20.299999999999997,19.9
2007-09-13,18.85,18.9
2007-09-14,20.55,19.1
2007-09-15,16.700000000000003,18.1
2007-09-16,14.45,14.5
2007-09-17,15.600000000000001,14.9
2007-09-18,16.4,15.2
2007-09-19,18.85,16.4
2007-09-20,21.7,19.4
2007-09-21,22.5,20.6
2007-09-22,21.1,20.1
2007-09-23,21.15,21.4
2007-09-24,20.25,19.7
2007-09-25,23.299999999999997,21.8
2007-09-26,25.6,24.6
2007-09-27,24.75,23.5
2007-09-28,20.25,21.0
2007-09-29,19.4,18.4
2007-09-30,17.75,17.0
2007-10-01,17.8,16.3
2007-10-02,19.15,17.9
2007-10-03,21.950000000000003,20.5
2007-10-04,24.75,22.4
2007-10-05,23.85,21.9
2007-10-06,23.6,22.6
2007-10-07,23.6,22.2
2007-10-08,25.0,23.5
2007-10-09,20.85,20.4
2007-10-10,18.35,18.8
2007-10-11,17.2,17.5
2007-10-12,12.25,13.3
2007-10-13,12.2,11.4
2007-10-14,14.149999999999999,12.1
2007-10-15,14.399999999999999,13.1
2007-10-16,17.200000000000003,14.5
2007-10-17,18.6,17.2
2007-10-18,21.1,19.0
2007-10-19,20.55,20.2
2007-10-20,18.35,18.0
2007-10-21,18.3,16.6
2007-10-22,19.7,17.4
2007-10-23,22.25,20.2
2007-10-24,15.25,16.5
2007-10-25,11.65,11.9
2007-10-26,12.75,12.9
2007-10-27,16.35,16.8
2007-10-28,9.7,11.1
2007-10-29,7.5,7.5
2007-10-30,12.25,9.9
2007-10-31,13.600000000000001,11.1
2007-11-01,14.45,13.2
2007-11-02,10.0,9.0
2007-11-03,8.9,8.4
2007-11-04,10.25,9.2
2007-11-05,10.3,8.5
2007-11-06,9.7,9.6
2007-11-07,6.65,6.3
2007-11-08,4.75,3.6
2007-11-09,5.3,5.2
2007-11-10,5.3,5.0
2007-11-11,3.6,3.5
2007-11-12,6.65,5.9
2007-11-13,11.65,9.5
2007-11-14,10.8,8.9
2007-11-15,11.649999999999999,9.8
2007-11-16,5.550000000000001,5.4
2007-11-17,4.75,4.0
2007-11-18,5.3,4.4
2007-11-19,3.9000000000000004,3.9
2007-11-20,6.65,5.3
2007-11-21,10.25,8.1
2007-11-22,11.649999999999999,12.6
2007-11-23,1.6500000000000001,2.3
2007-11-24,0.30000000000000004,-0.3
2007-11-25,5.25,2.7
2007-11-26,10.55,6.9
2007-11-27,11.95,10.6
2007-11-28,4.45,3.9
2007-11-29,7.8,5.8
2007-11-30,3.65,2.8
2007-12-01,-0.30000000000000004,0.3
2007-12-02,-2.25,-1.2
2007-12-03,4.15,4.3
2007-12-04,-0.55,-0.9
2007-12-05,-0.8,-2.0
2007-12-06,-2.75,-3.1
2007-12-07,-0.2500000000000001,-1.9
2007-12-08,3.9000000000000004,1.3
2007-12-09,2.75,0.4
2007-12-10,3.6,2.7
2007-12-11,4.45,2.0
2007-12-12,6.1,6.7
2007-12-13,0.2500000000000001,-0.0
2007-12-14,2.5,0.6
2007-12-15,0.2500000000000001,-3.3
2007-12-16,0.7999999999999999,1.9
2007-12-17,-1.3499999999999999,-3.2
2007-12-18,0.5499999999999999,-3.5
2007-12-19,3.5999999999999996,0.7
2007-12-20,4.2,1.3
2007-12-21,3.05,0.9
2007-12-22,3.35,2.8
2007-12-23,10.55,9.3
2007-12-24,6.4,4.3
2007-12-25,3.9,2.0
2007-12-26,1.95,0.6
2007-12-27,4.15,1.9
2007-12-28,6.9,3.6
2007-12-29,8.1,7.3
2007-12-30,3.9,2.1
2007-12-31,4.2,2.9
2008-01-01,5.550000000000001,2.9
2008-01-02,-2.5000000000000004,-2.1
2008-01-03,-8.9,-8.5
2008-01-04,-3.35,-3.7
2008-01-05,3.05,-0.4
2008-01-06,6.1,3.0
2008-01-07,11.95,7.4
2008-01-08,14.75,10.3
2008-01-09,13.05,11.3
2008-01-10,7.5,4.3
2008-01-11,8.850000000000001,8.1
2008-01-12,7.5,4.8
2008-01-13,4.7,2.5
2008-01-14,2.5,1.8
2008-01-15,1.65,0.7
2008-01-16,1.1,-0.4
2008-01-17,1.4,-0.1
2008-01-18,5.3,3.6
2008-01-19,1.4,0.0
2008-01-20,-3.6000000000000005,-3.4
2008-01-21,-6.35,-6.3
2008-01-22,-0.55,-1.6
2008-01-23,1.6500000000000001,-0.4
2008-01-24,-1.6500000000000001,-2.1
2008-01-25,-2.75,-3.6
2008-01-26,-1.4,-2.8
2008-01-27,1.4,-0.9
2008-01-28,1.4,-0.5
2008-01-29,2.5,-0.2
2008-01-30,4.7,3.0
2008-01-31,0.5499999999999998,-1.1
2008-02-01,5.85,2.2
2008-02-02,3.9,3.5
2008-02-03,5.0,2.4
2008-02-04,3.3499999999999996,1.2
2008-02-05,7.199999999999999,7.5
2008-02-06,12.5,11.0
2008-02-07,6.35,5.7
2008-02-08,4.45,2.0
2008-02-09,4.75,2.0
2008-02-10,-1.35,0.6
2008-02-11,-8.3,-8.0
2008-02-12,-4.45,-5.1
2008-02-13,5.8,4.7
2008-02-14,1.1,0.1
2008-02-15,3.8500000000000005,2.1
2008-02-16,-1.95,-2.1
2008-02-17,5.3,1.0
2008-02-18,11.100000000000001,11.0
2008-02-19,1.4,1.5
2008-02-20,-2.2,-2.1
2008-02-21,-3.0500000000000003,-3.3
2008-02-22,-1.4,-1.3
2008-02-23,-0.55,-0.6
2008-02-24,-0.2500000000000002,-4.0
2008-02-25,4.45,-1.5
2008-02-26,5.800000000000001,2.4
2008-02-27,0.5500000000000003,1.8
2008-02-28,-5.0,-5.5
2008-02-29,-3.3000000000000003,-4.8
2008-03-01,4.2,2.8
2008-03-02,1.9499999999999997,0.1
2008-03-03,7.5,3.7
2008-03-04,12.2,10.3
2008-03-05,8.35,9.0
2008-03-06,5.25,3.0
2008-03-07,4.7,3.7
2008-03-08,8.05,8.0
2008-03-09,2.25,1.3
2008-03-10,2.2,1.2
2008-03-11,5.55,3.1
2008-03-12,5.0,4.7
2008-03-13,3.3000000000000003,2.1
2008-03-14,8.850000000000001,5.8
2008-03-15,9.15,6.9
2008-03-16,5.0,4.8
2008-03-17,4.45,2.7
2008-03-18,4.2,2.0
2008-03-19,8.35,7.6
2008-03-20,8.3,8.2
2008-03-21,3.9,2.8
2008-03-22,5.55,3.4
2008-03-23,3.9000000000000004,2.3
2008-03-24,5.3,2.3
2008-03-25,4.15,2.4
2008-03-26,11.100000000000001,8.3
2008-03-27,8.05,5.1
2008-03-28,6.1,6.2
2008-03-29,4.45,3.0
2008-03-30,3.6,1.3
2008-03-31,8.35,5.4
2008-04-01,15.799999999999999,14.1
2008-04-02,7.5,6.3
2008-04-03,5.3,4.0
2008-04-04,8.649999999999999,8.0
2008-04-05,12.5,11.1
2008-04-06,8.1,7.5
2008-04-07,7.8,5.9
2008-04-08,9.7,7.0
2008-04-09,9.4,7.6
2008-04-10,16.4,13.7
2008-04-11,12.75,10.6
2008-04-12,16.65,16.3
2008-04-13,9.7,10.5
2008-04-14,8.85,7.3
2008-04-15,10.850000000000001,7.9
2008-04-16,13.6,9.6
2008-04-17,15.3,12.5
2008-04-18,19.75,15.5
2008-04-19,17.2,14.1
2008-04-20,13.600000000000001,12.5
2008-04-21,12.75,11.9
2008-04-22,15.55,12.9
2008-04-23,18.65,16.2
2008-04-24,21.65,17.6
2008-04-25,17.5,14.6
2008-04-26,14.2,12.2
2008-04-27,10.8,9.7
2008-04-28,11.350000000000001,11.5
2008-04-29,10.85,11.3
2008-04-30,9.75,8.3
2008-05-01,11.15,10.0
2008-05-02,10.8,11.6
2008-05-03,11.350000000000001,11.0
2008-05-04,15.3,14.2
2008-05-05,16.4,14.1
2008-05-06,18.35,15.9
2008-05-07,18.85,15.8
2008-05-08,20.0,17.7
2008-05-09,13.350000000000001,11.0
2008-05-10,13.899999999999999,12.8
2008-05-11,13.05,11.5
2008-05-12,9.7,8.8
2008-05-13,16.1,13.7
2008-05-14,17.2,13.6
2008-05-15,17.799999999999997,15.0
2008-05-16,13.05,12.5
2008-05-17,15.25,14.7
2008-05-18,15.0,14.2
2008-05-19,12.2,11.6
2008-05-20,11.100000000000001,9.7
2008-05-21,14.15,12.6
2008-05-22,11.95,11.7
2008-05-23,15.0,14.0
2008-05-24,16.7,15.0
2008-05-25,18.35,16.7
2008-05-26,20.55,18.7
2008-05-27,21.95,21.2
2008-05-28,15.85,15.0
2008-05-29,16.95,15.9
2008-05-30,21.1,18.7
2008-05-31,21.1,20.6
2008-06-01,23.05,21.8
2008-06-02,21.15,19.8
2008-06-03,23.35,20.9
2008-06-04,17.8,18.1
2008-06-05,19.700000000000003,19.4
2008-06-06,19.15,18.4
2008-06-07,25.25,24.8
2008-06-08,28.6,27.4
2008-06-09,30.0,28.3
2008-06-10,28.1,28.2
2008-06-11,25.25,24.8
2008-06-12,25.0,23.4
2008-06-13,23.6,22.3
2008-06-14,25.85,24.5
2008-06-15,23.3,23.6
2008-06-16,20.85,22.2
2008-06-17,20.0,20.5
2008-06-18,18.35,18.5
2008-06-19,19.15,18.5
2008-06-20,21.1,20.5
2008-06-21,21.95,22.4
2008-06-22,23.35,22.5
2008-06-23,23.35,22.2
2008-06-24,22.25,21.9
2008-06-25,22.75,22.1
2008-06-26,24.45,22.3
2008-06-27,25.55,24.9
2008-06-28,26.95,25.7
2008-06-29,26.1,25.2
2008-06-30,24.700000000000003,24.7
2008-07-01,25.25,24.3
2008-07-02,24.4,23.8
2008-07-03,26.7,25.5
2008-07-04,23.1,23.1
2008-07-05,21.65,22.4
2008-07-06,23.05,22.7
2008-07-07,24.450000000000003,23.8
2008-07-08,27.25,26.2
2008-07-09,26.35,25.4
2008-07-10,25.549999999999997,24.4
2008-07-11,24.75,23.8
2008-07-12,25.549999999999997,24.5
2008-07-13,25.299999999999997,24.0
2008-07-14,23.299999999999997,22.8
2008-07-15,26.4,24.9
2008-07-16,27.2,25.7
2008-07-17,28.049999999999997,26.6
2008-07-18,28.85,28.4
2008-07-19,30.6,29.0
2008-07-20,29.15,28.7
2008-07-21,28.049999999999997,28.1
2008-07-22,26.700000000000003,25.6
2008-07-23,23.65,23.7
2008-07-24,23.9,22.4
2008-07-25,24.45,23.2
2008-07-26,26.15,24.0
2008-07-27,23.85,23.3
2008-07-28,24.45,23.6
2008-07-29,26.95,25.0
2008-07-30,26.4,24.8
2008-07-31,27.799999999999997,26.4
2008-08-01,27.75,25.8
2008-08-02,23.299999999999997,24.4
2008-08-03,23.35,22.9
2008-08-04,24.7,23.4
2008-08-05,25.3,23.5
2008-08-06,25.85,25.0
2008-08-07,24.45,24.1
2008-08-08,22.25,21.6
2008-08-09,22.2,21.6
2008-08-10,22.75,21.6
2008-08-11,18.9,18.8
2008-08-12,21.7,20.3
2008-08-13,23.05,21.2
2008-08-14,23.9,22.5
2008-08-15,22.25,21.4
2008-08-16,22.2,21.5
2008-08-17,23.3,22.1
2008-08-18,25.85,24.0
2008-08-19,23.3,23.3
2008-08-20,20.0,19.4
2008-08-21,22.25,20.6
2008-08-22,23.6,21.2
2008-08-23,23.049999999999997,21.3
2008-08-24,23.9,22.2
2008-08-25,24.4,23.6
2008-08-26,21.4,20.6
2008-08-27,21.1,19.5
2008-08-28,23.049999999999997,21.3
2008-08-29,23.299999999999997,20.5
2008-08-30,23.85,22.6
2008-08-31,23.6,23.2
2008-09-01,23.35,22.3
2008-09-02,25.55,23.5
2008-09-03,24.15,23.1
2008-09-04,26.650000000000002,25.0
2008-09-05,26.1,24.6
2008-09-06,24.15,23.5
2008-09-07,23.049999999999997,22.0
2008-09-08,22.5,21.5
2008-09-09,21.1,21.1
2008-09-10,18.9,18.9
2008-09-11,19.15,18.3
2008-09-12,19.15,18.5
2008-09-13,22.75,21.6
2008-09-14,26.1,24.5
2008-09-15,23.3,24.3
2008-09-16,18.6,18.4
2008-09-17,18.6,18.1
2008-09-18,18.9,17.7
2008-09-19,15.0,14.6
2008-09-20,15.600000000000001,15.2
2008-09-21,20.0,18.1
2008-09-22,19.45,18.1
2008-09-23,16.65,16.2
2008-09-24,16.700000000000003,15.5
2008-09-25,15.55,15.5
2008-09-26,16.1,16.1
2008-09-27,18.9,18.1
2008-09-28,20.299999999999997,19.8
2008-09-29,19.700000000000003,19.2
2008-09-30,17.8,17.2
2008-10-01,17.8,17.5
2008-10-02,13.899999999999999,14.0
2008-10-03,13.649999999999999,13.3
2008-10-04,12.200000000000001,12.3
2008-10-05,13.899999999999999,14.1
2008-10-06,13.05,12.4
2008-10-07,11.95,11.2
2008-10-08,13.05,12.6
2008-10-09,19.15,17.3
2008-10-10,18.3,16.4
2008-10-11,15.850000000000001,14.5
2008-10-12,16.4,14.6
2008-10-13,18.85,17.1
2008-10-14,17.2,16.6
2008-10-15,17.5,16.9
2008-10-16,18.35,18.1
2008-10-17,12.8,12.5
2008-10-18,10.25,9.9
2008-10-19,9.2,8.5
2008-10-20,10.3,8.8
2008-10-21,11.65,9.6
2008-10-22,8.35,7.8
2008-10-23,8.05,7.0
2008-10-24,8.9,8.2
2008-10-25,15.0,14.6
2008-10-26,12.8,12.2
2008-10-27,12.8,11.2
2008-10-28,6.1000000000000005,6.0
2008-10-29,5.55,5.3
2008-10-30,5.550000000000001,4.4
2008-10-31,10.25,7.4
2008-11-01,14.45,11.4
2008-11-02,6.65,6.3
2008-11-03,10.8,9.6
2008-11-04,13.3,11.4
2008-11-05,15.0,12.9
2008-11-06,15.55,14.1
2008-11-07,16.1,14.7
2008-11-08,13.649999999999999,14.1
2008-11-09,10.8,10.3
2008-11-10,8.1,7.1
2008-11-11,6.699999999999999,5.1
2008-11-12,7.2,5.4
2008-11-13,10.8,9.6
2008-11-14,15.850000000000001,13.8
2008-11-15,16.9,15.7
2008-11-16,10.0,9.2
2008-11-17,5.25,4.3
2008-11-18,1.65,1.5
2008-11-19,-0.25,-1.1
2008-11-20,1.0999999999999999,-0.3
2008-11-21,-0.30000000000000004,-1.1
2008-11-22,-2.5,-2.8
2008-11-23,-1.1,-1.9
2008-11-24,5.3,2.5
2008-11-25,5.25,4.8
2008-11-26,4.7,2.3
2008-11-27,4.2,1.3
2008-11-28,6.65,2.7
2008-11-29,4.75,1.6
2008-11-30,4.15,2.7
2008-12-01,9.45,8.6
2008-12-02,4.45,3.8
2008-12-03,2.8,0.5
2008-12-04,6.95,4.1
2008-12-05,2.5,1.1
2008-12-06,0.0,-1.0
2008-12-07,-2.25,-0.9
2008-12-08,-4.15,-4.9
2008-12-09,6.65,3.0
2008-12-10,12.2,11.3
2008-12-11,4.449999999999999,2.8
2008-12-12,3.35,3.5
2008-12-13,-1.4,-1.5
2008-12-14,3.85,0.3
2008-12-15,14.149999999999999,10.6
2008-12-16,6.65,4.3
2008-12-17,2.8,2.9
2008-12-18,3.9,1.0
2008-12-19,0.5499999999999999,-0.3
2008-12-20,-3.0999999999999996,-4.6
2008-12-21,-0.55,-0.0
2008-12-22,-6.699999999999999,-8.8
2008-12-23,-4.2,-7.1
2008-12-24,6.9,3.7
2008-12-25,7.25,4.4
2008-12-26,2.5,-0.2
2008-12-27,6.95,5.6
2008-12-28,13.3,12.2
2008-12-29,5.550000000000001,3.3
2008-12-30,3.3499999999999996,2.5
2008-12-31,-3.05,-2.2
2009-01-01,-6.35,-7.0
2009-01-02,-1.95,-2.7
2009-01-03,0.7999999999999999,-0.9
2009-01-04,0.8499999999999999,-0.9
2009-01-05,4.699999999999999,3.0
2009-01-06,1.3499999999999999,-0.8
2009-01-07,1.3499999999999999,1.8
2009-01-08,0.7999999999999999,0.9
2009-01-09,-1.65,-2.0
2009-01-10,-3.05,-3.4
2009-01-11,-2.5,-2.5
2009-01-12,-2.75,-6.4
2009-01-13,1.4,-1.3
2009-01-14,-3.35,-6.2
2009-01-15,-7.5,-9.0
2009-01-16,-10.850000000000001,-13.4
2009-01-17,-10.0,-13.3
2009-01-18,-1.9499999999999997,-3.5
2009-01-19,-1.3499999999999999,-2.8
2009-01-20,-4.45,-7.7
2009-01-21,-5.800000000000001,-9.7
2009-01-22,-1.9500000000000002,-6.4
2009-01-23,3.8500000000000005,-0.2
2009-01-24,-0.25000000000000044,-1.7
2009-01-25,-6.699999999999999,-8.2
2009-01-26,-4.45,-6.8
2009-01-27,-2.8,-4.3
2009-01-28,0.2999999999999998,0.5
2009-01-29,-0.5499999999999998,-3.4
2009-01-30,-0.7999999999999999,-2.8
2009-01-31,-4.75,-6.6
2009-02-01,3.9,-0.9
2009-02-02,6.3999999999999995,2.4
2009-02-03,-1.4,-0.6
2009-02-04,-4.7,-6.5
2009-02-05,-8.05,-10.9
2009-02-06,-4.7,-8.1
2009-02-07,3.9,-0.2
2009-02-08,8.85,5.7
2009-02-09,3.9,1.2
2009-02-10,5.85,2.8
2009-02-11,12.75,8.1
2009-02-12,10.3,8.0
2009-02-13,3.0500000000000003,2.5
2009-02-14,1.4,0.5
2009-02-15,1.6999999999999997,0.3
2009-02-16,1.1,-0.9
2009-02-17,0.0,-0.9
2009-02-18,3.35,0.1
2009-02-19,3.6,4.2
2009-02-20,-2.2,-2.5
2009-02-21,1.15,-0.6
2009-02-22,3.0500000000000003,1.9
2009-02-23,-1.6500000000000001,-2.1
2009-02-24,-1.4,-3.3
2009-02-25,0.5999999999999996,-1.1
2009-02-26,5.85,2.1
2009-02-27,11.100000000000001,7.8
2009-02-28,5.8,3.5
2009-03-01,0.0,0.2
2009-03-02,-5.550000000000001,-5.3
2009-03-03,-7.199999999999999,-9.7
2009-03-04,-3.3499999999999996,-8.9
2009-03-05,1.9499999999999997,-2.2
2009-03-06,8.05,3.5
2009-03-07,15.850000000000001,9.9
2009-03-08,13.600000000000001,11.7
2009-03-09,6.35,5.9
2009-03-10,5.550000000000001,3.8
2009-03-11,9.7,8.5
2009-03-12,3.35,2.3
2009-03-13,0.8000000000000003,-0.1
2009-03-14,5.3,3.1
2009-03-15,8.1,5.3
2009-03-16,6.3500000000000005,4.4
2009-03-17,7.5,4.3
2009-03-18,11.4,7.3
2009-03-19,8.649999999999999,5.9
2009-03-20,4.2,3.5
2009-03-21,4.4,1.9
2009-03-22,6.949999999999999,4.5
2009-03-23,2.5,1.0
2009-03-24,3.6,1.7
2009-03-25,6.3999999999999995,3.2
2009-03-26,6.4,4.2
2009-03-27,11.95,9.2
2009-03-28,10.55,9.1
2009-03-29,8.35,8.9
2009-03-30,8.35,8.0
2009-03-31,9.45,6.9
2009-04-01,7.75,6.4
2009-04-02,12.25,10.3
2009-04-03,12.5,11.4
2009-04-04,10.25,9.4
2009-04-05,12.75,9.8
2009-04-06,10.0,9.0
2009-04-07,6.65,6.2
2009-04-08,5.3,4.6
2009-04-09,11.1,7.4
2009-04-10,11.1,8.7
2009-04-11,7.5,7.2
2009-04-12,5.800000000000001,4.5
2009-04-13,7.5,5.8
2009-04-14,8.35,6.1
2009-04-15,9.75,8.0
2009-04-16,12.25,7.9
2009-04-17,13.649999999999999,10.3
2009-04-18,19.15,15.0
2009-04-19,12.75,11.1
2009-04-20,7.8,7.4
2009-04-21,11.95,11.4
2009-04-22,10.8,9.3
2009-04-23,10.0,8.8
2009-04-24,15.25,11.4
2009-04-25,21.1,18.4
2009-04-26,26.349999999999998,22.3
2009-04-27,21.65,19.6
2009-04-28,26.400000000000002,23.5
2009-04-29,15.0,13.8
2009-04-30,12.5,11.1
2009-05-01,16.7,15.8
2009-05-02,16.1,15.7
2009-05-03,13.35,12.5
2009-05-04,12.25,11.6
2009-05-05,11.399999999999999,11.3
2009-05-06,13.850000000000001,12.3
2009-05-07,15.850000000000001,16.7
2009-05-08,18.3,17.2
2009-05-09,19.4,19.7
2009-05-10,16.65,15.8
2009-05-11,14.45,12.8
2009-05-12,15.3,13.6
2009-05-13,14.399999999999999,13.7
2009-05-14,16.35,15.5
2009-05-15,20.0,17.7
2009-05-16,18.05,16.9
2009-05-17,15.0,14.1
2009-05-18,11.9,10.8
2009-05-19,13.350000000000001,12.4
2009-05-20,19.45,17.6
2009-05-21,22.8,19.9
2009-05-22,22.799999999999997,21.1
2009-05-23,19.2,18.8
2009-05-24,21.95,21.1
2009-05-25,22.2,21.0
2009-05-26,15.299999999999999,14.0
2009-05-27,15.0,14.7
2009-05-28,14.700000000000001,15.4
2009-05-29,18.05,16.7
2009-05-30,20.3,19.7
2009-05-31,20.55,19.1
2009-06-01,15.85,15.7
2009-06-02,21.4,20.0
2009-06-03,17.2,17.2
2009-06-04,16.4,16.3
2009-06-05,14.2,14.4
2009-06-06,19.15,18.1
2009-06-07,22.5,20.7
2009-06-08,20.299999999999997,20.4
2009-06-09,18.65,19.0
2009-06-10,17.2,18.4
2009-06-11,16.4,17.4
2009-06-12,21.7,21.5
2009-06-13,19.450000000000003,19.9
2009-06-14,18.6,18.6
2009-06-15,18.05,16.6
2009-06-16,17.200000000000003,16.3
2009-06-17,16.4,15.7
2009-06-18,16.7,17.1
2009-06-19,21.1,20.5
2009-06-20,19.45,18.7
2009-06-21,21.4,19.2
2009-06-22,21.1,20.0
2009-06-23,22.799999999999997,20.6
2009-06-24,21.35,20.3
2009-06-25,22.25,21.3
2009-06-26,23.05,23.1
2009-06-27,22.2,21.8
2009-06-28,22.8,21.5
2009-06-29,22.75,22.3
2009-06-30,23.6,22.8
2009-07-01,23.049999999999997,21.7
2009-07-02,21.65,21.8
2009-07-03,21.950000000000003,21.3
2009-07-04,22.5,21.0
2009-07-05,21.1,20.1
2009-07-06,22.75,21.7
2009-07-07,21.1,21.2
2009-07-08,19.7,19.7
2009-07-09,19.450000000000003,18.3
2009-07-10,20.6,19.2
2009-07-11,21.4,20.4
2009-07-12,22.5,22.4
2009-07-13,21.1,20.6
2009-07-14,21.1,21.0
2009-07-15,22.5,21.9
2009-07-16,25.0,24.5
2009-07-17,25.0,24.3
2009-07-18,24.15,23.7
2009-07-19,22.5,21.9
2009-07-20,23.299999999999997,22.4
2009-07-21,19.75,19.7
2009-07-22,22.8,22.2
2009-07-23,21.4,20.8
2009-07-24,21.4,21.3
2009-07-25,23.6,22.7
2009-07-26,24.15,24.5
2009-07-27,24.15,24.2
2009-07-28,25.549999999999997,24.4
2009-07-29,24.700000000000003,24.0
2009-07-30,25.799999999999997,25.0
2009-07-31,24.4,23.3
2009-08-01,23.3,22.6
2009-08-02,21.35,22.2
2009-08-03,25.0,23.6
2009-08-04,24.15,24.0
2009-08-05,26.1,24.4
2009-08-06,21.95,21.8
2009-08-07,21.950000000000003,21.5
2009-08-08,21.4,20.5
2009-08-09,23.6,22.5
2009-08-10,26.4,26.7
2009-08-11,27.5,26.2
2009-08-12,23.9,23.2
2009-08-13,21.1,21.1
2009-08-14,24.7,23.3
2009-08-15,26.1,24.5
2009-08-16,27.799999999999997,25.5
2009-08-17,28.599999999999998,27.0
2009-08-18,26.1,26.3
2009-08-19,26.950000000000003,26.2
2009-08-20,27.799999999999997,26.8
2009-08-21,26.95,26.8
2009-08-22,24.15,24.5
2009-08-23,25.85,23.6
2009-08-24,24.200000000000003,23.6
2009-08-25,24.450000000000003,23.4
2009-08-26,25.25,24.7
2009-08-27,22.5,22.0
2009-08-28,20.0,19.7
2009-08-29,20.799999999999997,21.0
2009-08-30,23.049999999999997,22.5
2009-08-31,19.45,18.5
2009-09-01,18.6,17.8
2009-09-02,19.45,18.6
2009-09-03,20.85,19.1
2009-09-04,22.5,21.0
2009-09-05,24.75,22.6
2009-09-06,20.549999999999997,19.6
2009-09-07,19.45,18.6
2009-09-08,20.0,19.6
2009-09-09,20.799999999999997,19.7
2009-09-10,17.8,16.8
2009-09-11,16.1,16.0
2009-09-12,18.299999999999997,18.7
2009-09-13,21.950000000000003,21.0
2009-09-14,20.25,20.0
2009-09-15,21.4,20.0
2009-09-16,19.15,17.6
2009-09-17,15.0,15.1
2009-09-18,18.3,16.7
2009-09-19,16.4,16.0
2009-09-20,17.5,16.9
2009-09-21,18.9,16.8
2009-09-22,20.3,18.6
2009-09-23,23.65,21.0
2009-09-24,23.35,22.4
2009-09-25,16.950000000000003,17.2
2009-09-26,15.799999999999999,14.2
2009-09-27,17.5,17.2
2009-09-28,18.3,17.8
2009-09-29,15.549999999999999,15.1
2009-09-30,12.5,13.4
2009-10-01,10.55,10.6
2009-10-02,13.05,13.1
2009-10-03,19.15,17.6
2009-10-04,18.6,16.2
2009-10-05,15.549999999999999,14.3
2009-10-06,14.45,13.6
2009-10-07,17.25,16.1
2009-10-08,14.149999999999999,13.8
2009-10-09,17.8,15.9
2009-10-10,14.45,15.1
2009-10-11,12.8,11.9
2009-10-12,8.899999999999999,9.1
2009-10-13,12.8,11.6
2009-10-14,8.35,8.2
2009-10-15,5.550000000000001,5.7
2009-10-16,5.3,5.4
2009-10-17,7.25,7.4
2009-10-18,6.1,5.8
2009-10-19,7.800000000000001,7.0
2009-10-20,12.75,9.9
2009-10-21,15.55,12.4
2009-10-22,17.75,14.5
2009-10-23,13.600000000000001,11.6
2009-10-24,15.0,16.9
2009-10-25,13.649999999999999,12.8
2009-10-26,11.7,9.7
2009-10-27,11.4,10.4
2009-10-28,12.25,11.2
2009-10-29,11.65,10.6
2009-10-30,13.05,11.1
2009-10-31,17.25,16.8
2009-11-01,11.9,11.1
2009-11-02,10.3,8.9
2009-11-03,10.85,9.5
2009-11-04,8.05,6.9
2009-11-05,8.649999999999999,7.2
2009-11-06,6.4,5.3
2009-11-07,6.699999999999999,4.9
2009-11-08,14.450000000000001,10.9
2009-11-09,14.399999999999999,12.4
2009-11-10,15.8,12.8
2009-11-11,11.4,10.5
2009-11-12,8.6,8.0
2009-11-13,10.850000000000001,9.3
2009-11-14,12.5,12.2
2009-11-15,15.549999999999999,13.7
2009-11-16,12.2,10.9
2009-11-17,10.3,7.7
2009-11-18,8.649999999999999,7.3
2009-11-19,11.65,10.3
2009-11-20,12.5,12.1
2009-11-21,10.85,8.0
2009-11-22,10.0,7.7
2009-11-23,8.35,7.9
2009-11-24,11.65,9.5
2009-11-25,10.0,9.2
2009-11-26,11.95,9.9
2009-11-27,8.05,7.6
2009-11-28,7.8,7.0
2009-11-29,9.45,6.9
2009-11-30,9.15,8.1
2009-12-01,5.0,3.7
2009-12-02,9.15,6.5
2009-12-03,14.149999999999999,13.6
2009-12-04,8.9,7.0
2009-12-05,3.9,3.5
2009-12-06,1.95,1.2
2009-12-07,1.95,0.9
2009-12-08,3.9000000000000004,1.9
2009-12-09,6.1499999999999995,6.8
2009-12-10,2.5,2.5
2009-12-11,-3.9,-3.3
2009-12-12,-0.55,-1.7
2009-12-13,6.1,2.2
2009-12-14,6.1,3.6
2009-12-15,8.35,6.2
2009-12-16,1.6999999999999997,0.4
2009-12-17,-3.65,-3.1
2009-12-18,-5.0,-4.4
2009-12-19,-3.5999999999999996,-3.2
2009-12-20,-2.5,-4.1
2009-12-21,0.0,-3.1
2009-12-22,-1.4,-4.3
2009-12-23,-3.9000000000000004,-8.2
2009-12-24,-0.2500000000000002,-5.0
2009-12-25,1.95,0.7
2009-12-26,7.5,5.7
2009-12-27,8.600000000000001,7.4
2009-12-28,2.5,0.8
2009-12-29,-4.75,-5.3
2009-12-30,-3.6,-4.4
2009-12-31,0.0,-1.6
2010-01-01,2.5,0.2
2010-01-02,-3.6000000000000005,-3.7
2010-01-03,-6.95,-7.8
2010-01-04,-4.15,-5.0
2010-01-05,-3.9000000000000004,-4.8
2010-01-06,-1.0999999999999999,-3.0
2010-01-07,0.8499999999999999,-1.4
2010-01-08,-2.2,-1.7
2010-01-09,-4.45,-5.8
2010-01-10,-6.1,-6.8
2010-01-11,-3.3499999999999996,-4.3
2010-01-12,-1.35,-2.4
2010-01-13,-1.35,-3.0
2010-01-14,2.25,-0.9
2010-01-15,5.85,1.6
2010-01-16,6.35,1.6
2010-01-17,4.75,0.9
2010-01-18,6.4,4.2
2010-01-19,6.65,3.1
2010-01-20,3.05,0.6
2010-01-21,2.2,-0.7
2010-01-22,3.35,0.5
2010-01-23,1.1,-1.1
2010-01-24,5.0,2.3
2010-01-25,11.65,10.4
2010-01-26,5.55,3.2
2010-01-27,1.65,-0.1
2010-01-28,-0.5500000000000003,-0.7
2010-01-29,-6.95,-7.0
2010-01-30,-8.65,-8.0
2010-01-31,-5.55,-5.4
2010-02-01,-1.1,-2.8
2010-02-02,-1.0999999999999999,-2.4
2010-02-03,1.1,-0.3
2010-02-04,0.2999999999999998,-1.8
2010-02-05,0.2500000000000001,-0.6
2010-02-06,-3.0500000000000003,-3.7
2010-02-07,-3.6000000000000005,-6.1
2010-02-08,-1.1,-5.4
2010-02-09,1.6999999999999997,-3.0
2010-02-10,0.0,-0.4
2010-02-11,0.2999999999999998,-1.5
2010-02-12,-0.25,-5.7
2010-02-13,-2.2,-6.3
2010-02-14,0.8499999999999999,-2.9
2010-02-15,0.8000000000000003,-2.6
2010-02-16,-0.55,-0.4
2010-02-17,-0.7999999999999999,-3.2
2010-02-18,2.2,-0.6
2010-02-19,3.9,0.5
2010-02-20,4.2,1.1
2010-02-21,4.2,0.4
2010-02-22,2.75,-0.9
2010-02-23,2.5,1.3
2010-02-24,3.9,2.2
2010-02-25,0.25,0.7
2010-02-26,-1.3499999999999999,-1.4
2010-02-27,0.7999999999999999,-2.5
2010-02-28,2.5,-0.9
2010-03-01,5.550000000000001,2.1
2010-03-02,5.25,1.1
2010-03-03,3.05,1.7
2010-03-04,5.0,1.9
2010-03-05,5.25,1.7
2010-03-06,6.1,1.3
2010-03-07,8.35,2.4
2010-03-08,10.55,3.4
2010-03-09,11.4,4.7
2010-03-10,10.3,4.4
2010-03-11,8.649999999999999,6.0
2010-03-12,5.0,5.3
2010-03-13,5.55,5.7
2010-03-14,8.05,7.2
2010-03-15,6.4,5.2
2010-03-16,11.1,8.2
2010-03-17,12.5,8.6
2010-03-18,15.3,9.6
2010-03-19,15.8,11.2
2010-03-20,17.75,12.7
2010-03-21,14.2,10.9
2010-03-22,11.95,10.9
2010-03-23,9.45,9.9
2010-03-24,10.85,8.8
2010-03-25,12.8,10.8
2010-03-26,6.1,5.6
2010-03-27,2.5,1.3
2010-03-28,5.800000000000001,4.1
2010-03-29,10.3,10.1
2010-03-30,7.5,7.1
2010-03-31,10.55,9.2
2010-04-01,15.0,11.0
2010-04-02,14.45,10.5
2010-04-03,13.85,9.9
2010-04-04,16.35,14.2
2010-04-05,18.6,14.0
2010-04-06,20.0,16.0
2010-04-07,23.299999999999997,21.3
2010-04-08,22.25,20.3
2010-04-09,13.35,13.9
2010-04-10,11.149999999999999,9.1
2010-04-11,17.75,14.1
2010-04-12,15.25,12.6
2010-04-13,10.8,9.6
2010-04-14,13.299999999999999,10.8
2010-04-15,16.4,13.8
2010-04-16,10.85,10.2
2010-04-17,10.0,9.7
2010-04-18,9.75,8.5
2010-04-19,12.5,10.4
2010-04-20,14.700000000000001,12.5
2010-04-21,16.15,13.0
2010-04-22,16.4,13.7
2010-04-23,13.35,12.1
2010-04-24,13.9,12.5
2010-04-25,9.45,9.6
2010-04-26,10.3,9.7
2010-04-27,9.7,10.2
2010-04-28,8.850000000000001,8.5
2010-04-29,13.9,11.8
2010-04-30,19.450000000000003,15.2
2010-05-01,23.6,20.1
2010-05-02,25.0,23.7
2010-05-03,23.049999999999997,22.1
2010-05-04,21.95,19.9
2010-05-05,20.55,17.9
2010-05-06,20.3,19.7
2010-05-07,16.95,15.9
2010-05-08,16.9,17.9
2010-05-09,8.9,9.2
2010-05-10,10.55,9.6
2010-05-11,9.7,9.6
2010-05-12,7.800000000000001,8.1
2010-05-13,12.75,12.2
2010-05-14,19.75,19.1
2010-05-15,19.2,18.1
2010-05-16,17.2,15.8
2010-05-17,18.05,16.5
2010-05-18,13.35,11.5
2010-05-19,13.9,13.5
2010-05-20,19.450000000000003,18.8
2010-05-21,22.75,20.1
2010-05-22,18.6,17.1
2010-05-23,18.05,17.7
2010-05-24,19.2,18.3
2010-05-25,21.950000000000003,20.2
2010-05-26,25.799999999999997,25.2
2010-05-27,20.55,21.0
2010-05-28,17.200000000000003,17.8
2010-05-29,20.55,19.6
2010-05-30,24.15,23.4
2010-05-31,25.3,22.8
2010-06-01,24.15,23.3
2010-06-02,25.0,23.2
2010-06-03,25.0,24.9
2010-06-04,26.65,25.5
2010-06-05,27.75,26.8
2010-06-06,23.9,25.3
2010-06-07,18.9,18.6
2010-06-08,19.15,18.1
2010-06-09,16.95,16.2
2010-06-10,18.85,19.5
2010-06-11,18.05,18.0
2010-06-12,21.1,20.8
2010-06-13,21.950000000000003,22.6
2010-06-14,21.950000000000003,21.5
2010-06-15,22.5,21.5
2010-06-16,20.85,20.3
2010-06-17,20.8,21.4
2010-06-18,22.8,22.4
2010-06-19,22.5,22.0
2010-06-20,26.7,26.5
2010-06-21,26.15,26.4
2010-06-22,26.15,24.5
2010-06-23,26.7,26.7
2010-06-24,28.849999999999998,28.2
2010-06-25,26.15,25.5
2010-06-26,26.7,26.4
2010-06-27,27.25,28.1
2010-06-28,29.15,29.4
2010-06-29,26.95,27.5
2010-06-30,21.4,22.3
2010-07-01,20.85,20.8
2010-07-02,21.950000000000003,21.6
2010-07-03,25.0,24.5
2010-07-04,29.200000000000003,28.3
2010-07-05,30.8,29.5
2010-07-06,33.3,32.1
2010-07-07,32.25,30.9
2010-07-08,28.35,26.2
2010-07-09,28.05,25.8
2010-07-10,25.55,24.7
2010-07-11,28.049999999999997,26.3
2010-07-12,28.6,26.9
2010-07-13,25.55,24.6
2010-07-14,24.450000000000003,23.6
2010-07-15,26.4,24.6
2010-07-16,28.6,27.0
2010-07-17,29.4,27.6
2010-07-18,30.0,27.7
2010-07-19,27.75,27.2
2010-07-20,27.5,26.2
2010-07-21,29.15,27.4
2010-07-22,27.75,26.2
2010-07-23,26.700000000000003,26.8
2010-07-24,31.4,29.8
2010-07-25,27.5,26.5
2010-07-26,25.3,24.0
2010-07-27,26.95,25.1
2010-07-28,27.5,26.1
2010-07-29,27.5,26.7
2010-07-30,24.15,23.7
2010-07-31,24.15,23.2
2010-08-01,23.9,22.5
2010-08-02,25.0,23.3
2010-08-03,26.1,24.7
2010-08-04,28.349999999999998,26.9
2010-08-05,30.0,28.2
2010-08-06,26.650000000000002,26.5
2010-08-07,25.3,24.4
2010-08-08,27.25,25.0
2010-08-09,28.85,27.0
2010-08-10,29.45,27.5
2010-08-11,29.15,27.5
2010-08-12,22.2,23.2
2010-08-13,23.9,22.6
2010-08-14,23.05,21.4
2010-08-15,22.2,21.5
2010-08-16,25.3,24.9
2010-08-17,28.049999999999997,25.9
2010-08-18,26.1,23.4
2010-08-19,26.4,24.6
2010-08-20,27.5,25.3
2010-08-21,24.15,23.2
2010-08-22,23.65,22.9
2010-08-23,19.700000000000003,20.5
2010-08-24,19.450000000000003,18.6
2010-08-25,19.200000000000003,19.1
2010-08-26,23.05,21.6
2010-08-27,21.1,19.7
2010-08-28,22.5,20.6
2010-08-29,26.9,24.4
2010-08-30,27.75,25.0
2010-08-31,30.0,27.0
2010-09-01,30.0,27.6
2010-09-02,30.0,27.9
2010-09-03,26.65,25.1
2010-09-04,22.5,23.4
2010-09-05,20.85,19.9
2010-09-06,21.15,20.7
2010-09-07,25.85,23.8
2010-09-08,25.55,25.2
2010-09-09,18.6,19.3
2010-09-10,19.700000000000003,18.7
2010-09-11,20.55,19.8
2010-09-12,17.2,18.1
2010-09-13,20.0,19.4
2010-09-14,20.0,19.2
2010-09-15,18.05,17.1
2010-09-16,18.05,18.2
2010-09-17,18.35,18.7
2010-09-18,17.75,17.2
2010-09-19,21.65,19.2
2010-09-20,19.15,18.5
2010-09-21,17.75,16.7
2010-09-22,24.200000000000003,22.3
2010-09-23,23.049999999999997,21.0
2010-09-24,24.4,23.3
2010-09-25,25.549999999999997,25.8
2010-09-26,19.7,19.9
2010-09-27,19.15,19.0
2010-09-28,21.950000000000003,21.4
2010-09-29,21.4,20.3
2010-09-30,22.25,21.6
2010-10-01,19.15,18.1
2010-10-02,15.0,14.7
2010-10-03,13.9,13.3
2010-10-04,11.95,11.6
2010-10-05,13.9,13.8
2010-10-06,15.0,13.7
2010-10-07,16.7,14.3
2010-10-08,17.5,15.4
2010-10-09,17.2,15.8
2010-10-10,14.200000000000001,13.1
2010-10-11,18.9,16.9
2010-10-12,16.4,15.7
2010-10-13,13.350000000000001,12.1
2010-10-14,13.6,12.6
2010-10-15,11.65,11.1
2010-10-16,12.2,11.0
2010-10-17,14.75,12.3
2010-10-18,12.8,11.3
2010-10-19,11.65,10.7
2010-10-20,11.65,10.7
2010-10-21,13.05,10.6
2010-10-22,9.75,7.8
2010-10-23,12.25,10.0
2010-10-24,15.85,13.1
2010-10-25,17.75,15.7
2010-10-26,19.7,18.2
2010-10-27,21.1,19.9
2010-10-28,18.3,18.1
2010-10-29,11.100000000000001,10.7
2010-10-30,9.75,8.9
2010-10-31,10.0,9.5
2010-11-01,6.1,5.3
2010-11-02,6.1,5.7
2010-11-03,8.6,7.3
2010-11-04,9.45,8.0
2010-11-05,9.15,7.9
2010-11-06,7.5,6.2
2010-11-07,6.4,5.4
2010-11-08,5.800000000000001,4.4
2010-11-09,8.6,7.4
2010-11-10,10.55,9.3
2010-11-11,9.45,6.9
2010-11-12,11.95,7.6
2010-11-13,12.8,8.6
2010-11-14,11.950000000000001,8.1
2010-11-15,11.95,9.6
2010-11-16,13.05,10.4
2010-11-17,13.1,12.9
2010-11-18,10.0,8.5
2010-11-19,6.65,5.1
2010-11-20,8.9,6.1
2010-11-21,6.4,4.0
2010-11-22,12.75,10.1
2010-11-23,13.05,11.4
2010-11-24,7.5,6.1
2010-11-25,5.85,3.2
2010-11-26,7.5,8.2
2010-11-27,3.3499999999999996,2.7
2010-11-28,4.7,2.5
2010-11-29,5.3,3.6
2010-11-30,10.3,8.2
2010-12-01,10.0,11.4
2010-12-02,3.3499999999999996,2.6
2010-12-03,2.5,1.5
2010-12-04,2.2,0.8
2010-12-05,0.29999999999999993,-0.3
2010-12-06,0.29999999999999993,-0.5
2010-12-07,0.55,-0.8
2010-12-08,-0.8499999999999999,-1.9
2010-12-09,-3.05,-3.8
2010-12-10,-1.15,-3.1
2010-12-11,4.45,0.1
2010-12-12,8.850000000000001,7.2
2010-12-13,1.6500000000000004,3.1
2010-12-14,-6.1,-5.6
2010-12-15,-4.75,-5.1
2010-12-16,-3.05,-3.9
2010-12-17,-1.4,-3.6
2010-12-18,0.0,-2.4
2010-12-19,0.8499999999999999,-1.9
2010-12-20,-0.55,-1.8
2010-12-21,0.5499999999999998,-1.0
2010-12-22,0.5499999999999998,-0.7
2010-12-23,0.29999999999999993,-0.8
2010-12-24,1.35,-0.6
2010-12-25,-1.95,-1.7
2010-12-26,-3.5999999999999996,-3.1
2010-12-27,-4.45,-6.3
2010-12-28,-0.5500000000000003,-3.6
2010-12-29,1.0999999999999999,-3.5
2010-12-30,1.1,-5.0
2010-12-31,4.7,-1.8
2011-01-01,8.05,1.7
2011-01-02,6.3999999999999995,4.5
2011-01-03,0.0,-2.7
2011-01-04,1.6500000000000001,-3.3
2011-01-05,1.1,-3.1
2011-01-06,-1.3499999999999999,-2.6
2011-01-07,-1.65,-2.6
2011-01-08,-2.8,-4.1
2011-01-09,-1.65,-3.4
2011-01-10,-1.35,-3.9
2011-01-11,-2.8,-4.7
2011-01-12,-2.5,-3.4
2011-01-13,-4.45,-7.0
2011-01-14,-4.45,-10.0
2011-01-15,-0.8500000000000001,-4.3
2011-01-16,-0.25,-3.5
2011-01-17,-5.0,-7.9
2011-01-18,0.2999999999999998,1.2
2011-01-19,3.35,1.5
2011-01-20,0.29999999999999993,-2.5
2011-01-21,-3.9,-3.1
2011-01-22,-7.5,-10.4
2011-01-23,-8.05,-12.0
2011-01-24,-9.4,-14.1
2011-01-25,-0.8000000000000003,-3.9
2011-01-26,0.29999999999999993,-3.4
2011-01-27,0.2500000000000001,-1.2
2011-01-28,-0.55,-3.1
2011-01-29,0.2500000000000001,-3.8
2011-01-30,0.55,-4.1
2011-01-31,-3.0999999999999996,-8.1
2011-02-01,-2.5,-3.6
2011-02-02,0.25,0.2
2011-02-03,-1.6500000000000001,-5.0
2011-02-04,-1.95,-8.0
2011-02-05,2.75,-1.6
2011-02-06,5.0,1.3
2011-02-07,4.7,-0.7
2011-02-08,-1.4,-0.9
2011-02-09,-5.55,-7.8
2011-02-10,-3.65,-6.4
2011-02-11,-2.2,-7.2
2011-02-12,1.6500000000000001,-3.2
2011-02-13,2.8,-0.6
2011-02-14,8.6,5.7
2011-02-15,-0.55,-3.3
2011-02-16,2.8000000000000003,-0.2
2011-02-17,12.5,6.7
2011-02-18,13.6,10.8
2011-02-19,3.5999999999999996,1.7
2011-02-20,-0.8499999999999996,-2.9
2011-02-21,-0.8000000000000003,-0.6
2011-02-22,-3.35,-4.1
2011-02-23,-0.8499999999999996,-1.0
2011-02-24,2.8,1.1
2011-02-25,7.5,4.2
2011-02-26,2.75,0.7
2011-02-27,6.65,4.3
2011-02-28,10.0,7.9
2011-03-01,4.2,1.8
2011-03-02,3.8999999999999995,2.6
2011-03-03,-3.0500000000000003,-3.7
2011-03-04,1.1,-0.3
2011-03-05,10.55,7.6
2011-03-06,11.1,10.3
2011-03-07,6.3999999999999995,3.6
2011-03-08,3.6,1.6
2011-03-09,4.15,1.2
2011-03-10,7.5,6.5
2011-03-11,8.600000000000001,9.6
2011-03-12,8.3,6.4
2011-03-13,8.35,5.9
2011-03-14,5.0,2.9
2011-03-15,4.7,2.4
2011-03-16,8.6,5.9
2011-03-17,12.5,9.2
2011-03-18,17.8,13.8
2011-03-19,9.15,7.2
2011-03-20,5.85,3.4
2011-03-21,4.7,4.5
2011-03-22,7.2,6.6
2011-03-23,2.2,1.9
2011-03-24,2.8,2.1
2011-03-25,1.6999999999999997,0.9
2011-03-26,0.5500000000000003,-0.4
2011-03-27,2.5,0.8
2011-03-28,1.9500000000000002,0.9
2011-03-29,4.4,2.8
2011-03-30,6.949999999999999,3.7
2011-03-31,4.449999999999999,3.1
2011-04-01,4.2,3.3
2011-04-02,8.05,5.8
2011-04-03,10.0,7.0
2011-04-04,11.649999999999999,10.6
2011-04-05,12.2,10.9
2011-04-06,8.05,6.0
2011-04-07,8.35,6.2
2011-04-08,7.5,4.9
2011-04-09,9.4,6.7
2011-04-10,10.55,8.4
2011-04-11,18.6,16.2
2011-04-12,14.7,13.1
2011-04-13,8.05,9.3
2011-04-14,14.75,12.4
2011-04-15,9.15,8.3
2011-04-16,8.9,7.2
2011-04-17,13.05,11.9
2011-04-18,12.75,10.2
2011-04-19,10.0,9.3
2011-04-20,12.75,13.4
2011-04-21,11.649999999999999,10.9
2011-04-22,7.5,5.6
2011-04-23,11.100000000000001,10.4
2011-04-24,19.45,18.2
2011-04-25,18.6,15.8
2011-04-26,20.25,18.9
2011-04-27,20.0,19.0
2011-04-28,19.15,19.5
2011-04-29,16.4,15.5
2011-04-30,14.7,12.7
2011-05-01,15.3,12.5
2011-05-02,13.6,12.9
2011-05-03,18.35,16.2
2011-05-04,12.8,12.1
2011-05-05,13.05,11.4
2011-05-06,16.1,13.0
2011-05-07,17.5,14.6
2011-05-08,17.2,14.7
2011-05-09,16.95,14.4
2011-05-10,17.799999999999997,14.7
2011-05-11,16.4,14.1
2011-05-12,17.2,14.6
2011-05-13,15.25,14.0
2011-05-14,15.850000000000001,14.2
2011-05-15,17.5,16.4
2011-05-16,14.2,15.4
2011-05-17,13.35,14.4
2011-05-18,15.799999999999999,16.3
2011-05-19,19.75,17.7
2011-05-20,15.850000000000001,16.0
2011-05-21,19.200000000000003,16.7
2011-05-22,13.3,14.2
2011-05-23,16.1,16.9
2011-05-24,23.049999999999997,21.9
2011-05-25,23.6,20.7
2011-05-26,21.700000000000003,20.8
2011-05-27,23.3,22.9
2011-05-28,24.15,21.8
2011-05-29,23.6,22.5
2011-05-30,25.55,24.7
2011-05-31,26.15,23.6
2011-06-01,26.400000000000002,24.6
2011-06-02,21.7,20.5
2011-06-03,19.15,17.4
2011-06-04,19.45,18.2
2011-06-05,17.200000000000003,16.4
2011-06-06,21.4,19.9
2011-06-07,24.75,23.5
2011-06-08,28.6,26.8
2011-06-09,27.8,27.7
2011-06-10,25.85,24.9
2011-06-11,18.6,20.2
2011-06-12,18.85,19.1
2011-06-13,19.2,19.0
2011-06-14,18.3,16.7
2011-06-15,20.8,19.5
2011-06-16,22.799999999999997,21.4
2011-06-17,21.1,20.3
2011-06-18,23.05,22.1
2011-06-19,24.450000000000003,21.8
2011-06-20,23.299999999999997,21.0
2011-06-21,24.450000000000003,22.1
2011-06-22,24.2,22.7
2011-06-23,20.299999999999997,21.0
2011-06-24,19.700000000000003,20.6
2011-06-25,22.25,22.0
2011-06-26,22.5,21.8
2011-06-27,23.35,22.3
2011-06-28,25.25,23.5
2011-06-29,24.200000000000003,22.9
2011-06-30,23.05,21.7
2011-07-01,22.75,21.6
2011-07-02,25.0,23.4
2011-07-03,21.950000000000003,22.1
2011-07-04,25.55,24.2
2011-07-05,25.85,24.9
2011-07-06,27.25,25.4
2011-07-07,28.299999999999997,26.1
2011-07-08,24.7,24.1
2011-07-09,25.25,24.4
2011-07-10,25.0,23.5
2011-07-11,28.049999999999997,26.2
2011-07-12,29.75,28.2
2011-07-13,25.3,25.7
2011-07-14,23.35,22.2
2011-07-15,24.75,23.4
2011-07-16,26.650000000000002,25.1
2011-07-17,27.5,26.1
2011-07-18,29.45,27.8
2011-07-19,29.15,26.7
2011-07-20,27.799999999999997,26.1
2011-07-21,30.0,29.5
2011-07-22,34.45,33.1
2011-07-23,33.05,32.2
2011-07-24,29.2,28.5
2011-07-25,23.35,23.5
2011-07-26,26.400000000000002,25.5
2011-07-27,24.45,24.4
2011-07-28,26.15,25.1
2011-07-29,25.299999999999997,25.7
2011-07-30,28.049999999999997,27.1
2011-07-31,27.25,25.9
2011-08-01,28.049999999999997,26.6
2011-08-02,27.799999999999997,26.9
2011-08-03,25.25,23.6
2011-08-04,24.15,23.0
2011-08-05,25.55,23.9
2011-08-06,25.799999999999997,23.7
2011-08-07,27.25,25.0
2011-08-08,27.75,26.2
2011-08-09,25.0,23.4
2011-08-10,25.55,23.9
2011-08-11,24.200000000000003,22.8
2011-08-12,23.35,22.5
2011-08-13,25.0,23.7
2011-08-14,20.799999999999997,21.1
2011-08-15,22.5,21.7
2011-08-16,21.950000000000003,20.5
2011-08-17,24.45,22.9
2011-08-18,23.85,22.8
2011-08-19,23.6,22.8
2011-08-20,23.6,22.9
2011-08-21,25.0,23.6
2011-08-22,21.65,21.4
2011-08-23,21.1,19.9
2011-08-24,23.049999999999997,20.8
2011-08-25,23.9,24.1
2011-08-26,25.0,24.1
2011-08-27,23.65,23.1
2011-08-28,21.1,21.7
2011-08-29,20.0,19.6
2011-08-30,21.950000000000003,20.2
2011-08-31,23.299999999999997,21.1
2011-09-01,23.6,21.7
2011-09-02,21.950000000000003,19.9
2011-09-03,23.6,22.0
2011-09-04,26.1,24.0
2011-09-05,24.7,23.7
2011-09-06,19.75,17.5
2011-09-07,18.35,19.4
2011-09-08,21.65,21.3
2011-09-09,24.15,23.0
2011-09-10,23.35,22.1
2011-09-11,19.75,19.7
2011-09-12,22.799999999999997,21.1
2011-09-13,23.6,21.7
2011-09-14,25.25,22.8
2011-09-15,18.049999999999997,19.4
2011-09-16,14.45,14.0
2011-09-17,15.0,14.0
2011-09-18,15.85,14.8
2011-09-19,15.55,14.7
2011-09-20,18.05,16.7
2011-09-21,20.0,18.7
2011-09-22,23.35,21.1
2011-09-23,21.700000000000003,20.0
2011-09-24,22.75,22.1
2011-09-25,23.9,21.9
2011-09-26,23.35,21.9
2011-09-27,22.8,20.8
2011-09-28,21.65,20.4
2011-09-29,19.450000000000003,20.2
2011-09-30,19.4,18.7
2011-10-01,14.7,15.5
2011-10-02,13.9,13.6
2011-10-03,11.65,11.2
2011-10-04,13.3,13.1
2011-10-05,16.7,15.8
2011-10-06,13.85,12.6
2011-10-07,13.899999999999999,12.4
2011-10-08,18.6,15.8
2011-10-09,22.25,18.8
2011-10-10,21.65,19.2
2011-10-11,19.75,18.1
2011-10-12,15.8,15.3
2011-10-13,16.65,16.5
2011-10-14,17.5,18.1
2011-10-15,15.25,14.5
2011-10-16,15.549999999999999,14.4
2011-10-17,16.1,15.2
2011-10-18,16.1,13.8
2011-10-19,16.15,15.7
2011-10-20,15.799999999999999,16.7
2011-10-21,11.65,11.7
2011-10-22,11.95,10.8
2011-10-23,12.5,10.9
2011-10-24,13.05,11.2
2011-10-25,13.35,11.3
2011-10-26,13.649999999999999,11.7
2011-10-27,9.700000000000001,9.4
2011-10-28,5.800000000000001,5.8
2011-10-29,3.9,4.2
2011-10-30,4.2,2.3
2011-10-31,7.25,4.0
2011-11-01,10.0,7.1
2011-11-02,9.75,7.0
2011-11-03,11.4,8.2
2011-11-04,8.35,7.5
2011-11-05,5.800000000000001,5.1
2011-11-06,7.75,5.8
2011-11-07,11.95,7.7
2011-11-08,15.85,11.4
2011-11-09,14.45,11.4
2011-11-10,13.85,13.3
2011-11-11,6.95,6.9
2011-11-12,8.9,6.5
2011-11-13,12.200000000000001,8.9
2011-11-14,16.4,13.2
2011-11-15,16.35,15.5
2011-11-16,13.35,12.1
2011-11-17,8.05,7.8
2011-11-18,5.0,3.7
2011-11-19,6.949999999999999,4.6
2011-11-20,13.850000000000001,10.8
2011-11-21,11.4,10.2
2011-11-22,8.05,8.3
2011-11-23,7.8,8.9
2011-11-24,7.5,5.9
2011-11-25,11.950000000000001,8.0
2011-11-26,14.15,8.9
2011-11-27,12.75,9.9
2011-11-28,17.200000000000003,13.3
2011-11-29,14.75,14.5
2011-11-30,8.6,8.6
2011-12-01,6.4,5.2
2011-12-02,7.5,5.8
2011-12-03,5.550000000000001,3.2
2011-12-04,9.2,6.5
2011-12-05,11.65,8.0
2011-12-06,15.0,13.3
2011-12-07,11.149999999999999,11.4
2011-12-08,4.7,3.9
2011-12-09,6.65,4.0
2011-12-10,3.9,3.2
2011-12-11,1.1,-0.7
2011-12-12,3.65,0.8
2011-12-13,4.15,1.2
2011-12-14,6.1,3.6
2011-12-15,11.65,9.1
2011-12-16,10.0,7.6
2011-12-17,2.5,2.5
2011-12-18,-3.0999999999999996,-2.0
2011-12-19,3.0500000000000003,1.0
2011-12-20,6.95,4.4
2011-12-21,11.149999999999999,8.6
2011-12-22,11.65,9.8
2011-12-23,5.55,6.9
2011-12-24,0.2500000000000001,0.3
2011-12-25,3.6,1.4
2011-12-26,5.25,2.9
2011-12-27,8.6,4.5
2011-12-28,4.7,4.7
2011-12-29,-0.5500000000000003,-1.1
2011-12-30,6.699999999999999,3.5
2011-12-31,10.0,6.7
2012-01-01,8.05,5.5
2012-01-02,5.3,3.0
2012-01-03,-4.4,-2.9
2012-01-04,-6.699999999999999,-6.3
2012-01-05,0.8000000000000003,-1.0
2012-01-06,6.699999999999999,2.4
2012-01-07,12.25,5.5
2012-01-08,4.2,2.3
2012-01-09,2.2,-0.2
2012-01-10,4.45,1.8
2012-01-11,5.85,2.3
2012-01-12,6.1,6.3
2012-01-13,3.9,2.9
2012-01-14,-1.4,-1.7
2012-01-15,-6.1,-6.3
2012-01-16,-3.3000000000000003,-4.5
2012-01-17,6.949999999999999,3.6
2012-01-18,3.8999999999999995,2.3
2012-01-19,-1.9500000000000002,-2.9
2012-01-20,-1.1,-1.9
2012-01-21,-3.65,-3.2
2012-01-22,-3.3499999999999996,-5.3
2012-01-23,6.3999999999999995,4.2
2012-01-24,8.649999999999999,6.2
2012-01-25,4.45,1.9
2012-01-26,2.5,1.5
2012-01-27,9.7,8.5
2012-01-28,5.55,3.7
2012-01-29,3.9000000000000004,2.1
2012-01-30,2.75,1.1
2012-01-31,9.15,5.2
2012-02-01,12.8,9.3
2012-02-02,5.85,4.6
2012-02-03,2.8,1.6
2012-02-04,4.75,2.1
2012-02-05,2.2,0.5
2012-02-06,5.6,2.0
2012-02-07,6.35,3.4
2012-02-08,1.3499999999999999,0.0
2012-02-09,3.6,1.4
2012-02-10,4.15,1.7
2012-02-11,1.65,1.4
2012-02-12,-3.35,-2.8
2012-02-13,2.25,-0.1
2012-02-14,5.25,2.3
2012-02-15,5.85,3.8
2012-02-16,4.45,2.1
2012-02-17,7.5,5.4
2012-02-18,5.3,2.9
2012-02-19,4.2,1.8
2012-02-20,3.6,1.6
2012-02-21,3.9,2.7
2012-02-22,10.0,6.4
2012-02-23,11.1,7.6
2012-02-24,5.0,3.7
2012-02-25,3.9,3.4
2012-02-26,2.75,1.4
2012-02-27,8.6,4.4
2012-02-28,7.2,4.7
2012-02-29,4.449999999999999,2.7
2012-03-01,3.9,3.7
2012-03-02,3.0999999999999996,2.3
2012-03-03,9.45,8.4
2012-03-04,4.7,3.7
2012-03-05,2.25,1.7
2012-03-06,1.4000000000000001,0.4
2012-03-07,9.75,6.5
2012-03-08,16.7,13.3
2012-03-09,10.3,7.3
2012-03-10,2.1999999999999997,1.7
2012-03-11,9.15,5.3
2012-03-12,15.0,10.1
2012-03-13,17.75,14.1
2012-03-14,15.55,13.3
2012-03-15,8.6,7.0
2012-03-16,8.35,8.4
2012-03-17,11.95,10.0
2012-03-18,12.8,10.4
2012-03-19,18.05,13.9
2012-03-20,17.8,13.9
2012-03-21,16.65,13.8
2012-03-22,19.450000000000003,16.1
2012-03-23,19.4,15.9
2012-03-24,13.3,11.6
2012-03-25,9.15,8.5
2012-03-26,6.6499999999999995,7.5
2012-03-27,4.75,4.1
2012-03-28,13.049999999999999,10.6
2012-03-29,11.100000000000001,9.9
2012-03-30,9.15,6.9
2012-03-31,4.699999999999999,5.2
2012-04-01,8.35,7.1
2012-04-02,9.15,8.0
2012-04-03,11.100000000000001,8.8
2012-04-04,14.15,11.7
2012-04-05,10.0,8.7
2012-04-06,9.15,7.7
2012-04-07,10.25,8.5
2012-04-08,13.049999999999999,10.5
2012-04-09,13.600000000000001,11.6
2012-04-10,11.4,10.0
2012-04-11,8.899999999999999,7.7
2012-04-12,11.100000000000001,9.4
2012-04-13,12.2,10.6
2012-04-14,16.1,13.3
2012-04-15,19.7,18.1
2012-04-16,24.700000000000003,21.5
2012-04-17,20.85,20.7
2012-04-18,13.05,13.4
2012-04-19,14.700000000000001,14.2
2012-04-20,16.95,14.0
2012-04-21,16.95,17.0
2012-04-22,10.0,10.9
2012-04-23,8.899999999999999,10.3
2012-04-24,10.0,8.8
2012-04-25,11.399999999999999,9.9
2012-04-26,11.65,10.9
2012-04-27,9.15,9.1
2012-04-28,9.45,8.5
2012-04-29,11.95,10.6
2012-04-30,11.399999999999999,9.8
2012-05-01,15.3,13.9
2012-05-02,10.85,10.4
2012-05-03,12.2,11.7
2012-05-04,17.5,17.2
2012-05-05,15.25,13.8
2012-05-06,15.0,13.3
2012-05-07,14.7,12.5
2012-05-08,15.85,15.2
2012-05-09,17.25,16.7
2012-05-10,14.45,14.4
2012-05-11,14.7,13.9
2012-05-12,18.65,16.6
2012-05-13,22.2,19.4
2012-05-14,19.15,18.1
2012-05-15,17.200000000000003,16.6
2012-05-16,20.85,19.6
2012-05-17,16.95,17.0
2012-05-18,17.2,15.4
2012-05-19,19.2,17.2
2012-05-20,19.75,18.0
2012-05-21,15.3,16.4
2012-05-22,18.35,16.9
2012-05-23,20.85,18.4
2012-05-24,17.799999999999997,18.3
2012-05-25,19.75,19.3
2012-05-26,24.15,23.0
2012-05-27,22.5,22.4
2012-05-28,26.7,24.7
2012-05-29,25.85,26.2
2012-05-30,22.2,22.3
2012-05-31,22.5,21.4
2012-06-01,20.0,18.4
2012-06-02,20.0,20.0
2012-06-03,19.4,18.2
2012-06-04,14.7,14.9
2012-06-05,14.2,14.3
2012-06-06,17.2,17.0
2012-06-07,20.0,18.6
2012-06-08,21.4,20.7
2012-06-09,21.700000000000003,21.2
2012-06-10,23.9,22.2
2012-06-11,21.4,20.2
2012-06-12,20.25,19.5
2012-06-13,19.200000000000003,19.4
2012-06-14,20.85,19.4
2012-06-15,21.15,19.6
2012-06-16,21.15,19.0
2012-06-17,18.6,17.0
2012-06-18,18.05,16.8
2012-06-19,21.1,20.0
2012-06-20,27.75,27.3
2012-06-21,30.25,29.6
2012-06-22,26.650000000000002,27.8
2012-06-23,24.75,24.7
2012-06-24,23.9,23.3
2012-06-25,20.0,22.1
2012-06-26,18.3,18.6
2012-06-27,21.95,21.6
2012-06-28,25.55,24.6
2012-06-29,26.95,28.4
2012-06-30,29.45,28.5
2012-07-01,28.85,27.4
2012-07-02,26.65,25.7
2012-07-03,26.7,25.9
2012-07-04,27.2,27.1
2012-07-05,30.0,29.0
2012-07-06,28.049999999999997,27.1
2012-07-07,29.15,30.1
2012-07-08,27.75,27.3
2012-07-09,26.4,25.9
2012-07-10,25.6,24.5
2012-07-11,25.549999999999997,24.1
2012-07-12,26.4,24.9
2012-07-13,27.5,26.1
2012-07-14,26.1,26.5
2012-07-15,26.7,25.9
2012-07-16,26.95,27.5
2012-07-17,29.450000000000003,29.4
2012-07-18,30.299999999999997,30.8
2012-07-19,22.2,24.0
2012-07-20,19.15,19.6
2012-07-21,20.85,20.4
2012-07-22,23.3,22.1
2012-07-23,25.85,24.8
2012-07-24,28.049999999999997,27.0
2012-07-25,24.4,24.1
2012-07-26,25.55,25.6
2012-07-27,26.15,26.4
2012-07-28,23.6,23.8
2012-07-29,23.35,22.2
2012-07-30,23.6,22.2
2012-07-31,23.9,21.9
2012-08-01,23.35,22.6
2012-08-02,25.85,24.7
2012-08-03,27.799999999999997,26.4
2012-08-04,28.05,26.6
2012-08-05,27.799999999999997,27.3
2012-08-06,26.1,25.6
2012-08-07,24.15,23.6
2012-08-08,26.4,25.3
2012-08-09,26.950000000000003,25.7
2012-08-10,23.9,24.3
2012-08-11,27.25,24.7
2012-08-12,26.700000000000003,24.6
2012-08-13,25.3,23.9
2012-08-14,24.15,23.2
2012-08-15,23.6,23.0
2012-08-16,24.15,23.6
2012-08-17,24.700000000000003,24.0
2012-08-18,21.65,22.0
2012-08-19,20.0,20.3
2012-08-20,21.950000000000003,22.0
2012-08-21,23.35,22.3
2012-08-22,23.9,22.8
2012-08-23,25.0,23.1
2012-08-24,25.6,23.5
2012-08-25,25.55,23.3
2012-08-26,24.45,22.5
2012-08-27,24.15,22.4
2012-08-28,26.700000000000003,24.5
2012-08-29,22.75,21.9
2012-08-30,21.950000000000003,21.9
2012-08-31,26.7,25.0
2012-09-01,28.049999999999997,25.5
2012-09-02,24.75,23.0
2012-09-03,23.9,21.5
2012-09-04,23.9,22.9
2012-09-05,24.2,24.2
2012-09-06,23.65,23.3
2012-09-07,26.15,23.7
2012-09-08,22.2,23.1
2012-09-09,21.4,20.2
2012-09-10,18.3,18.1
2012-09-11,17.5,16.6
2012-09-12,20.85,19.5
2012-09-13,22.2,19.7
2012-09-14,22.25,20.1
2012-09-15,19.2,18.9
2012-09-16,18.6,17.2
2012-09-17,19.75,18.5
2012-09-18,21.65,20.6
2012-09-19,17.5,17.4
2012-09-20,16.4,15.7
2012-09-21,19.75,17.5
2012-09-22,20.0,18.8
2012-09-23,16.4,16.5
2012-09-24,15.549999999999999,14.1
2012-09-25,17.2,15.5
2012-09-26,21.1,19.1
2012-09-27,20.549999999999997,18.8
2012-09-28,18.1,18.6
2012-09-29,16.1,15.2
2012-09-30,16.4,15.0
2012-10-01,16.1,15.2
2012-10-02,18.65,17.5
2012-10-03,20.0,19.5
2012-10-04,21.1,19.8
2012-10-05,20.85,19.1
2012-10-06,18.6,18.0
2012-10-07,10.0,11.0
2012-10-08,9.75,10.0
2012-10-09,12.2,12.8
2012-10-10,15.299999999999999,14.9
2012-10-11,11.65,11.3
2012-10-12,9.45,9.6
2012-10-13,7.5,7.3
2012-10-14,16.4,14.6
2012-10-15,18.35,17.4
2012-10-16,11.95,11.8
2012-10-17,11.4,10.4
2012-10-18,14.15,13.4
2012-10-19,17.5,17.0
2012-10-20,16.4,16.1
2012-10-21,13.850000000000001,12.6
2012-10-22,14.149999999999999,13.0
2012-10-23,15.25,13.4
2012-10-24,14.15,14.2
2012-10-25,14.75,14.3
2012-10-26,16.1,15.6
2012-10-27,16.65,15.1
2012-10-28,13.9,13.3
2012-10-29,13.899999999999999,13.0
2012-10-30,10.25,11.4
2012-10-31,8.35,8.7
2012-11-01,8.35,8.0
2012-11-02,8.649999999999999,8.5
2012-11-03,7.5,6.4
2012-11-04,7.25,6.0
2012-11-05,4.45,5.0
2012-11-06,2.5,2.4
2012-11-07,2.2,2.0
2012-11-08,4.45,3.0
2012-11-09,6.949999999999999,3.6
2012-11-10,9.2,6.9
2012-11-11,13.9,9.9
2012-11-12,13.899999999999999,11.7
2012-11-13,10.55,9.1
2012-11-14,5.550000000000001,4.2
2012-11-15,4.45,3.2
2012-11-16,5.55,3.6
2012-11-17,7.25,4.3
2012-11-18,6.35,4.5
2012-11-19,5.550000000000001,5.5
2012-11-20,7.5,5.0
2012-11-21,8.05,5.4
2012-11-22,8.6,5.7
2012-11-23,9.7,6.2
2012-11-24,5.85,4.5
2012-11-25,2.5,1.7
2012-11-26,5.550000000000001,2.4
2012-11-27,3.3499999999999996,1.9
2012-11-28,3.05,1.6
2012-11-29,3.5999999999999996,1.5
2012-11-30,5.55,2.7
2012-12-01,3.6,5.1
2012-12-02,8.05,6.5
2012-12-03,12.5,9.5
2012-12-04,12.5,10.8
2012-12-05,8.05,9.2
2012-12-06,1.35,1.0
2012-12-07,4.75,2.2
2012-12-08,8.35,6.8
2012-12-09,7.8,6.6
2012-12-10,10.85,11.6
2012-12-11,9.7,7.1
2012-12-12,4.15,2.9
2012-12-13,5.0,2.5
2012-12-14,5.85,1.8
2012-12-15,5.800000000000001,2.2
2012-12-16,6.95,5.9
2012-12-17,5.25,5.6
2012-12-18,9.149999999999999,8.7
2012-12-19,6.1000000000000005,5.0
2012-12-20,5.0,2.5
2012-12-21,7.75,7.3
2012-12-22,2.75,1.9
2012-12-23,3.65,1.7
2012-12-24,2.5,0.4
2012-12-25,2.5,2.4
2012-12-26,0.8499999999999999,-0.1
2012-12-27,1.4,2.7
2012-12-28,0.8499999999999999,-0.6
2012-12-29,0.0,-0.3
2012-12-30,-0.55,-2.2
2012-12-31,0.5499999999999998,-1.6
2013-01-01,0.5500000000000003,0.7
2013-01-02,-2.5,-4.7
2013-01-03,-2.2,-5.2
2013-01-04,0.8499999999999999,-1.5
2013-01-05,2.8,0.0
2013-01-06,4.45,0.2
2013-01-07,5.0,-0.0
2013-01-08,5.3,1.2
2013-01-09,6.65,3.5
2013-01-10,6.3500000000000005,3.5
2013-01-11,5.3,2.4
2013-01-12,6.95,6.7
2013-01-13,8.05,6.6
2013-01-14,8.3,9.7
2013-01-15,2.5,3.0
2013-01-16,1.4,1.0
2013-01-17,3.9,2.1
2013-01-18,-1.1,-3.1
2013-01-19,4.75,1.1
2013-01-20,5.3,5.0
2013-01-21,-1.65,-1.4
2013-01-22,-6.699999999999999,-5.6
2013-01-23,-9.2,-8.7
2013-01-24,-8.35,-7.8
2013-01-25,-7.5,-7.3
2013-01-26,-6.1,-6.2
2013-01-27,-3.05,-5.0
2013-01-28,0.2500000000000001,-1.5
2013-01-29,5.800000000000001,3.9
2013-01-30,9.45,9.6
2013-01-31,7.500000000000001,6.9
2013-02-01,-2.5,-1.9
2013-02-02,-4.45,-4.1
2013-02-03,-2.75,-3.3
2013-02-04,-3.05,-3.9
2013-02-05,-1.1,-2.4
2013-02-06,1.1,-0.8
2013-02-07,-1.65,-2.7
2013-02-08,-0.8499999999999999,0.4
2013-02-09,-3.05,-3.7
2013-02-10,-2.8,-8.2
2013-02-11,4.15,1.2
2013-02-12,4.45,1.5
2013-02-13,3.65,-0.4
2013-02-14,4.2,0.1
2013-02-15,7.800000000000001,1.1
2013-02-16,2.2,0.4
2013-02-17,-3.9,-4.2
2013-02-18,-3.3000000000000003,-6.3
2013-02-19,5.0,0.5
2013-02-20,-0.30000000000000004,-1.5
2013-02-21,-1.6500000000000001,-3.8
2013-02-22,-0.30000000000000004,-2.2
2013-02-23,3.9,2.5
2013-02-24,4.7,3.1
2013-02-25,3.6,2.1
2013-02-26,4.2,1.9
2013-02-27,5.25,5.6
2013-02-28,7.25,4.1
2013-03-01,4.7,3.2
2013-03-02,1.9000000000000001,1.4
2013-03-03,1.35,0.5
2013-03-04,1.4,-0.0
2013-03-05,4.4,2.2
2013-03-06,4.449999999999999,2.1
2013-03-07,1.95,1.8
2013-03-08,2.5,1.1
2013-03-09,7.25,2.5
2013-03-10,6.1,2.4
2013-03-11,8.3,5.5
2013-03-12,10.0,9.4
2013-03-13,7.199999999999999,4.7
2013-03-14,1.65,1.1
2013-03-15,3.6000000000000005,2.3
2013-03-16,2.5,1.4
2013-03-17,0.7999999999999999,0.8
2013-03-18,-0.2500000000000001,-0.8
2013-03-19,3.3499999999999996,2.5
2013-03-20,3.6,1.6
2013-03-21,1.6500000000000001,1.0
2013-03-22,1.4,0.7
2013-03-23,3.9,2.2
2013-03-24,4.45,2.6
2013-03-25,3.3000000000000003,1.9
2013-03-26,7.25,4.1
2013-03-27,6.949999999999999,4.8
2013-03-28,6.699999999999999,5.0
2013-03-29,8.600000000000001,6.1
2013-03-30,9.7,6.5
2013-03-31,9.45,6.4
2013-04-01,9.75,8.6
2013-04-02,3.3499999999999996,2.7
2013-04-03,4.2,2.8
2013-04-04,6.1499999999999995,3.7
2013-04-05,11.4,7.6
2013-04-06,6.3999999999999995,4.8
2013-04-07,8.600000000000001,7.3
2013-04-08,16.7,12.4
2013-04-09,19.2,17.4
2013-04-10,18.05,15.6
2013-04-11,11.95,12.5
2013-04-12,6.65,5.9
2013-04-13,9.7,8.5
2013-04-14,10.85,8.8
2013-04-15,10.85,7.9
2013-04-16,12.75,11.5
2013-04-17,17.25,14.7
2013-04-18,12.8,10.2
2013-04-19,17.25,16.8
2013-04-20,10.85,11.7
2013-04-21,7.800000000000001,6.8
2013-04-22,8.9,6.9
2013-04-23,8.35,6.7
2013-04-24,13.65,11.7
2013-04-25,13.35,12.3
2013-04-26,14.7,11.2
2013-04-27,15.3,12.0
2013-04-28,15.600000000000001,12.7
2013-04-29,12.5,11.6
2013-04-30,15.3,12.8
2013-05-01,14.450000000000001,11.7
2013-05-02,15.8,13.4
2013-05-03,14.149999999999999,12.3
2013-05-04,14.75,11.8
2013-05-05,12.8,10.0
2013-05-06,14.200000000000001,11.4
2013-05-07,17.2,14.1
2013-05-08,15.0,14.5
2013-05-09,16.1,14.5
2013-05-10,20.55,17.7
2013-05-11,18.6,17.7
2013-05-12,15.850000000000001,15.6
2013-05-13,10.8,9.8
2013-05-14,10.850000000000001,9.7
2013-05-15,15.850000000000001,14.0
2013-05-16,21.4,19.1
2013-05-17,18.3,16.9
2013-05-18,15.8,15.3
2013-05-19,13.9,14.0
2013-05-20,20.25,18.6
2013-05-21,25.0,22.7
2013-05-22,20.3,22.9
2013-05-23,22.25,20.9
2013-05-24,12.75,14.3
2013-05-25,9.7,8.8
2013-05-26,13.899999999999999,12.7
2013-05-27,16.7,14.9
2013-05-28,16.65,13.8
2013-05-29,21.1,20.2
2013-05-30,27.200000000000003,25.3
2013-05-31,28.05,25.2
2013-06-01,27.5,25.3
2013-06-02,25.85,25.2
2013-06-03,22.25,21.7
2013-06-04,18.9,18.2
2013-06-05,18.85,17.1
2013-06-06,18.05,16.7
2013-06-07,16.1,15.7
2013-06-08,19.45,18.7
2013-06-09,21.95,20.5
2013-06-10,18.9,18.4
2013-06-11,22.25,22.0
2013-06-12,21.35,19.8
2013-06-13,16.700000000000003,16.1
2013-06-14,16.95,16.4
2013-06-15,21.4,20.0
2013-06-16,22.5,21.0
2013-06-17,24.75,22.9
2013-06-18,23.35,21.0
2013-06-19,20.0,19.2
2013-06-20,21.7,19.6
2013-06-21,22.8,20.6
2013-06-22,23.6,21.3
2013-06-23,26.1,23.7
2013-06-24,28.299999999999997,26.4
2013-06-25,27.799999999999997,26.5
2013-06-26,26.35,26.2
2013-06-27,26.4,24.6
2013-06-28,26.1,24.6
2013-06-29,25.0,24.1
2013-06-30,26.4,23.5
2013-07-01,23.6,23.1
2013-07-02,25.0,24.0
2013-07-03,25.55,24.5
2013-07-04,27.25,26.4
2013-07-05,28.3,27.0
2013-07-06,29.45,27.9
2013-07-07,29.45,28.3
2013-07-08,27.25,26.6
2013-07-09,27.200000000000003,26.3
2013-07-10,26.65,25.7
2013-07-11,26.65,25.1
2013-07-12,22.5,22.5
2013-07-13,23.299999999999997,23.5
2013-07-14,27.75,26.4
2013-07-15,30.0,27.9
2013-07-16,29.7,27.8
2013-07-17,31.1,28.3
2013-07-18,31.950000000000003,29.8
2013-07-19,31.950000000000003,29.8
2013-07-20,30.549999999999997,28.3
2013-07-21,28.049999999999997,25.5
2013-07-22,26.95,24.9
2013-07-23,26.700000000000003,25.6
2013-07-24,24.15,24.4
2013-07-25,18.9,19.0
2013-07-26,23.3,21.9
2013-07-27,24.450000000000003,22.4
2013-07-28,23.35,22.0
2013-07-29,25.0,23.1
2013-07-30,23.85,21.7
2013-07-31,23.85,21.8
2013-08-01,21.65,20.7
2013-08-02,23.85,22.9
2013-08-03,22.8,20.8
2013-08-04,22.799999999999997,21.1
2013-08-05,21.15,19.9
2013-08-06,22.8,21.1
2013-08-07,23.9,20.8
2013-08-08,24.15,23.1
2013-08-09,26.35,23.7
2013-08-10,24.700000000000003,23.4
2013-08-11,22.75,21.4
2013-08-12,24.450000000000003,22.6
2013-08-13,22.5,22.2
2013-08-14,19.700000000000003,19.6
2013-08-15,20.3,19.0
2013-08-16,22.8,20.3
2013-08-17,23.35,20.7
2013-08-18,22.2,20.5
2013-08-19,22.5,21.4
2013-08-20,25.55,23.6
2013-08-21,27.200000000000003,24.5
2013-08-22,23.65,24.2
2013-08-23,24.75,23.4
2013-08-24,22.5,20.8
2013-08-25,23.05,21.2
2013-08-26,24.45,22.2
2013-08-27,26.15,24.3
2013-08-28,25.85,23.8
2013-08-29,24.2,22.3
2013-08-30,25.25,23.3
2013-08-31,26.4,24.7
2013-09-01,26.4,24.3
2013-09-02,25.55,23.8
2013-09-03,23.9,23.4
2013-09-04,23.05,21.6
2013-09-05,22.25,20.4
2013-09-06,18.05,16.7
2013-09-07,20.85,18.7
2013-09-08,23.05,20.8
2013-09-09,18.35,17.2
2013-09-10,25.3,23.3
2013-09-11,30.3,27.1
2013-09-12,25.85,25.5
2013-09-13,20.0,20.7
2013-09-14,15.799999999999999,16.0
2013-09-15,16.7,16.1
2013-09-16,18.05,17.0
2013-09-17,14.15,13.5
2013-09-18,16.4,15.0
2013-09-19,19.200000000000003,16.6
2013-09-20,20.85,17.5
2013-09-21,20.55,18.5
2013-09-22,16.4,17.6
2013-09-23,14.45,13.5
2013-09-24,15.55,14.1
2013-09-25,16.95,15.5
2013-09-26,18.05,15.7
2013-09-27,17.25,15.1
2013-09-28,18.05,16.8
2013-09-29,18.05,15.8
2013-09-30,18.6,15.6
2013-10-01,21.4,18.3
2013-10-02,23.05,20.1
2013-10-03,21.4,19.6
2013-10-04,24.45,21.4
2013-10-05,21.1,20.3
2013-10-06,19.700000000000003,19.7
2013-10-07,20.0,19.2
2013-10-08,15.799999999999999,15.1
2013-10-09,14.2,14.0
2013-10-10,15.25,13.1
2013-10-11,17.8,16.0
2013-10-12,18.9,16.4
2013-10-13,15.8,14.5
2013-10-14,15.0,13.6
2013-10-15,16.95,14.1
2013-10-16,16.35,15.1
2013-10-17,19.450000000000003,17.2
2013-10-18,16.4,15.6
2013-10-19,14.45,12.9
2013-10-20,13.6,12.2
2013-10-21,14.45,11.8
2013-10-22,15.0,12.7
2013-10-23,10.0,9.1
2013-10-24,8.6,7.6
2013-10-25,8.05,7.0
2013-10-26,8.9,7.1
2013-10-27,11.1,9.6
2013-10-28,11.100000000000001,8.7
2013-10-29,10.0,8.4
2013-10-30,11.95,11.3
2013-10-31,15.299999999999999,14.1
2013-11-01,18.05,17.3
2013-11-02,16.4,13.7
2013-11-03,7.800000000000001,8.0
2013-11-04,4.75,3.8
2013-11-05,8.9,7.4
2013-11-06,12.75,10.1
2013-11-07,12.25,11.3
2013-11-08,7.2,6.1
2013-11-09,6.65,5.1
2013-11-10,11.4,7.9
2013-11-11,8.899999999999999,7.2
2013-11-12,5.3,4.0
2013-11-13,1.15,0.2
2013-11-14,5.85,3.5
2013-11-15,10.3,5.5
2013-11-16,11.4,7.5
2013-11-17,13.1,11.6
2013-11-18,14.45,14.1
2013-11-19,6.4,5.9
2013-11-20,3.35,1.8
2013-11-21,6.3999999999999995,3.5
2013-11-22,12.25,8.9
2013-11-23,5.85,5.7
2013-11-24,-2.95,-2.9
2013-11-25,-1.6,-2.6
2013-11-26,4.45,1.2
2013-11-27,9.2,7.5
2013-11-28,0.35,-0.6
2013-11-29,1.15,-0.8
2013-11-30,0.050000000000000044,-1.4
2013-12-01,5.800000000000001,3.0
2013-12-02,7.2,3.4
2013-12-03,7.5,3.9
2013-12-04,8.05,4.8
2013-12-05,12.25,10.2
2013-12-06,9.75,8.7
2013-12-07,2.5,2.1
2013-12-08,-0.5,-1.3
2013-12-09,1.7,2.2
2013-12-10,0.8999999999999999,-0.7
2013-12-11,-1.05,-3.6
2013-12-12,-2.95,-6.4
2013-12-13,-1.6,-4.9
2013-12-14,-2.2,-3.6
2013-12-15,1.7000000000000002,1.3
2013-12-16,-1.5999999999999999,-5.2
2013-12-17,-2.15,-3.3
2013-12-18,-1.0500000000000003,-4.7
2013-12-19,3.6500000000000004,-2.2
2013-12-20,8.35,2.6
2013-12-21,14.45,8.8
2013-12-22,18.9,16.3
2013-12-23,11.7,12.0
2013-12-24,1.1999999999999997,2.2
2013-12-25,-3.8,-3.6
2013-12-26,0.6000000000000001,-1.3
2013-12-27,1.9500000000000002,-1.0
2013-12-28,7.5,1.9
2013-12-29,6.95,2.9
2013-12-30,1.15,0.9
2013-12-31,-3.0,-3.1
2014-01-01,-1.8499999999999999,-2.6
2014-01-02,-3.5500000000000003,-3.1
2014-01-03,-10.2,-12.3
2014-01-04,-7.3999999999999995,-13.1
2014-01-05,0.8500000000000001,-4.2
2014-01-06,2.8500000000000005,5.7
2014-01-07,-11.3,-12.8
2014-01-08,-9.1,-9.4
2014-01-09,-2.75,-4.8
2014-01-10,0.8999999999999999,-1.0
2014-01-11,8.6,8.8
2014-01-12,7.75,4.3
2014-01-13,6.699999999999999,3.0
2014-01-14,8.9,5.8
2014-01-15,6.1000000000000005,3.4
2014-01-16,3.9,2.5
2014-01-17,3.65,0.5
2014-01-18,1.7,1.1
2014-01-19,-0.5,-1.5
2014-01-20,3.65,1.9
2014-01-21,-6.05,-5.6
2014-01-22,-11.55,-13.3
2014-01-23,-10.2,-15.1
2014-01-24,-9.35,-14.4
2014-01-25,-4.6,-7.6
2014-01-26,-3.55,-9.0
2014-01-27,0.3500000000000001,-1.3
2014-01-28,-8.5,-9.8
2014-01-29,-7.4,-9.0
2014-01-30,-4.9,-8.7
2014-01-31,0.050000000000000044,-3.3
2014-02-01,4.7,0.7
2014-02-02,8.6,2.9
2014-02-03,1.6999999999999997,0.2
2014-02-04,-1.9,-5.2
2014-02-05,-0.25,-1.3
2014-02-06,-3.0,-5.7
2014-02-07,-2.15,-8.1
2014-02-08,-3.8,-8.9
2014-02-09,-3.25,-8.3
2014-02-10,-3.8,-7.1
2014-02-11,-6.0,-12.6
2014-02-12,-7.15,-12.5
2014-02-13,-1.0499999999999998,-1.3
2014-02-14,1.9500000000000002,0.4
2014-02-15,0.04999999999999982,-2.0
2014-02-16,-3.5,-5.8
2014-02-17,-3.85,-7.3
2014-02-18,0.34999999999999987,-2.0
2014-02-19,4.15,-0.1
2014-02-20,6.699999999999999,1.6
2014-02-21,5.800000000000001,4.4
2014-02-22,8.3,1.5
2014-02-23,9.149999999999999,2.5
2014-02-24,2.0,-0.7
2014-02-25,-1.8499999999999999,-5.1
2014-02-26,-3.55,-4.8
2014-02-27,-4.4,-5.6
2014-02-28,-8.5,-10.1
2014-03-01,-1.9,-3.9
2014-03-02,2.2,-1.0
2014-03-03,-4.1,-6.6
2014-03-04,-6.05,-9.3
2014-03-05,0.34999999999999987,-2.3
2014-03-06,-4.65,-6.1
2014-03-07,-0.20000000000000018,-1.9
2014-03-08,7.8,2.8
2014-03-09,4.45,1.1
2014-03-10,6.4,1.7
2014-03-11,13.049999999999999,7.0
2014-03-12,6.65,7.8
2014-03-13,-3.85,-4.7
2014-03-14,1.15,-0.5
2014-03-15,10.0,7.2
2014-03-16,2.3,0.0
2014-03-17,-1.6,-2.0
2014-03-18,1.9999999999999998,-0.8
2014-03-19,3.9,1.2
2014-03-20,8.3,6.2
2014-03-21,7.25,3.7
2014-03-22,11.1,6.5
2014-03-23,1.4499999999999997,1.5
2014-03-24,-2.15,-2.5
2014-03-25,0.34999999999999987,-1.2
2014-03-26,-1.0499999999999998,-0.7
2014-03-27,0.6000000000000001,-0.5
2014-03-28,9.75,7.4
2014-03-29,10.55,6.3
2014-03-30,6.65,6.1
2014-03-31,7.75,5.3
2014-04-01,9.75,5.8
2014-04-02,8.899999999999999,6.4
2014-04-03,13.6,8.5
2014-04-04,6.3500000000000005,4.9
2014-04-05,8.3,7.1
2014-04-06,9.15,6.0
2014-04-07,8.899999999999999,6.1
2014-04-08,12.8,11.5
2014-04-09,11.65,8.6
2014-04-10,10.0,8.5
2014-04-11,18.6,14.0
2014-04-12,16.4,13.1
2014-04-13,18.6,15.1
2014-04-14,19.45,17.0
2014-04-15,8.9,12.8
2014-04-16,4.45,3.8
2014-04-17,5.550000000000001,4.0
2014-04-18,5.55,4.6
2014-04-19,12.5,9.7
2014-04-20,11.4,8.2
2014-04-21,12.2,9.3
2014-04-22,16.15,12.7
2014-04-23,11.4,10.3
2014-04-24,11.149999999999999,8.8
2014-04-25,11.95,8.9
2014-04-26,13.6,10.6
2014-04-27,11.65,9.0
2014-04-28,13.299999999999999,10.2
2014-04-29,8.6,7.3
2014-04-30,8.05,7.2
2014-05-01,18.1,16.8
2014-05-02,17.200000000000003,14.4
2014-05-03,16.95,13.1
2014-05-04,15.25,12.6
2014-05-05,15.55,12.5
2014-05-06,16.4,12.4
2014-05-07,15.3,12.5
2014-05-08,13.35,11.8
2014-05-09,15.0,13.8
2014-05-10,21.1,18.6
2014-05-11,21.7,19.0
2014-05-12,23.6,20.1
2014-05-13,17.25,15.9
2014-05-14,16.4,13.5
2014-05-15,18.05,17.1
2014-05-16,17.2,17.3
2014-05-17,16.4,15.0
2014-05-18,15.0,13.3
2014-05-19,15.8,14.0
2014-05-20,18.65,16.7
2014-05-21,20.25,17.2
2014-05-22,17.2,15.9
2014-05-23,17.5,15.8
2014-05-24,17.5,15.6
2014-05-25,19.75,17.8
2014-05-26,24.45,20.8
2014-05-27,23.9,22.8
2014-05-28,15.0,14.9
2014-05-29,14.75,13.0
2014-05-30,18.35,16.3
2014-05-31,18.35,16.4
2014-06-01,18.9,16.9
2014-06-02,20.85,19.1
2014-06-03,24.450000000000003,21.9
2014-06-04,22.5,21.1
2014-06-05,20.25,18.6
2014-06-06,20.25,18.5
2014-06-07,21.7,19.7
2014-06-08,24.45,21.3
2014-06-09,20.0,18.8
2014-06-10,21.65,20.5
2014-06-11,18.6,18.4
2014-06-12,19.2,18.7
2014-06-13,22.200000000000003,20.6
2014-06-14,19.45,19.6
2014-06-15,20.85,19.2
2014-06-16,22.2,20.6
2014-06-17,26.7,24.3
2014-06-18,28.049999999999997,26.3
2014-06-19,22.5,21.1
2014-06-20,21.950000000000003,20.7
2014-06-21,21.15,19.6
2014-06-22,21.950000000000003,20.4
2014-06-23,22.75,21.1
2014-06-24,23.6,21.6
2014-06-25,25.25,23.6
2014-06-26,25.25,24.5
2014-06-27,23.85,22.3
2014-06-28,24.75,22.4
2014-06-29,24.15,22.0
2014-06-30,24.75,23.5
2014-07-01,26.95,26.0
2014-07-02,27.5,27.1
2014-07-03,25.6,25.6
2014-07-04,20.8,20.7
2014-07-05,22.2,21.3
2014-07-06,23.9,22.6
2014-07-07,27.200000000000003,25.7
2014-07-08,27.25,27.6
2014-07-09,26.4,26.0
2014-07-10,25.25,23.9
2014-07-11,25.85,24.0
2014-07-12,25.549999999999997,23.7
2014-07-13,25.25,24.8
2014-07-14,25.549999999999997,24.7
2014-07-15,26.1,24.9
2014-07-16,23.6,23.4
2014-07-17,23.299999999999997,22.0
2014-07-18,22.5,21.6
2014-07-19,22.2,21.2
2014-07-20,22.799999999999997,20.5
2014-07-21,24.4,22.5
2014-07-22,25.85,24.3
2014-07-23,26.65,25.8
2014-07-24,23.9,23.5
2014-07-25,23.35,22.5
2014-07-26,23.9,22.5
2014-07-27,25.549999999999997,24.3
2014-07-28,23.9,23.9
2014-07-29,21.1,20.7
2014-07-30,21.95,21.4
2014-07-31,23.9,22.3
2014-08-01,25.299999999999997,22.9
2014-08-02,20.25,20.8
2014-08-03,21.65,20.5
2014-08-04,25.0,22.9
2014-08-05,26.950000000000003,24.4
2014-08-06,24.700000000000003,23.7
2014-08-07,23.6,22.3
2014-08-08,23.3,21.8
2014-08-09,24.75,23.2
2014-08-10,25.55,24.4
2014-08-11,26.15,23.9
2014-08-12,23.6,21.8
2014-08-13,23.9,22.9
2014-08-14,21.1,20.5
2014-08-15,19.450000000000003,18.8
2014-08-16,21.4,20.3
2014-08-17,23.35,21.7
2014-08-18,22.2,20.6
2014-08-19,22.75,21.3
2014-08-20,25.0,22.3
2014-08-21,23.3,22.4
2014-08-22,22.200000000000003,21.2
2014-08-23,22.2,20.2
2014-08-24,22.25,20.8
2014-08-25,24.450000000000003,22.9
2014-08-26,26.4,24.2
2014-08-27,26.650000000000002,25.0
2014-08-28,23.35,23.1
2014-08-29,21.4,20.3
2014-08-30,22.5,21.3
2014-08-31,27.5,25.0
2014-09-01,27.5,25.4
2014-09-02,29.15,27.1
2014-09-03,26.1,25.1
2014-09-04,25.6,23.9
2014-09-05,26.4,24.2
2014-09-06,26.099999999999998,26.5
2014-09-07,22.75,22.0
2014-09-08,21.1,20.1
2014-09-09,20.0,19.6
2014-09-10,21.95,20.1
2014-09-11,24.450000000000003,22.9
2014-09-12,21.15,19.9
2014-09-13,17.5,17.1
2014-09-14,16.7,15.5
2014-09-15,17.25,16.1
2014-09-16,17.75,16.5
2014-09-17,17.8,16.8
2014-09-18,19.15,17.5
2014-09-19,15.549999999999999,15.2
2014-09-20,18.9,18.2
2014-09-21,21.65,20.7
2014-09-22,17.25,18.0
2014-09-23,16.4,15.1
2014-09-24,18.05,16.7
2014-09-25,15.850000000000001,15.7
2014-09-26,19.7,18.0
2014-09-27,21.95,19.7
2014-09-28,23.35,21.0
2014-09-29,22.75,20.6
2014-09-30,19.2,18.5
2014-10-01,17.200000000000003,15.9
2014-10-02,18.6,16.2
2014-10-03,17.5,15.7
2014-10-04,15.850000000000001,16.6
2014-10-05,11.950000000000001,11.6
2014-10-06,15.3,14.1
2014-10-07,19.45,18.2
2014-10-08,19.75,17.8
2014-10-09,16.4,15.3
2014-10-10,14.45,13.4
2014-10-11,12.8,11.9
2014-10-12,13.05,11.3
2014-10-13,14.7,13.9
2014-10-14,20.799999999999997,19.3
2014-10-15,22.8,20.9
2014-10-16,18.9,18.9
2014-10-17,18.35,16.4
2014-10-18,17.200000000000003,15.9
2014-10-19,10.0,10.1
2014-10-20,10.6,9.1
2014-10-21,16.1,13.4
2014-10-22,12.2,11.2
2014-10-23,10.85,10.0
2014-10-24,13.899999999999999,11.9
2014-10-25,14.7,12.7
2014-10-26,14.45,12.3
2014-10-27,13.05,11.2
2014-10-28,16.95,13.6
2014-10-29,16.4,14.8
2014-10-30,11.65,10.0
2014-10-31,10.0,9.1
2014-11-01,6.95,7.0
2014-11-02,6.95,5.4
2014-11-03,10.0,7.8
2014-11-04,15.85,11.0
2014-11-05,15.55,12.2
2014-11-06,11.4,9.0
2014-11-07,8.05,7.5
2014-11-08,5.550000000000001,4.5
2014-11-09,10.85,8.0
2014-11-10,11.4,8.2
2014-11-11,13.600000000000001,11.8
2014-11-12,13.3,12.8
2014-11-13,5.550000000000001,5.3
2014-11-14,3.65,2.8
2014-11-15,3.0999999999999996,1.3
2014-11-16,4.45,2.2
2014-11-17,7.75,5.8
2014-11-18,1.4500000000000002,0.2
2014-11-19,-1.65,-3.0
2014-11-20,3.35,1.6
2014-11-21,0.34999999999999987,-1.0
2014-11-22,2.3,-0.2
2014-11-23,10.0,5.6
2014-11-24,16.15,14.6
2014-11-25,15.3,11.5
2014-11-26,5.85,3.4
2014-11-27,2.2,1.1
2014-11-28,0.5999999999999999,-2.6
2014-11-29,2.25,-1.5
2014-11-30,10.0,5.3
2014-12-01,11.95,10.3
2014-12-02,3.9,3.3
2014-12-03,6.4,6.1
2014-12-04,5.0,2.1
2014-12-05,3.9000000000000004,2.9
2014-12-06,6.95,6.0
2014-12-07,2.3,1.4
2014-12-08,-0.75,-1.7
2014-12-09,3.9,3.1
2014-12-10,2.2,2.0
2014-12-11,1.4,-0.3
2014-12-12,1.65,-1.0
2014-12-13,3.9000000000000004,0.7
2014-12-14,5.55,2.4
2014-12-15,5.85,2.6
2014-12-16,6.35,4.1
2014-12-17,8.899999999999999,6.6
2014-12-18,4.199999999999999,2.6
2014-12-19,1.4,0.6
2014-12-20,-0.2,-1.3
2014-12-21,0.8500000000000001,0.2
2014-12-22,4.2,3.3
2014-12-23,6.949999999999999,6.6
2014-12-24,10.55,9.0
2014-12-25,11.7,10.0
2014-12-26,7.2,4.1
2014-12-27,9.75,4.7
2014-12-28,9.149999999999999,6.9
2014-12-29,3.9000000000000004,2.6
2014-12-30,-0.5,-1.7
2014-12-31,-1.35,-2.8
